<?xml version="1.0" encoding="UTF-8" standalone="yes"?>
<PcGts xmlns="http://schema.primaresearch.org/PAGE/gts/pagecontent/2013-07-15" xmlns:xsi="http://www.w3.org/2001/XMLSchema-instance" xsi:schemaLocation="http://schema.primaresearch.org/PAGE/gts/pagecontent/2013-07-15 http://schema.primaresearch.org/PAGE/gts/pagecontent/2013-07-15/pagecontent.xsd">
    <Metadata>
        <Creator>prov=READ-COOP:name=PyLaia@TranskribusPlatform:version=2.20.0:model_id=58856:lm=none:date=05_12_2024_21:46</Creator>
        <Created>2024-11-22T17:31:47.494+01:00</Created>
        <LastChange>2024-12-10T14:55:13.996+01:00</LastChange>
        <TranskribusMetadata docId="5363448" pageId="84612233" pageNr="24" tsid="211428651" status="GT" userId="100969" imgUrl="https://files.transkribus.eu/Get?id=GZWBPHECXCMQHRRAHXSWTBCH&amp;fileType=view" xmlUrl="https://files.transkribus.eu/Get?id=BSOUWHFGVHBMJSEDWXONYXQB" imageId="69884186"/>
    </Metadata>
    <Page imageFilename="DTL_547662-0025.jpeg" imageWidth="2530" imageHeight="3955">
        <ReadingOrder>
            <OrderedGroup id="ro_1734605778757" caption="Regions reading order">
                <RegionRefIndexed index="0" regionRef="tr_1"/>
                <RegionRefIndexed index="1" regionRef="r"/>
            </OrderedGroup>
        </ReadingOrder>
        <TextRegion orientation="0.0" id="tr_1" custom="readingOrder {index:0;}">
            <Coords points="195,369 202,3249 1113,3249 1066,358"/>
            <TextLine id="tr_1_tl_1" custom="readingOrder {index:0;}">
                <Coords points="938,289 1275,257 1276,188 1212,192 1156,173 1124,192 1095,179 1050,201 941,173"/>
                <Baseline points="946,241 971,244 996,244 1022,244 1047,244 1073,243 1098,241 1124,241 1149,241 1175,241 1200,240 1226,238 1251,237 1277,235"/>
                <TextEquiv>
                    <Unicode>Moyżieſſowy</Unicode>
                </TextEquiv>
            </TextLine>
            <TextLine id="tr_1_tl_3" custom="readingOrder {index:1;}">
                <Coords points="194,459 868,430 1053,460 1055,381 953,360 555,391 522,363 414,381 269,352 197,386"/>
                <Baseline points="202,441 244,441 287,436 330,435 372,433 415,430 458,429 500,427 543,426 586,424 629,423 671,423 714,423 757,423 799,422 842,421 885,423 927,423 970,423 1013,420 1056,426"/>
                <TextEquiv>
                    <Unicode>hložij budeṫ tobie ploditi · a budeſs gie¬</Unicode>
                </TextEquiv>
            </TextLine>
            <TextLine id="tr_1_tl_5" custom="readingOrder {index:2;}">
                <Coords points="194,533 1043,501 1044,459 961,441 197,459"/>
                <Baseline points="202,504 244,504 286,501 328,498 371,495 413,492 455,490 497,489 540,489 582,489 624,487 666,486 709,486 751,486 793,486 835,486 878,486 920,486 962,486 1004,483 1047,480"/>
                <TextEquiv>
                    <Unicode>ſti byliny zemie · w potu twarzi twe ·</Unicode>
                </TextEquiv>
            </TextLine>
            <TextLine id="tr_1_tl_7" custom="readingOrder {index:3;}">
                <Coords points="205,588 1037,568 1048,515 770,496 207,530"/>
                <Baseline points="211,570 255,564 299,564 343,563 387,557 431,555 475,555 520,552 564,552 608,549 652,551 696,546 740,546 785,546 829,546 873,546 917,546 961,546 1005,546 1050,540"/>
                <TextEquiv>
                    <Unicode>krmiti ſe budeſs chlebem ſwym doka¬</Unicode>
                </TextEquiv>
            </TextLine>
            <TextLine id="tr_1_tl_9" custom="readingOrder {index:4;}">
                <Coords points="205,652 476,622 1000,643 1050,626 1052,575 909,555 207,593"/>
                <Baseline points="211,626 253,626 295,623 337,620 379,620 421,617 463,617 505,615 547,614 589,612 632,611 674,611 716,610 758,608 800,609 842,610 884,609 926,611 968,611 1010,611 1053,611"/>
                <TextEquiv>
                    <Unicode>wadż ſe nenawratiſs do zemie z ktereżto</Unicode>
                </TextEquiv>
            </TextLine>
            <TextLine id="tr_1_tl_11" custom="readingOrder {index:5;}">
                <Coords points="202,709 347,713 416,681 688,703 803,671 1049,700 1039,622 203,649"/>
                <Baseline points="208,689 250,689 292,688 334,685 377,682 419,681 461,682 503,679 546,677 588,677 630,674 672,674 715,674 757,674 799,671 841,671 884,671 926,671 968,671 1010,674 1053,671"/>
                <TextEquiv>
                    <Unicode>wzat gſy · nebo prach gſy · a w prach</Unicode>
                </TextEquiv>
            </TextLine>
            <TextLine id="tr_1_tl_13" custom="readingOrder {index:6;}">
                <Coords points="196,791 499,749 1053,765 1055,703 817,677 197,709"/>
                <Baseline points="202,752 244,752 287,750 330,747 372,744 415,741 458,738 500,737 543,737 586,737 629,736 671,734 714,735 757,736 799,734 842,734 885,734 927,734 970,734 1013,734 1056,737"/>
                <TextEquiv>
                    <Unicode>ſe obratiſs · y nazwal geſt Adam gme¬</Unicode>
                </TextEquiv>
            </TextLine>
            <TextLine id="tr_1_tl_15" custom="readingOrder {index:7;} abbrev {offset:20; length:4;expansion:toho;} textStyle {offset:22; length:1;superscript:true;}">
                <Coords points="202,838 611,803 1047,821 1048,766 920,747 710,783 499,750 203,786"/>
                <Baseline points="208,817 250,811 292,811 334,808 376,802 418,805 460,803 502,800 544,799 586,797 629,798 671,799 713,799 755,799 797,798 839,796 881,796 923,796 965,796 1007,796 1050,791"/>
                <TextEquiv>
                    <Unicode>no żeny ſwe Ewa · z too że by byla ma¬</Unicode>
                </TextEquiv>
            </TextLine>
            <TextLine id="tr_1_tl_17" custom="readingOrder {index:8;} abbrev {offset:28; length:3;expansion:gest;}">
                <Coords points="198,904 1042,881 1052,824 610,803 199,841"/>
                <Baseline points="205,877 247,874 289,871 332,871 374,871 417,869 459,866 501,863 544,862 586,862 629,862 671,862 713,862 756,861 798,859 841,859 883,859 925,859 968,859 1010,859 1053,859"/>
                <TextEquiv>
                    <Unicode>tie wſſech żiwych · Vdielal ḡt take pan</Unicode>
                </TextEquiv>
            </TextLine>
            <TextLine id="tr_1_tl_19" custom="readingOrder {index:9;}">
                <Coords points="204,946 1059,934 1060,883 931,868 205,897"/>
                <Baseline points="211,937 253,937 296,934 338,934 381,932 423,929 466,928 508,926 551,925 593,925 636,925 679,925 721,924 764,922 806,922 849,921 891,920 934,922 976,919 1019,922 1062,919"/>
                <TextEquiv>
                    <Unicode>buoh Adamowi a żenie geho · ſuknie</Unicode>
                </TextEquiv>
            </TextLine>
            <TextLine id="tr_1_tl_21" custom="readingOrder {index:10;}">
                <Coords points="202,1016 1053,1002 1054,936 988,931 832,958 565,932 203,950"/>
                <Baseline points="208,999 250,999 292,996 335,993 377,993 420,991 462,990 504,989 547,988 589,988 632,988 674,987 716,986 759,987 801,985 844,985 886,985 928,985 971,985 1013,985 1056,988"/>
                <TextEquiv>
                    <Unicode>kožene · a zuoblačil geſt ge · y wecze A y</Unicode>
                </TextEquiv>
            </TextLine>
            <TextLine id="tr_1_tl_23" custom="readingOrder {index:11;} abbrev {offset:33; length:2;expansion:gest;}">
                <Coords points="211,1081 1022,1070 1052,1004 212,1013"/>
                <Baseline points="217,1056 258,1059 300,1058 342,1056 384,1053 426,1050 467,1050 509,1050 551,1050 593,1050 635,1050 676,1048 718,1049 760,1049 802,1047 844,1047 885,1047 927,1047 969,1047 1011,1047 1053,1044"/>
                <TextEquiv>
                    <Unicode>Adam · yako geden z nas vcżinien ḡt</Unicode>
                </TextEquiv>
            </TextLine>
            <TextLine id="tr_1_tl_25" custom="readingOrder {index:12;}">
                <Coords points="202,1147 1058,1131 1059,1073 944,1059 203,1095"/>
                <Baseline points="208,1125 250,1122 293,1120 336,1117 378,1118 421,1117 464,1114 506,1113 549,1113 592,1112 635,1111 677,1113 720,1112 763,1110 805,1110 848,1110 891,1110 933,1110 976,1107 1019,1107 1062,1107"/>
                <TextEquiv>
                    <Unicode>znage dobre y zlee · protoż nynie wizte</Unicode>
                </TextEquiv>
            </TextLine>
            <TextLine id="tr_1_tl_27" custom="readingOrder {index:13;}">
                <Coords points="198,1197 1059,1197 1060,1131 995,1125 199,1158"/>
                <Baseline points="205,1185 247,1183 290,1180 333,1179 376,1179 419,1179 462,1177 504,1176 547,1176 590,1176 633,1175 676,1172 719,1171 762,1172 804,1171 847,1172 890,1170 933,1170 976,1170 1019,1170 1062,1170"/>
                <TextEquiv>
                    <Unicode>aby ſnad neztahl ruky ſwe · a newzal ta¬</Unicode>
                </TextEquiv>
            </TextLine>
            <TextLine id="tr_1_tl_29" custom="readingOrder {index:14;}">
                <Coords points="202,1258 1038,1258 1065,1194 203,1208"/>
                <Baseline points="208,1247 250,1245 293,1244 336,1242 379,1241 422,1239 465,1238 507,1238 550,1237 593,1234 636,1232 679,1233 722,1235 765,1234 807,1231 850,1230 893,1232 936,1232 979,1235 1022,1235 1065,1235"/>
                <TextEquiv>
                    <Unicode>ke z dṙewa żiwota · y gedl by · A byl by</Unicode>
                </TextEquiv>
            </TextLine>
            <TextLine id="tr_1_tl_31" custom="readingOrder {index:15;}">
                <Coords points="202,1335 560,1305 603,1329 1064,1324 1054,1249 203,1266"/>
                <Baseline points="208,1307 250,1305 293,1304 336,1304 379,1302 422,1301 465,1301 507,1299 550,1298 593,1298 636,1298 679,1298 722,1298 765,1298 807,1297 850,1295 893,1295 936,1295 979,1295 1022,1295 1065,1295"/>
                <TextEquiv>
                    <Unicode>žiw nawieky : Wypuſtil ho pan buoh</Unicode>
                </TextEquiv>
            </TextLine>
            <TextLine id="tr_1_tl_33" custom="readingOrder {index:16;}">
                <Coords points="208,1401 708,1368 856,1391 888,1365 1050,1389 1060,1324 603,1331 561,1304 209,1336"/>
                <Baseline points="214,1373 256,1370 298,1370 341,1367 383,1365 426,1364 468,1366 510,1365 553,1362 595,1361 638,1361 680,1361 722,1361 765,1361 807,1360 850,1358 892,1358 934,1358 977,1358 1019,1358 1062,1355"/>
                <TextEquiv>
                    <Unicode>z Rage rozkoſſij · aby dielal zemi · z kte¬</Unicode>
                </TextEquiv>
            </TextLine>
            <TextLine id="tr_1_tl_35" custom="readingOrder {index:17;}">
                <Coords points="202,1443 1066,1445 1067,1381 202,1398"/>
                <Baseline points="208,1432 251,1432 294,1430 337,1427 380,1426 423,1424 466,1423 509,1421 552,1421 595,1423 638,1423 681,1423 724,1423 767,1422 810,1420 853,1420 896,1420 939,1420 982,1417 1025,1417 1068,1420"/>
                <TextEquiv>
                    <Unicode>reżto wzat geſt · y wyhnal ge Adama</Unicode>
                </TextEquiv>
            </TextLine>
            <TextLine id="tr_1_tl_37" custom="readingOrder {index:18;}">
                <Coords points="216,1513 1075,1496 1076,1445 1031,1434 218,1445"/>
                <Baseline points="223,1492 265,1492 308,1490 351,1489 393,1489 436,1489 479,1487 521,1486 564,1486 607,1486 650,1485 692,1483 735,1484 778,1486 820,1485 863,1483 906,1482 948,1480 991,1483 1034,1483 1077,1480"/>
                <TextEquiv>
                    <Unicode>A poſtawil pṙed Rage rozkoſſij · Che¬</Unicode>
                </TextEquiv>
            </TextLine>
            <TextLine id="tr_1_tl_39" custom="readingOrder {index:19;}">
                <Coords points="204,1572 1067,1564 1067,1502 964,1490 790,1523 603,1498 205,1515"/>
                <Baseline points="211,1552 253,1553 296,1552 339,1550 382,1549 425,1549 468,1549 510,1549 553,1548 596,1547 639,1548 682,1547 725,1548 768,1546 810,1545 853,1543 896,1543 939,1543 982,1543 1025,1543 1068,1540"/>
                <TextEquiv>
                    <Unicode>rubina · a mecż plamenny a plapolagi¬</Unicode>
                </TextEquiv>
            </TextLine>
            <TextLine id="tr_1_tl_41" custom="readingOrder {index:20;}">
                <Coords points="207,1650 274,1623 360,1648 1071,1626 1071,1572 964,1561 208,1582"/>
                <Baseline points="214,1617 257,1612 300,1613 343,1614 386,1614 429,1612 472,1611 515,1611 558,1611 601,1611 644,1611 687,1611 730,1610 773,1608 816,1608 859,1608 902,1608 945,1605 988,1605 1031,1605 1074,1602"/>
                <TextEquiv>
                    <Unicode>czy · aby byla oſtrziehana czeſta drzewa</Unicode>
                </TextEquiv>
            </TextLine>
            <TextLine id="l" custom="readingOrder {index:21;}">
                <Coords points="206,1688 352,1681 352,1685 382,1685 382,1650 205,1658"/>
                <Baseline points="206,1688 352,1681 352,1685"/>
                <TextEquiv>
                    <Unicode>žiwota</Unicode>
                </TextEquiv>
            </TextLine>
            <TextLine id="tr_1_tl_43" custom="readingOrder {index:22;}">
                <Coords points="668,1679 745,1685 763,1701 859,1680 882,1694 1022,1691 1062,1685 1064,1635 1000,1620 898,1637 866,1622 836,1639 806,1625 781,1638 720,1618 669,1638"/>
                <Baseline points="674,1671 700,1673 726,1673 752,1671 778,1671 804,1671 830,1671 856,1671 882,1671 908,1671 934,1671 960,1671 986,1671 1012,1671 1038,1667 1065,1662"/>
                <TextEquiv>
                    <Unicode>Capitola · IIII ·</Unicode>
                </TextEquiv>
            </TextLine>
            <TextLine id="tr_1_tl_46" custom="readingOrder {index:23;}">
                <Coords points="360,1754 1102,1754 1102,1702 978,1683 714,1684 679,1711 361,1698"/>
                <Baseline points="367,1740 403,1737 440,1737 477,1737 514,1737 551,1735 588,1735 624,1737 661,1737 698,1737 735,1735 772,1734 809,1734 846,1734 882,1734 919,1734 956,1734 993,1732 1030,1731 1067,1731 1104,1731"/>
                <TextEquiv>
                    <Unicode>Adam pak poznal żenu ſwu Ewu</Unicode>
                </TextEquiv>
            </TextLine>
            <TextLine id="tr_1_tl_48" custom="readingOrder {index:24;}">
                <Coords points="351,1834 669,1806 749,1833 800,1809 1059,1823 1059,1753 479,1768 352,1748"/>
                <Baseline points="358,1799 393,1799 428,1799 463,1799 498,1799 534,1799 569,1799 604,1799 639,1799 674,1798 710,1796 745,1796 780,1796 815,1796 850,1796 886,1796 921,1796 956,1796 991,1795 1026,1792 1062,1790"/>
                <TextEquiv>
                    <Unicode>kteraż pocżala y porodila Kay¬</Unicode>
                </TextEquiv>
            </TextLine>
            <TextLine id="tr_1_tl_50" custom="readingOrder {index:25;}">
                <Coords points="277,1884 309,1862 452,1894 505,1869 561,1896 617,1867 1062,1879 1062,1818 1008,1810 753,1834 672,1809 560,1833 399,1817 277,1846"/>
                <Baseline points="283,1853 322,1856 361,1860 400,1862 439,1862 478,1862 517,1861 556,1859 595,1859 634,1862 674,1862 713,1860 752,1859 791,1859 830,1859 869,1859 908,1859 947,1859 986,1857 1025,1854 1065,1853"/>
                <TextEquiv>
                    <Unicode>na rzkuczy · obdrżela gſem cżlo¬</Unicode>
                </TextEquiv>
            </TextLine>
            <TextLine id="tr_1_tl_52" custom="readingOrder {index:26;}">
                <Coords points="208,1946 1075,1931 1075,1882 955,1867 827,1895 633,1869 564,1899 516,1873 208,1885"/>
                <Baseline points="214,1922 257,1925 300,1925 343,1925 386,1925 429,1925 472,1925 516,1924 559,1921 602,1921 645,1925 688,1925 731,1925 774,1924 818,1922 861,1922 904,1922 947,1922 990,1922 1033,1919 1077,1919"/>
                <TextEquiv>
                    <Unicode>wieka ſkrze boha · A opiet porodila bra¬</Unicode>
                </TextEquiv>
            </TextLine>
            <TextLine id="tr_1_tl_54" custom="readingOrder {index:27;}">
                <Coords points="208,2010 1077,1996 1078,1927 209,1946"/>
                <Baseline points="214,1987 257,1985 300,1984 343,1986 387,1985 430,1985 473,1986 517,1985 560,1987 603,1986 647,1985 690,1986 733,1984 776,1984 820,1984 863,1984 906,1984 950,1981 993,1984 1036,1984 1080,1984"/>
                <TextEquiv>
                    <Unicode>tra geho Abele : Byl geſt pak Abel</Unicode>
                </TextEquiv>
            </TextLine>
            <TextLine id="tr_1_tl_56" custom="readingOrder {index:28;}">
                <Coords points="220,2072 1071,2073 1071,1993 527,2021 220,2000"/>
                <Baseline points="226,2050 268,2050 310,2047 353,2047 395,2047 438,2047 480,2047 522,2047 565,2047 607,2045 650,2046 692,2047 734,2047 777,2046 819,2045 862,2047 904,2046 946,2044 989,2044 1031,2044 1074,2041"/>
                <TextEquiv>
                    <Unicode>Paſtyrz owczij · a Cayn woracżem · teh¬</Unicode>
                </TextEquiv>
            </TextLine>
            <TextLine id="tr_1_tl_58" custom="readingOrder {index:29;}">
                <Coords points="216,2138 1078,2128 1079,2073 977,2059 218,2069"/>
                <Baseline points="223,2110 265,2110 308,2110 351,2110 394,2110 437,2112 480,2111 522,2110 565,2110 608,2110 651,2110 694,2110 737,2109 780,2107 822,2107 865,2107 908,2107 951,2107 994,2104 1037,2107 1080,2104"/>
                <TextEquiv>
                    <Unicode>da ſtalo ſe geſt po mnohych dnech · że</Unicode>
                </TextEquiv>
            </TextLine>
            <TextLine id="tr_1_tl_60" custom="readingOrder {index:30;}">
                <Coords points="211,2195 1075,2201 1076,2134 1020,2126 212,2138"/>
                <Baseline points="217,2175 260,2173 303,2173 346,2173 389,2173 432,2173 475,2173 518,2173 561,2173 604,2173 647,2173 690,2173 733,2172 776,2170 819,2170 862,2170 905,2170 948,2170 991,2170 1034,2170 1077,2167"/>
                <TextEquiv>
                    <Unicode>obietowal Cayn z plodu zemſkeho dary</Unicode>
                </TextEquiv>
            </TextLine>
            <TextLine id="tr_1_tl_62" custom="readingOrder {index:31;}">
                <Coords points="215,2263 1075,2247 1075,2201 968,2184 216,2199"/>
                <Baseline points="223,2235 265,2235 308,2235 351,2233 393,2234 436,2235 479,2235 521,2235 564,2235 607,2234 650,2233 692,2234 735,2233 778,2235 820,2234 863,2232 906,2231 948,2229 991,2229 1034,2229 1077,2229"/>
                <TextEquiv>
                    <Unicode>panu. Abel take obietowal z prworo¬</Unicode>
                </TextEquiv>
            </TextLine>
            <TextLine id="tr_1_tl_64" custom="readingOrder {index:32;}">
                <Coords points="213,2329 378,2304 995,2324 1075,2315 1076,2261 214,2262"/>
                <Baseline points="220,2295 262,2298 305,2295 348,2295 391,2295 434,2297 477,2296 519,2293 562,2294 605,2295 648,2295 691,2295 734,2295 777,2294 819,2292 862,2292 905,2292 948,2292 991,2292 1034,2292 1077,2295"/>
                <TextEquiv>
                    <Unicode>żenych wieczij · ſtada ſweho · a z naytu¬</Unicode>
                </TextEquiv>
            </TextLine>
            <TextLine id="tr_1_tl_66" custom="readingOrder {index:33;}">
                <Coords points="208,2367 889,2370 948,2396 1077,2370 1065,2312 828,2304 680,2338 635,2306 380,2308 208,2336"/>
                <Baseline points="214,2358 257,2358 300,2358 343,2358 387,2358 430,2358 473,2358 517,2358 560,2358 603,2358 647,2358 690,2358 733,2358 776,2358 820,2358 863,2358 906,2358 950,2358 993,2355 1036,2355 1080,2355"/>
                <TextEquiv>
                    <Unicode>cżnieyſſieho dobytku · y wzhled ge pan</Unicode>
                </TextEquiv>
            </TextLine>
            <TextLine id="tr_1_tl_68" custom="readingOrder {index:34;}">
                <Coords points="220,2438 1077,2436 1077,2379 1047,2375 220,2369"/>
                <Baseline points="226,2423 268,2420 311,2420 354,2420 396,2420 439,2420 482,2420 524,2420 567,2420 610,2420 653,2420 695,2419 738,2418 781,2419 823,2417 866,2417 909,2417 951,2417 994,2417 1037,2417 1080,2414"/>
                <TextEquiv>
                    <Unicode>k Abelowi a k darom geho · k Kayno¬</Unicode>
                </TextEquiv>
            </TextLine>
            <TextLine id="tr_1_tl_70" custom="readingOrder {index:35;}">
                <Coords points="214,2485 1068,2507 1068,2438 1006,2430 214,2439"/>
                <Baseline points="220,2480 262,2480 305,2480 347,2480 390,2482 432,2481 475,2482 517,2483 560,2483 602,2481 645,2481 688,2483 730,2483 773,2483 815,2483 858,2483 900,2483 943,2483 985,2483 1028,2480 1071,2477"/>
                <TextEquiv>
                    <Unicode>wi pak a k daruom geho nepohlediel ge</Unicode>
                </TextEquiv>
            </TextLine>
            <TextLine id="tr_1_tl_72" custom="readingOrder {index:36;} abbrev {offset:16; length:2;expansion:gest;}">
                <Coords points="223,2552 592,2580 1077,2559 1077,2508 1008,2500 223,2492"/>
                <Baseline points="229,2540 271,2546 314,2543 356,2543 399,2545 441,2546 484,2546 526,2546 569,2544 611,2545 654,2546 697,2546 739,2546 782,2545 824,2543 867,2543 909,2543 952,2543 994,2543 1037,2540 1080,2540"/>
                <TextEquiv>
                    <Unicode>Y rozhniewal ſe ḡt kayn naramnie · a</Unicode>
                </TextEquiv>
            </TextLine>
            <TextLine id="tr_1_tl_74" custom="readingOrder {index:37;}">
                <Coords points="208,2627 965,2640 1077,2612 1065,2553 208,2575"/>
                <Baseline points="214,2605 257,2605 300,2605 343,2605 387,2605 430,2607 473,2608 517,2608 560,2608 603,2608 647,2608 690,2608 733,2608 776,2608 820,2608 863,2608 906,2607 950,2605 993,2605 1036,2605 1080,2605"/>
                <TextEquiv>
                    <Unicode>opadla geſt twarz geho : y rzekl pan k</Unicode>
                </TextEquiv>
            </TextLine>
            <TextLine id="tr_1_tl_76" custom="readingOrder {index:38;}">
                <Coords points="211,2692 1083,2679 1083,2613 960,2640 211,2628"/>
                <Baseline points="217,2668 260,2668 303,2668 347,2668 390,2669 434,2671 477,2670 521,2668 564,2668 608,2669 651,2671 694,2670 738,2668 781,2668 825,2668 868,2668 912,2668 955,2665 999,2665 1042,2665 1086,2665"/>
                <TextEquiv>
                    <Unicode>niemu · procż gſyſe rozhniewal a proċ</Unicode>
                </TextEquiv>
            </TextLine>
            <TextLine id="tr_1_tl_78" custom="readingOrder {index:39;}">
                <Coords points="216,2750 1087,2748 1065,2674 941,2702 806,2678 216,2696"/>
                <Baseline points="223,2728 266,2731 309,2731 352,2731 396,2731 439,2731 482,2731 526,2731 569,2731 612,2731 656,2731 699,2731 742,2731 785,2731 829,2731 872,2731 915,2731 959,2731 1002,2730 1045,2728 1089,2731"/>
                <TextEquiv>
                    <Unicode>ge opadla twarz twa · Wſſak budeſſ li</Unicode>
                </TextEquiv>
            </TextLine>
            <TextLine id="tr_1_tl_80" custom="readingOrder {index:40;}">
                <Coords points="216,2812 1078,2810 1060,2745 216,2750"/>
                <Baseline points="223,2790 265,2790 308,2790 351,2790 394,2792 437,2793 480,2795 522,2794 565,2793 608,2791 651,2792 694,2793 737,2793 780,2793 822,2793 865,2793 908,2793 951,2792 994,2790 1037,2789 1080,2790"/>
                <TextEquiv>
                    <Unicode>dobṙe cżiniti przygmeṡ · pakſi zle hned</Unicode>
                </TextEquiv>
            </TextLine>
            <TextLine id="tr_1_tl_82" custom="readingOrder {index:41;}">
                <Coords points="216,2870 1087,2870 1087,2813 216,2812"/>
                <Baseline points="223,2850 266,2850 309,2853 352,2856 396,2859 439,2857 482,2856 526,2858 569,2859 612,2859 656,2857 699,2856 742,2856 785,2856 829,2856 872,2855 915,2853 959,2853 1002,2853 1045,2853 1089,2850"/>
                <TextEquiv>
                    <Unicode>we dwerzych hrziech twuoy przitomen</Unicode>
                </TextEquiv>
            </TextLine>
            <TextLine id="tr_1_tl_84" custom="readingOrder {index:42;}">
                <Coords points="214,2935 1087,2938 1072,2864 934,2891 214,2868"/>
                <Baseline points="220,2916 263,2916 306,2916 350,2916 393,2917 437,2919 480,2919 524,2919 567,2919 611,2919 654,2919 697,2919 741,2918 784,2916 828,2917 871,2919 915,2916 958,2916 1002,2916 1045,2916 1089,2913"/>
                <TextEquiv>
                    <Unicode>bude · ale pod moczy twu budeṫ žadoſt</Unicode>
                </TextEquiv>
            </TextLine>
            <TextLine id="tr_1_tl_85" custom="readingOrder {index:43;}">
                <Coords points="214,2998 329,2975 492,3015 1076,3000 1076,2939 1002,2931 214,2945"/>
                <Baseline points="220,2975 262,2975 305,2975 348,2975 391,2977 434,2978 477,2978 519,2980 562,2981 605,2981 648,2981 691,2981 734,2980 777,2978 819,2978 862,2978 905,2978 948,2975 991,2975 1034,2972 1077,2972"/>
                <TextEquiv>
                    <Unicode>twa · A ty panowati budeſs nad ni · y</Unicode>
                </TextEquiv>
            </TextLine>
            <TextLine id="tr_1_tl_88" custom="readingOrder {index:44;} abbrev {offset:31; length:4;expansion:ſwemv;} textStyle {offset:34; length:1;superscript:true;}">
                <Coords points="214,3046 489,3078 1062,3058 1062,2991 1030,2983 768,3014 214,2998"/>
                <Baseline points="220,3038 262,3041 304,3041 346,3041 389,3041 431,3041 473,3043 515,3044 558,3042 600,3042 642,3043 684,3042 727,3043 769,3041 811,3041 853,3041 896,3041 938,3041 980,3038 1022,3041 1065,3038"/>
                <TextEquiv>
                    <Unicode>rzekl ge Kayn k Abelowi bratru ſwev</Unicode>
                </TextEquiv>
            </TextLine>
            <TextLine id="tr_1_tl_90" custom="readingOrder {index:45;}">
                <Coords points="220,3108 795,3137 1081,3113 1070,3035 966,3075 220,3047"/>
                <Baseline points="226,3098 268,3098 311,3101 354,3101 397,3103 440,3104 483,3104 525,3106 568,3105 611,3104 654,3104 697,3106 740,3106 783,3104 825,3104 868,3104 911,3104 954,3103 997,3101 1040,3101 1083,3101"/>
                <TextEquiv>
                    <Unicode>Wygdiema wen · a kdyż byla na poli</Unicode>
                </TextEquiv>
            </TextLine>
            <TextLine id="tr_1_tl_92" custom="readingOrder {index:46;}">
                <Coords points="223,3179 1087,3187 1087,3111 223,3125"/>
                <Baseline points="229,3166 272,3164 315,3164 358,3166 401,3166 444,3166 487,3166 530,3168 573,3169 616,3169 659,3169 702,3169 745,3169 788,3168 831,3165 874,3165 917,3165 960,3164 1003,3164 1046,3164 1089,3166"/>
                <TextEquiv>
                    <Unicode>powſtal Kayn proti bratru ſwemu A¬</Unicode>
                </TextEquiv>
            </TextLine>
            <TextLine id="tr_1_tl_93" custom="readingOrder {index:47;}">
                <Coords points="214,3254 1083,3263 1083,3190 948,3174 419,3202 214,3176"/>
                <Baseline points="220,3226 263,3228 306,3229 349,3229 393,3229 436,3230 479,3233 523,3234 566,3232 609,3232 653,3232 696,3232 739,3232 782,3232 826,3232 869,3232 912,3229 956,3229 999,3226 1042,3226 1086,3223"/>
                <TextEquiv>
                    <Unicode>belowi · a zabil ho : y wece pan k Kayno¬</Unicode>
                </TextEquiv>
            </TextLine>
            <TextEquiv>
                <Unicode>Mo yzieſſowy
hlozij budeṫ tobie ploditi. a budeſs gie
ſti byſiny zemie w potu twarzi twē 
krniti ſe budeſs chlehem ſwym do ka¬
wadż ſe nenawratiſs do zemie z ktereżto
wzat gſy. nebo prach gſy a w prach
ſe obratiſs. y nazwal geſt Adani ginē 
no żeny ſwe wa zto ze by byla ma¬
tie wſſech ziw ych.Vdielal ḡt cke pan 
buoh. Adamowi a zenie geho ſuknie¬
kožene.a zuoblačil geſt ge y wecze.Ay
Adami yako geden z nas vczinien ḡt 
znagz dobre y zlee.protoż nynie wizce
ab y ſnad neztaA ruky ſwe.aiewzal ta¬
ke z dṙewa ziwota. y gediṡy A byls y¬
ziẏ na wieky ypuſtil ho pan buduy
zNage rozkoſſg aby dielal zemi z ke¬
reżto wzat geſt. y wyhnal ge A dama¬
A poſtawil pṙed Kagerozkoſſij.Mhe¬
rubina. a niecż plaiemiy a plapola c
czy.ab y byla oſtrziehana czeſta drzen a
Capitola I
zżiwota
dami pak poznal żenu ſwu Ewip
Kteraz pocżala y porodila Kap¬
tna rzkuczy obdrzela gſem czlo¬
wiec ſkrze boha.A opiet porodila bra¬
tra geho Abelee cs ylgeſt pak. A bel¬
Paſtyrz owczij.a ayn woraczem.tely.
da ſtalo ſe geſt po mnoh ych dnech. ze
obietowal Cayli z plodu zemſkeho dazy
panu. Abel take obietowal z prworo¬
żenych wiecziz ſtada ſweho. a znaytij.
cieyſſieho dos vtkii y wzhled ge pan
k Abelowi a k daron geho k Kayno¬
wi pak a k daruom gieho nepohlediel ge¬
Y rozhniewal ſe ḡt Kayn naramnie.a. 
opadla geſt twarz geho y rzekl pan k
niemu procz gſy ſe rozhniewal a proċ
ge opadla twarz twa. Wſſak budeſſli¬
dobre cziniti przygineṡ. pakſi zle hned
we dwerzych hrziech twuo y przitomen
bude Ale pod moczy twu budet zadoſt
twaA ty panowati budeſs nad ni. Y
rzekl ge Kayn.Abelowi bratru ſpe¬
Dyczdiema wen a kdyz byla na poli¬
powſtal kayn proti bratru ſwemu A
brlowi a zabil hoz y wece pan k Kayno¬ </Unicode>
            </TextEquiv>
        </TextRegion>
        <TextRegion id="r" custom="readingOrder {index:1;}">
            <Coords points="1124,376 2112,376 2112,3284 1124,3284"/>
            <TextLine id="tr_1_tl_2" custom="readingOrder {index:0;}">
                <Coords points="1146,437 2015,467 2014,363 1903,332 1636,387 1399,349 1146,381"/>
                <Baseline points="1152,423 1195,423 1238,423 1281,423 1325,423 1368,423 1411,423 1454,423 1498,423 1541,423 1584,425 1627,426 1671,426 1714,426 1757,428 1800,429 1844,429 1887,430 1930,433 1973,435 2017,435"/>
                <TextEquiv>
                    <Unicode>wi : kde geſt Abel bratr twuoy : kteryž¬</Unicode>
                </TextEquiv>
            </TextLine>
            <TextLine id="tr_1_tl_4" custom="readingOrder {index:1;}">
                <Coords points="1149,493 1981,522 2017,513 2017,466 1148,437"/>
                <Baseline points="1155,486 1198,486 1241,486 1284,486 1328,486 1371,486 1414,486 1457,486 1501,486 1544,488 1587,489 1630,487 1674,490 1717,492 1760,492 1803,492 1847,493 1890,495 1933,495 1976,495 2020,498"/>
                <TextEquiv>
                    <Unicode>to odpowiediel newiē · zdaliż ſtrażnym</Unicode>
                </TextEquiv>
            </TextLine>
            <TextLine id="tr_1_tl_6" custom="readingOrder {index:2;}">
                <Coords points="1146,568 2006,569 2005,516 1146,499"/>
                <Baseline points="1152,546 1194,546 1237,549 1280,549 1323,549 1366,549 1408,549 1451,549 1494,549 1537,551 1580,552 1622,552 1665,552 1708,552 1751,552 1794,553 1836,556 1879,558 1922,558 1965,558 2008,552"/>
                <TextEquiv>
                    <Unicode>Bratra meho gſem ya · y wecze k nie¬</Unicode>
                </TextEquiv>
            </TextLine>
            <TextLine id="tr_1_tl_8" custom="readingOrder {index:3;}">
                <Coords points="1146,630 2011,631 2010,578 1867,566 1145,568"/>
                <Baseline points="1152,611 1195,608 1238,608 1281,611 1324,608 1367,610 1410,611 1453,609 1496,610 1539,613 1583,614 1626,614 1669,614 1712,616 1755,617 1798,617 1841,617 1884,618 1927,620 1970,620 2014,620"/>
                <TextEquiv>
                    <Unicode>mu. Czos vcżinil : hlas krwe Bratra</Unicode>
                </TextEquiv>
            </TextLine>
            <TextLine id="tr_1_tl_10" custom="readingOrder {index:4;}">
                <Coords points="1151,690 1772,681 1992,720 2013,634 1917,658 1150,633"/>
                <Baseline points="1158,674 1203,674 1248,671 1293,671 1338,671 1384,671 1429,674 1474,674 1519,674 1564,674 1610,674 1655,677 1700,677 1745,680 1790,680 1836,683 1881,683 1926,683 1971,686 2017,683"/>
                <TextEquiv>
                    <Unicode>tweho wola kemnie z zemie · protoż giż</Unicode>
                </TextEquiv>
            </TextLine>
            <TextLine id="tr_1_tl_12" custom="readingOrder {index:5;}">
                <Coords points="1151,761 1475,743 1900,771 2002,765 2002,717 1150,691"/>
                <Baseline points="1158,737 1200,737 1242,734 1285,734 1327,734 1369,736 1412,735 1454,736 1496,737 1539,737 1581,737 1623,737 1666,738 1708,740 1750,741 1793,743 1835,743 1877,743 1920,746 1962,743 2005,746"/>
                <TextEquiv>
                    <Unicode>zlorzecżeny budeſs na zemi · kteraż ote¬</Unicode>
                </TextEquiv>
            </TextLine>
            <TextLine id="tr_1_tl_14" custom="readingOrder {index:6;}">
                <Coords points="1158,820 2010,825 2009,774 1927,755 1158,763"/>
                <Baseline points="1164,796 1206,796 1248,796 1291,796 1333,796 1375,796 1418,796 1460,796 1502,798 1545,799 1587,799 1629,800 1672,802 1714,802 1756,803 1799,805 1841,805 1883,805 1926,805 1968,805 2011,802"/>
                <TextEquiv>
                    <Unicode>wrzela vſta ſwa a prziyala krew bra¬</Unicode>
                </TextEquiv>
            </TextLine>
            <TextLine id="tr_1_tl_16" custom="readingOrder {index:7;}">
                <Coords points="1146,872 2018,893 2017,836 1145,824"/>
                <Baseline points="1152,859 1195,859 1238,859 1282,859 1325,859 1369,859 1412,861 1455,862 1499,862 1542,862 1586,862 1629,864 1672,865 1716,865 1759,867 1803,868 1846,868 1889,868 1933,868 1976,867 2020,862"/>
                <TextEquiv>
                    <Unicode>tra tweho z ruky twe : kdyż dielati bu¬</Unicode>
                </TextEquiv>
            </TextLine>
            <TextLine id="tr_1_tl_18" custom="readingOrder {index:8;}">
                <Coords points="1155,935 2012,946 2011,891 1970,882 1155,879"/>
                <Baseline points="1161,919 1203,922 1246,919 1288,919 1331,921 1374,922 1416,922 1459,922 1502,922 1544,922 1587,924 1630,926 1672,928 1715,928 1758,929 1800,931 1843,931 1886,931 1928,931 1971,931 2014,928"/>
                <TextEquiv>
                    <Unicode>deſs gi · nebudeṫ wydawati tobie vżyt¬</Unicode>
                </TextEquiv>
            </TextLine>
            <TextLine id="tr_1_tl_20" custom="readingOrder {index:9;}">
                <Coords points="1158,1002 2017,1014 2017,959 1862,941 1737,967 1540,928 1372,956 1326,927 1288,955 1158,935"/>
                <Baseline points="1164,988 1206,985 1249,982 1292,985 1335,985 1378,985 1420,985 1463,985 1506,985 1549,987 1592,988 1634,988 1677,989 1720,990 1763,990 1806,990 1848,990 1891,991 1934,992 1977,990 2020,993"/>
                <TextEquiv>
                    <Unicode>kuow ſwych : Tulakem a biehunem</Unicode>
                </TextEquiv>
            </TextLine>
            <TextLine id="tr_1_tl_22" custom="readingOrder {index:10;}">
                <Coords points="1155,1065 2022,1075 2010,1012 1155,1002"/>
                <Baseline points="1161,1047 1204,1047 1247,1047 1290,1047 1333,1047 1376,1047 1419,1047 1462,1045 1505,1046 1548,1047 1592,1049 1635,1050 1678,1050 1721,1052 1764,1053 1807,1053 1850,1054 1893,1056 1936,1055 1979,1053 2023,1050"/>
                <TextEquiv>
                    <Unicode>budeṡ na zemi · y rzekl ge Cayn ku pa¬</Unicode>
                </TextEquiv>
            </TextLine>
            <TextLine id="tr_1_tl_24" custom="readingOrder {index:11;}">
                <Coords points="1151,1119 1367,1144 1911,1122 1994,1148 2013,1069 1150,1065"/>
                <Baseline points="1158,1110 1203,1107 1248,1104 1293,1107 1338,1110 1384,1110 1429,1110 1474,1107 1519,1110 1564,1110 1610,1113 1655,1113 1700,1113 1745,1113 1790,1113 1836,1113 1881,1116 1926,1116 1971,1116 2017,1110"/>
                <TextEquiv>
                    <Unicode>nu · wietſſie geſt neprawoſt ma · neż¬</Unicode>
                </TextEquiv>
            </TextLine>
            <TextLine id="tr_1_tl_26" custom="readingOrder {index:12;}">
                <Coords points="1158,1195 2014,1193 2014,1150 1910,1122 1158,1125"/>
                <Baseline points="1164,1176 1206,1173 1249,1170 1291,1170 1334,1170 1377,1172 1419,1173 1462,1173 1505,1173 1547,1173 1590,1174 1633,1176 1675,1176 1718,1175 1761,1174 1803,1176 1846,1176 1889,1176 1931,1176 1974,1176 2017,1173"/>
                <TextEquiv>
                    <Unicode>li abych miloſti zaſlużil · Ay wyha¬</Unicode>
                </TextEquiv>
            </TextLine>
            <TextLine id="tr_1_tl_28" custom="readingOrder {index:13;}">
                <Coords points="1151,1255 2021,1254 2007,1193 1150,1195"/>
                <Baseline points="1158,1235 1201,1232 1244,1232 1287,1232 1331,1232 1374,1232 1417,1234 1460,1235 1504,1235 1547,1235 1590,1237 1633,1238 1677,1236 1720,1235 1763,1237 1806,1238 1850,1238 1893,1238 1936,1238 1979,1238 2023,1235"/>
                <TextEquiv>
                    <Unicode>nieſs mie dnes od twarzy zemie · a od</Unicode>
                </TextEquiv>
            </TextLine>
            <TextLine id="tr_1_tl_30" custom="readingOrder {index:14;}">
                <Coords points="1151,1305 2026,1321 2026,1254 1993,1246 1735,1273 1610,1245 1151,1255"/>
                <Baseline points="1158,1292 1201,1295 1245,1295 1288,1295 1332,1295 1375,1295 1419,1295 1462,1297 1506,1298 1549,1298 1593,1298 1637,1298 1680,1298 1724,1300 1767,1301 1811,1301 1854,1301 1898,1301 1941,1301 1985,1301 2029,1298"/>
                <TextEquiv>
                    <Unicode>twarzi twe kryti ſe budu · a budiut tula¬</Unicode>
                </TextEquiv>
            </TextLine>
            <TextLine id="tr_1_tl_32" custom="readingOrder {index:15;}">
                <Coords points="1151,1368 2015,1382 1995,1312 1151,1317"/>
                <Baseline points="1158,1358 1203,1358 1248,1355 1293,1355 1338,1355 1384,1358 1429,1358 1474,1361 1519,1361 1564,1358 1610,1361 1655,1361 1700,1361 1745,1364 1790,1364 1836,1364 1881,1364 1926,1364 1971,1364 2017,1358"/>
                <TextEquiv>
                    <Unicode>kem a biehunem na zemi : Protoż każ¬</Unicode>
                </TextEquiv>
            </TextLine>
            <TextLine id="tr_1_tl_34" custom="readingOrder {index:16;}">
                <Coords points="1164,1438 1943,1431 1999,1460 2017,1389 1162,1376"/>
                <Baseline points="1170,1414 1212,1414 1255,1419 1297,1420 1340,1420 1382,1418 1425,1419 1467,1420 1510,1420 1552,1420 1595,1422 1637,1422 1680,1421 1722,1423 1765,1423 1807,1423 1850,1423 1892,1423 1935,1426 1977,1426 2020,1426"/>
                <TextEquiv>
                    <Unicode>dy · ktož nalezne mne · zabiet mie : y</Unicode>
                </TextEquiv>
            </TextLine>
            <TextLine id="tr_1_tl_36" custom="readingOrder {index:17;}">
                <Coords points="1158,1498 2026,1514 2026,1453 1943,1431 1158,1450"/>
                <Baseline points="1164,1486 1207,1484 1250,1483 1293,1481 1337,1480 1380,1480 1423,1480 1466,1481 1510,1482 1553,1481 1596,1484 1639,1486 1683,1486 1726,1486 1769,1486 1812,1486 1856,1486 1899,1486 1942,1486 1985,1486 2029,1483"/>
                <TextEquiv>
                    <Unicode>rzekl gemu pan · nikolit tak nebude · a¬</Unicode>
                </TextEquiv>
            </TextLine>
            <TextLine id="tr_1_tl_38" custom="readingOrder {index:18;}">
                <Coords points="1161,1568 2023,1580 2023,1514 1994,1506 1161,1502"/>
                <Baseline points="1167,1546 1212,1543 1257,1546 1302,1546 1347,1543 1393,1546 1438,1546 1483,1543 1528,1546 1573,1546 1619,1546 1664,1546 1709,1546 1754,1549 1799,1549 1845,1549 1890,1549 1935,1549 1980,1549 2026,1549"/>
                <TextEquiv>
                    <Unicode>le każdy kto by zabil Cayna · ſedmeru</Unicode>
                </TextEquiv>
            </TextLine>
            <TextLine id="tr_1_tl_40" custom="readingOrder {index:19;}">
                <Coords points="1170,1637 1495,1617 1849,1645 2026,1613 1990,1568 1170,1570"/>
                <Baseline points="1176,1611 1218,1605 1261,1605 1303,1605 1346,1605 1389,1605 1431,1605 1474,1607 1517,1608 1559,1608 1602,1608 1645,1608 1687,1609 1730,1611 1773,1611 1815,1610 1858,1609 1901,1611 1943,1608 1986,1608 2029,1602"/>
                <TextEquiv>
                    <Unicode>pomſtu neſti bude : Y wzlożil ge pan</Unicode>
                </TextEquiv>
            </TextLine>
            <TextLine id="tr_1_tl_42" custom="readingOrder {index:20;}">
                <Coords points="1158,1698 2033,1691 2032,1637 1970,1626 1157,1637"/>
                <Baseline points="1164,1668 1207,1668 1251,1668 1294,1665 1338,1668 1381,1668 1425,1668 1468,1668 1512,1668 1555,1668 1599,1670 1643,1671 1686,1671 1730,1671 1773,1673 1817,1672 1860,1673 1904,1674 1947,1673 1991,1671 2035,1671"/>
                <TextEquiv>
                    <Unicode>znamenie na Cayna · aby ho żadny ne¬</Unicode>
                </TextEquiv>
            </TextLine>
            <TextLine id="tr_1_tl_45" custom="readingOrder {index:21;}">
                <Coords points="1164,1751 1691,1763 1836,1733 2023,1759 2023,1692 1934,1681 1164,1699"/>
                <Baseline points="1170,1731 1212,1731 1255,1729 1298,1728 1341,1730 1384,1731 1426,1731 1469,1731 1512,1731 1555,1732 1598,1734 1640,1734 1683,1734 1726,1734 1769,1733 1812,1732 1854,1734 1897,1737 1940,1734 1983,1734 2026,1728"/>
                <TextEquiv>
                    <Unicode>zabigel · kto by naſſel ho : Y wyſſed</Unicode>
                </TextEquiv>
            </TextLine>
            <TextLine id="tr_1_tl_47" custom="readingOrder {index:22;}">
                <Coords points="1164,1822 1914,1802 1973,1826 2030,1806 2029,1761 1828,1736 1789,1766 1162,1759"/>
                <Baseline points="1170,1793 1213,1793 1256,1790 1299,1790 1342,1793 1385,1793 1428,1793 1471,1795 1514,1796 1557,1794 1601,1795 1644,1796 1687,1796 1730,1796 1773,1796 1816,1796 1859,1796 1902,1796 1945,1795 1988,1793 2032,1793"/>
                <TextEquiv>
                    <Unicode>Cayn od twarzy panie przebywal ge</Unicode>
                </TextEquiv>
            </TextLine>
            <TextLine id="tr_1_tl_49" custom="readingOrder {index:23;}">
                <Coords points="1170,1866 2033,1873 2033,1805 1988,1835 1916,1804 1834,1829 1170,1816"/>
                <Baseline points="1176,1856 1221,1853 1266,1853 1311,1853 1356,1853 1402,1853 1447,1853 1492,1853 1537,1856 1582,1856 1628,1856 1673,1859 1718,1856 1763,1856 1808,1859 1854,1859 1899,1859 1944,1859 1989,1859 2035,1859"/>
                <TextEquiv>
                    <Unicode>wypowieďeny na zemi · k ſtranie kteraż</Unicode>
                </TextEquiv>
            </TextLine>
            <TextLine id="tr_1_tl_51" custom="readingOrder {index:24;} abbrev {offset:35; length:2;expansion:gest;}">
                <Coords points="1164,1940 2025,1935 2025,1870 1164,1887"/>
                <Baseline points="1170,1919 1212,1919 1255,1919 1298,1917 1341,1916 1384,1916 1427,1916 1470,1916 1513,1918 1556,1919 1599,1919 1641,1919 1684,1920 1727,1922 1770,1922 1813,1921 1856,1919 1899,1919 1942,1919 1985,1918 2028,1911"/>
                <TextEquiv>
                    <Unicode>ge na wychod ſluncze Eden : poznal ḡt</Unicode>
                </TextEquiv>
            </TextLine>
            <TextLine id="tr_1_tl_53" custom="readingOrder {index:25;}">
                <Coords points="1164,2005 2038,2001 2038,1931 1164,1941"/>
                <Baseline points="1170,1984 1213,1981 1257,1980 1300,1978 1344,1978 1387,1978 1431,1978 1474,1978 1518,1978 1561,1978 1605,1979 1649,1981 1692,1981 1736,1982 1779,1984 1823,1984 1866,1981 1910,1984 1953,1981 1997,1984 2041,1981"/>
                <TextEquiv>
                    <Unicode>pak Kayn ženu ſwu · kterażto pocżala</Unicode>
                </TextEquiv>
            </TextLine>
            <TextLine id="tr_1_tl_55" custom="readingOrder {index:26;}">
                <Coords points="1170,2061 2043,2073 2043,2012 1970,1999 1170,2006"/>
                <Baseline points="1176,2047 1219,2044 1262,2041 1306,2044 1349,2041 1393,2041 1436,2041 1479,2041 1523,2041 1566,2041 1610,2043 1653,2044 1696,2044 1740,2044 1783,2044 1827,2046 1870,2045 1913,2045 1957,2047 2000,2048 2044,2047"/>
                <TextEquiv>
                    <Unicode>a porodila Enocha : y wzdielal Mieſto</Unicode>
                </TextEquiv>
            </TextLine>
            <TextLine id="tr_1_tl_57" custom="readingOrder {index:27;}">
                <Coords points="1165,2126 2039,2129 2038,2076 1957,2062 1164,2063"/>
                <Baseline points="1170,2107 1213,2104 1257,2104 1300,2104 1344,2104 1387,2104 1431,2104 1474,2104 1518,2104 1561,2105 1605,2107 1649,2106 1692,2105 1736,2107 1779,2107 1823,2107 1866,2107 1910,2107 1953,2107 1997,2107 2041,2104"/>
                <TextEquiv>
                    <Unicode>nazwal gmeno geho · gnenem ſyna</Unicode>
                </TextEquiv>
            </TextLine>
            <TextLine id="tr_1_tl_59" custom="readingOrder {index:28;}">
                <Coords points="1170,2191 2048,2184 2048,2127 1978,2116 1725,2143 1533,2105 1170,2127"/>
                <Baseline points="1176,2170 1219,2168 1263,2169 1307,2167 1350,2167 1394,2167 1438,2167 1481,2167 1525,2167 1569,2168 1613,2170 1656,2170 1700,2170 1744,2170 1787,2170 1831,2170 1875,2170 1918,2173 1962,2170 2006,2170 2050,2167"/>
                <TextEquiv>
                    <Unicode>ſweho Enoch : Enoch pak zplodil. Na¬</Unicode>
                </TextEquiv>
            </TextLine>
            <TextLine id="tr_1_tl_61" custom="readingOrder {index:29;}">
                <Coords points="1176,2250 2043,2241 2043,2203 1974,2183 1176,2193"/>
                <Baseline points="1182,2229 1225,2227 1268,2226 1311,2224 1354,2226 1397,2229 1440,2227 1483,2227 1526,2229 1569,2229 1613,2229 1656,2229 1699,2229 1742,2230 1785,2232 1828,2232 1871,2232 1914,2232 1957,2229 2000,2229 2044,2226"/>
                <TextEquiv>
                    <Unicode>da · A Irad zplodil Mawiaele · a Ma¬</Unicode>
                </TextEquiv>
            </TextLine>
            <TextLine id="tr_1_tl_63" custom="readingOrder {index:30;}">
                <Coords points="1173,2305 2054,2317 2039,2241 1965,2265 1882,2240 1813,2266 1172,2250"/>
                <Baseline points="1179,2289 1222,2292 1266,2292 1310,2292 1354,2292 1398,2292 1442,2292 1485,2289 1529,2291 1573,2292 1617,2292 1661,2294 1705,2295 1749,2295 1792,2295 1836,2295 1880,2295 1924,2297 1968,2296 2012,2295 2056,2295"/>
                <TextEquiv>
                    <Unicode>wiael zplodil Matuzaeſe · a Matuzael</Unicode>
                </TextEquiv>
            </TextLine>
            <TextLine id="tr_1_tl_65" custom="readingOrder {index:31;}">
                <Coords points="1176,2388 2054,2378 2040,2313 1175,2310"/>
                <Baseline points="1182,2358 1225,2355 1269,2355 1313,2355 1356,2352 1400,2352 1444,2355 1487,2355 1531,2355 1575,2355 1619,2357 1662,2358 1706,2358 1750,2358 1793,2356 1837,2357 1881,2358 1924,2358 1968,2358 2012,2358 2056,2358"/>
                <TextEquiv>
                    <Unicode>zplodil Lamecha : kteryżto poyal dwie</Unicode>
                </TextEquiv>
            </TextLine>
            <TextLine id="tr_1_tl_67" custom="readingOrder {index:32;}">
                <Coords points="1176,2440 1331,2414 1491,2445 1872,2418 2045,2441 2045,2382 1968,2372 1176,2388"/>
                <Baseline points="1182,2417 1225,2417 1268,2417 1311,2414 1355,2414 1398,2414 1441,2414 1484,2414 1528,2414 1571,2416 1614,2417 1657,2417 1701,2417 1744,2417 1787,2417 1830,2418 1874,2419 1917,2418 1960,2420 2003,2419 2047,2417"/>
                <TextEquiv>
                    <Unicode>ženie · gmeno gedne Ada · a gmeno</Unicode>
                </TextEquiv>
            </TextLine>
            <TextLine id="tr_1_tl_69" custom="readingOrder {index:33;}">
                <Coords points="1180,2493 2005,2510 2047,2496 2046,2443 1874,2417 1771,2447 1335,2417 1179,2441"/>
                <Baseline points="1185,2477 1228,2477 1271,2477 1314,2480 1357,2475 1400,2476 1443,2477 1486,2477 1529,2477 1572,2479 1616,2480 1659,2480 1702,2480 1745,2480 1788,2480 1831,2480 1874,2481 1917,2482 1960,2480 2003,2480 2047,2477"/>
                <TextEquiv>
                    <Unicode>druhe Sella : y porodila ge Ada Ia¬</Unicode>
                </TextEquiv>
            </TextLine>
            <TextLine id="tr_1_tl_71" custom="readingOrder {index:34;}">
                <Coords points="1171,2556 2050,2574 2049,2497 1170,2484"/>
                <Baseline points="1176,2540 1219,2540 1263,2540 1307,2540 1351,2540 1395,2540 1439,2540 1482,2540 1526,2540 1570,2540 1614,2540 1658,2542 1702,2543 1746,2543 1789,2543 1833,2543 1877,2543 1921,2545 1965,2546 2009,2546 2053,2546"/>
                <TextEquiv>
                    <Unicode>hele · kteryž byl otecz · pṙebywagiczych</Unicode>
                </TextEquiv>
            </TextLine>
            <TextLine id="tr_1_tl_73" custom="readingOrder {index:35;}">
                <Coords points="1176,2614 2049,2626 2048,2573 1934,2562 1176,2559"/>
                <Baseline points="1182,2596 1225,2599 1268,2599 1312,2602 1355,2602 1399,2602 1442,2600 1485,2601 1529,2604 1572,2603 1616,2604 1659,2605 1702,2605 1746,2605 1789,2605 1833,2605 1876,2605 1919,2605 1963,2606 2006,2608 2050,2605"/>
                <TextEquiv>
                    <Unicode>w ſtaniech · a paſtyrzuow : a gmeno</Unicode>
                </TextEquiv>
            </TextLine>
            <TextLine id="tr_1_tl_75" custom="readingOrder {index:36;}">
                <Coords points="1176,2681 2054,2689 2054,2624 1977,2639 1881,2604 1681,2640 1501,2607 1176,2614"/>
                <Baseline points="1182,2665 1225,2662 1269,2665 1313,2665 1356,2665 1400,2665 1444,2665 1487,2665 1531,2665 1575,2665 1619,2667 1662,2668 1706,2668 1750,2668 1793,2668 1837,2668 1881,2668 1924,2668 1968,2670 2012,2671 2056,2668"/>
                <TextEquiv>
                    <Unicode>bratra geho Tubal : ten ge byl otecz</Unicode>
                </TextEquiv>
            </TextLine>
            <TextLine id="tr_1_tl_77" custom="readingOrder {index:37;}">
                <Coords points="1180,2747 2052,2745 2051,2708 1857,2675 1700,2701 1398,2694 1346,2664 1179,2684"/>
                <Baseline points="1185,2725 1228,2725 1271,2725 1315,2728 1358,2728 1402,2728 1445,2728 1488,2728 1532,2728 1575,2728 1619,2728 1662,2730 1705,2731 1749,2731 1792,2731 1836,2731 1879,2731 1922,2731 1966,2731 2009,2730 2053,2725"/>
                <TextEquiv>
                    <Unicode>tiech · kterzyž hudu na hauſle a na</Unicode>
                </TextEquiv>
            </TextLine>
            <TextLine id="tr_1_tl_79" custom="readingOrder {index:38;}">
                <Coords points="1181,2811 2059,2806 2048,2742 1181,2753"/>
                <Baseline points="1187,2787 1230,2787 1274,2787 1318,2787 1362,2790 1405,2790 1449,2790 1493,2790 1537,2790 1580,2790 1624,2790 1668,2792 1712,2791 1755,2792 1799,2793 1843,2793 1887,2793 1930,2793 1974,2793 2018,2793 2062,2793"/>
                <TextEquiv>
                    <Unicode>warhany : Sella take porodila Tubal</Unicode>
                </TextEquiv>
            </TextLine>
            <TextLine id="tr_1_tl_81" custom="readingOrder {index:39;}">
                <Coords points="1181,2866 2062,2880 2062,2804 1181,2808"/>
                <Baseline points="1187,2853 1230,2850 1274,2850 1318,2850 1362,2853 1406,2853 1450,2853 1494,2850 1538,2852 1582,2853 1626,2853 1669,2853 1713,2855 1757,2856 1801,2854 1845,2855 1889,2854 1933,2855 1977,2856 2021,2858 2065,2856"/>
                <TextEquiv>
                    <Unicode>kayna : kteryżto byl kowarzem · a diel¬</Unicode>
                </TextEquiv>
            </TextLine>
            <TextLine id="tr_1_tl_83" custom="readingOrder {index:40;}">
                <Coords points="1176,2924 2056,2936 2056,2884 1920,2860 1176,2878"/>
                <Baseline points="1182,2913 1225,2913 1269,2913 1313,2913 1357,2913 1401,2913 1445,2916 1488,2916 1532,2916 1576,2916 1620,2916 1664,2916 1708,2916 1752,2916 1795,2918 1839,2917 1883,2918 1927,2919 1971,2919 2015,2919 2059,2922"/>
                <TextEquiv>
                    <Unicode>nikem · wſſelikeho diela · od Miedi a</Unicode>
                </TextEquiv>
            </TextLine>
            <TextLine id="tr_1_tl_86" custom="readingOrder {index:41;}">
                <Coords points="1184,2993 1637,3012 1716,2981 1955,3015 2054,2990 2054,2936 1184,2933"/>
                <Baseline points="1190,2978 1233,2975 1276,2975 1319,2975 1363,2975 1406,2975 1449,2976 1493,2978 1536,2978 1579,2978 1623,2978 1666,2978 1709,2978 1752,2978 1796,2979 1839,2981 1882,2981 1926,2981 1969,2978 2012,2978 2056,2972"/>
                <TextEquiv>
                    <Unicode>od železa · Seſtra pak Tubalkayno¬</Unicode>
                </TextEquiv>
            </TextLine>
            <TextLine id="tr_1_tl_87" custom="readingOrder {index:42;}">
                <Coords points="1181,3060 2062,3057 2040,2991 1181,3002"/>
                <Baseline points="1187,3035 1230,3035 1274,3038 1318,3041 1362,3041 1406,3041 1450,3041 1494,3038 1538,3040 1582,3041 1626,3041 1669,3041 1713,3041 1757,3041 1801,3041 1845,3041 1889,3041 1933,3043 1977,3044 2021,3044 2065,3041"/>
                <TextEquiv>
                    <Unicode>wa Noemma · y rzekl ge Lamech že</Unicode>
                </TextEquiv>
            </TextLine>
            <TextLine id="tr_1_tl_89" custom="readingOrder {index:43;}">
                <Coords points="1176,3120 1963,3133 2056,3120 2056,3081 1782,3041 1716,3078 1595,3052 1175,3062"/>
                <Baseline points="1182,3101 1225,3100 1269,3098 1313,3098 1357,3099 1401,3101 1445,3101 1488,3101 1532,3102 1576,3104 1620,3104 1664,3103 1708,3101 1752,3104 1795,3104 1839,3104 1883,3104 1927,3101 1971,3104 2015,3101 2059,3095"/>
                <TextEquiv>
                    <Unicode>nam ſwym · Adie · a Selle · Po¬</Unicode>
                </TextEquiv>
            </TextLine>
            <TextLine id="tr_1_tl_91" custom="readingOrder {index:44;}">
                <Coords points="1181,3184 2046,3190 2046,3131 2000,3116 1181,3118"/>
                <Baseline points="1187,3169 1230,3166 1273,3165 1316,3165 1359,3166 1402,3166 1445,3166 1488,3166 1531,3166 1574,3166 1618,3165 1661,3165 1704,3166 1747,3166 1790,3166 1833,3166 1876,3166 1919,3166 1962,3169 2005,3169 2049,3165"/>
                <TextEquiv>
                    <Unicode>ſlyſſte hlaſu meho · ženy Lamecho¬</Unicode>
                </TextEquiv>
            </TextLine>
            <TextLine id="tr_1_tl_94" custom="readingOrder {index:45;}">
                <Coords points="1195,3261 2062,3262 2054,3164 1979,3198 1195,3191"/>
                <Baseline points="1202,3226 1245,3226 1288,3223 1331,3229 1374,3232 1417,3232 1460,3232 1504,3235 1547,3233 1590,3232 1633,3232 1676,3232 1719,3232 1762,3232 1806,3232 1849,3232 1892,3234 1935,3234 1978,3231 2021,3229 2065,3229"/>
                <TextEquiv>
                    <Unicode>wy · pilnie pozorugte rzecży me · žeṫ</Unicode>
                </TextEquiv>
            </TextLine>
            <TextEquiv>
                <Unicode>wi? kde geſt Abel bratr twud y? kery?y 
to odpowiedielnewie. zdaliż ſtzaznym.
Bratraneho gſem ya. y wecze ktiie¬
mu.Czos vcżinil.Hlas krwe.Bratra
tweho wola ke mnie z zemie protoz giż
zlo rzeczen y budeſs na zemi.kteraz ote
wrzela vſla ſwa a prziyala krew bra¬
tra tweho z ruky twe kdyz dielati bi¬
doſs gi.nebudet wydawati tobie vzyt
ruow ſwych ylakeni a bielnien
budeṡ na zenil y rzekl ge Kayuku pa¬
n.wietſſie tżeſt neprawoſta. neż.
ſi abych miloſti zaſluzil. Ny wyha¬
nieſs mie dnes od twarzy zenſſea od
twarzi twe kryti ſe budu. a budijt tiila¬
kem a biehunem na zeni? Protoż biż¬
dy ktoz nalezne mie zabiet mie..Y
rzekl gemu pan.iikolit tak nebude a
ſe kuzdy koby zabil.Hayna.ſedmerij.
pomſtu neſti bude Y wzlozil cze pan
zamenie na ayna. aby ho zadny ne¬
zabigel ktoby neſſel cza Y wyſſed
Gayn od twarzy panie przeš ywal ge¬
wypowiedeny na zemi.Sſtranie ktezaż¬
cze na wychod snicze Kdena poznal tst 
pak Aayi zenu ſwu.kterazto po cżala
a porodila K nocharzy wzdiela Mieſlop¬
nazwal czinielo czeho  Cznenem ſyna
ſweho K nocii K noch pak zplodie. Ia¬
da.AIrad zplodí.Mawlaeſe.a Ma¬
wiael zplodil Matizaeſe. a Matiizacl¬
zplodil Ta níecha kteryzto poyal dwie¬
zenie gnieno gedne K da a czineno¬
druhe Sela y porodila ge A da Ia¬
heſe.kteryž byl otecz.pṙes ywatoczych¬
w ſlaniech.a paſtyrzuow za cneno
bratra geho Tubal ten cze byl ote cz¬
tiechkterzyž hudu na alſle a na¬
warhany Sſlatzke porodila. Tubal
ka yna kteryzto byl kowarzeni. a dieli
ſi ken wſſelikeho diela od zMledi a
od železa Seſtra pak STubakayno¬
wa.Noenina y rzekl ge Tamech ze
nan ſwym Ndie. a Seſſe.Po¬
ſlyſſie hlaſu meho Żeny Ta niecho
wy pſinie pozorugte rzeczy ne Rzeċ</Unicode>
            </TextEquiv>
        </TextRegion>
    </Page>
</PcGts>
