<?xml version="1.0" encoding="UTF-8" standalone="yes"?>
<PcGts xmlns="http://schema.primaresearch.org/PAGE/gts/pagecontent/2013-07-15" xmlns:xsi="http://www.w3.org/2001/XMLSchema-instance" xsi:schemaLocation="http://schema.primaresearch.org/PAGE/gts/pagecontent/2013-07-15 http://schema.primaresearch.org/PAGE/gts/pagecontent/2013-07-15/pagecontent.xsd">
    <Metadata>
        <Creator>prov=READ-COOP:name=PyLaia@TranskribusPlatform:version=2.20.0:model_id=52307:lm=provided:date=05_12_2024_12:54</Creator>
        <Created>2024-11-22T17:31:49.944+01:00</Created>
        <LastChange>2024-12-13T14:14:32.844+01:00</LastChange>
        <TranskribusMetadata docId="5363448" pageId="84624329" pageNr="214" tsid="212274286" status="GT" userId="100969" imgUrl="https://files.transkribus.eu/Get?id=LHOZIDSDDWVXSCXOEDHPDLBP&amp;fileType=view" xmlUrl="https://files.transkribus.eu/Get?id=MCQMRHRFMOMMDJYLSBJAZXOC" imageId="69896300"/>
    </Metadata>
    <Page imageFilename="DTL_547662-0215.jpeg" imageWidth="2530" imageHeight="3955">
        <ReadingOrder>
            <OrderedGroup id="ro_1734605779112" caption="Regions reading order">
                <RegionRefIndexed index="0" regionRef="r_2"/>
                <RegionRefIndexed index="1" regionRef="r_3"/>
            </OrderedGroup>
        </ReadingOrder>
        <TextRegion id="r_2" custom="readingOrder {index:0;}">
            <Coords points="185,236 1065,236 1065,3139 185,3139"/>
            <TextLine id="r_2_tl_1" custom="readingOrder {index:0;} abbrev {offset:13; length:4;expansion:protoż;}">
                <Coords points="199,268 1044,250 1044,300 199,318"/>
                <Baseline points="199,313 238,310 283,304 328,304 373,298 417,301 462,295 507,298 552,292 596,292 641,292 686,292 731,292 776,289 820,289 865,289 910,289 955,292 999,292 1044,295"/>
                <TextEquiv>
                    <Unicode>poſſkwrnil · ꝓtoż ſegdiete ſe rano wſſic¬</Unicode>
                </TextEquiv>
            </TextLine>
            <TextLine id="r_2_tl_2" custom="readingOrder {index:1;}">
                <Coords points="202,331 1038,307 1038,357 202,381"/>
                <Baseline points="202,376 232,370 277,367 322,367 367,364 411,361 456,361 501,358 546,358 591,355 635,355 680,355 725,355 770,352 814,355 859,355 904,352 949,352 993,352 1038,352"/>
                <TextEquiv>
                    <Unicode>kni · a prziſtupite geden każdy s ſwym</Unicode>
                </TextEquiv>
            </TextLine>
            <TextLine id="r_2_tl_3" custom="readingOrder {index:2;}">
                <Coords points="197,390 1041,372 1041,422 197,440"/>
                <Baseline points="197,435 235,435 280,429 325,426 370,423 414,420 459,420 504,420 549,417 593,417 638,417 683,417 728,414 773,417 817,417 862,417 907,414 952,414 996,417 1041,417"/>
                <TextEquiv>
                    <Unicode>pokolenim · a na ktereż koli pokolenie los</Unicode>
                </TextEquiv>
            </TextLine>
            <TextLine id="r_2_tl_4" custom="readingOrder {index:3;}">
                <Coords points="211,464 453,438 1035,435 1035,485 453,488 211,514"/>
                <Baseline points="211,509 229,492 274,492 319,492 364,489 408,486 453,483 498,483 543,480 588,480 632,477 677,477 722,477 767,477 811,477 856,477 901,477 946,477 990,480 1035,480"/>
                <TextEquiv>
                    <Unicode>ſpadne · prziſtaupit po ſwych cżeledech</Unicode>
                </TextEquiv>
            </TextLine>
            <TextLine id="r_2_tl_5" custom="readingOrder {index:4;}">
                <Coords points="194,513 1041,495 1041,545 194,563"/>
                <Baseline points="194,558 235,555 280,555 325,552 370,549 414,549 459,549 504,546 549,546 593,543 638,543 683,543 728,543 773,543 817,540 862,540 907,540 952,540 996,540 1041,540"/>
                <TextEquiv>
                    <Unicode>a cżeledi po mużiech A ktożby koli nale¬</Unicode>
                </TextEquiv>
            </TextLine>
            <TextLine id="r_2_tl_6" custom="readingOrder {index:5;}">
                <Coords points="194,575 1038,554 1038,604 194,625"/>
                <Baseline points="194,620 232,620 277,617 322,611 367,611 411,608 456,608 501,608 546,602 591,605 635,602 680,602 725,605 770,602 814,602 859,602 904,602 949,602 993,602 1038,599"/>
                <TextEquiv>
                    <Unicode>zen byl w tom hrziechu tenṫ ſpalen bude</Unicode>
                </TextEquiv>
            </TextLine>
            <TextLine id="r_2_tl_7" custom="readingOrder {index:6;} abbrev {offset:17; length:6;expansion:ſtatkem;}">
                <Coords points="191,635 1041,623 1041,673 191,685"/>
                <Baseline points="191,680 235,680 280,677 325,674 370,671 414,668 459,668 504,668 549,668 593,668 638,668 683,665 728,665 773,662 817,665 862,665 907,665 952,665 996,665 1041,668"/>
                <TextEquiv>
                    <Unicode>ohniem ſe wſſijm ſtatkē ſwym nebo pṙe¬</Unicode>
                </TextEquiv>
            </TextLine>
            <TextLine id="r_2_tl_8" custom="readingOrder {index:7;}">
                <Coords points="197,701 1035,683 1035,733 197,751"/>
                <Baseline points="197,746 229,743 274,740 319,737 364,734 408,734 453,731 498,731 543,731 588,731 632,731 677,728 722,728 767,725 811,728 856,728 901,728 946,728 990,728 1035,728"/>
                <TextEquiv>
                    <Unicode>ſtupil ge vmluwu bożi: a vċinil hṙiech</Unicode>
                </TextEquiv>
            </TextLine>
            <TextLine id="r_2_tl_9" custom="readingOrder {index:8;} abbrev {offset:14; length:9;expansion:yzraheſkem;}">
                <Coords points="194,760 1047,743 1047,793 194,810"/>
                <Baseline points="194,805 197,805 241,805 286,799 331,796 376,796 420,796 465,793 510,793 555,793 599,791 644,793 689,788 734,791 779,791 823,788 868,785 913,785 958,788 1002,788 1047,788"/>
                <TextEquiv>
                    <Unicode>tieżky w lidu yzahelſkē · Tehdy Iozue</Unicode>
                </TextEquiv>
            </TextLine>
            <TextLine id="r_2_tl_10" custom="readingOrder {index:9;}">
                <Coords points="202,820 1041,808 1041,858 202,870"/>
                <Baseline points="202,865 235,865 280,859 325,859 370,859 414,856 459,853 504,853 549,853 593,853 638,853 683,853 728,853 773,853 817,853 862,853 907,853 952,853 996,853 1041,853"/>
                <TextEquiv>
                    <Unicode>wſtaw rano poſtawil ge lid yzrahelſky</Unicode>
                </TextEquiv>
            </TextLine>
            <TextLine id="r_2_tl_11" custom="readingOrder {index:10;}">
                <Coords points="208,883 1041,859 1041,909 996,915 208,933"/>
                <Baseline points="208,928 235,928 280,922 325,922 370,922 414,919 459,919 504,919 549,919 593,919 638,916 683,916 728,916 773,916 817,916 862,913 907,913 952,913 996,910 1041,904"/>
                <TextEquiv>
                    <Unicode>po pokoleni gich · a ſpadl ge los na po¬</Unicode>
                </TextEquiv>
            </TextLine>
            <TextLine id="r_2_tl_12" custom="readingOrder {index:11;}">
                <Coords points="199,948 1038,925 1038,975 199,998"/>
                <Baseline points="199,993 232,988 277,985 322,985 367,982 411,982 456,979 501,979 546,982 591,982 635,982 680,979 725,979 770,976 814,976 859,976 904,976 949,976 993,973 1038,970"/>
                <TextEquiv>
                    <Unicode>kolenie Iuda · ktereżto kdyż ſtalo s ſwy¬</Unicode>
                </TextEquiv>
            </TextLine>
            <TextLine id="r_2_tl_13" custom="readingOrder {index:12;}">
                <Coords points="194,1005 1038,990 1038,1040 194,1055"/>
                <Baseline points="194,1050 232,1047 277,1047 322,1044 367,1044 411,1041 456,1041 501,1041 546,1041 591,1041 635,1041 680,1041 725,1038 770,1038 814,1038 859,1038 904,1038 949,1038 993,1035 1038,1035"/>
                <TextEquiv>
                    <Unicode>mi ċeledmi · nalezena geſt ċeled zare · a</Unicode>
                </TextEquiv>
            </TextLine>
            <TextLine id="r_2_tl_14" custom="readingOrder {index:13;}">
                <Coords points="191,1065 1032,1044 1032,1094 988,1103 191,1115"/>
                <Baseline points="191,1110 226,1110 271,1110 316,1107 361,1107 405,1104 450,1104 495,1101 540,1104 585,1104 629,1104 674,1101 719,1101 764,1101 808,1101 853,1098 898,1098 943,1098 988,1098 1032,1089"/>
                <TextEquiv>
                    <Unicode>tu rozdieliw po mużiech · nalezl zabdi ·</Unicode>
                </TextEquiv>
            </TextLine>
            <TextLine id="r_2_tl_15" custom="readingOrder {index:14;}">
                <Coords points="197,1128 1041,1119 1041,1169 197,1178"/>
                <Baseline points="197,1173 235,1173 280,1170 325,1170 370,1167 414,1167 459,1167 504,1167 549,1167 593,1164 638,1164 683,1164 728,1164 773,1164 817,1164 862,1164 907,1164 952,1164 996,1164 1041,1164"/>
                <TextEquiv>
                    <Unicode>kterużto ċeled rozdieliw w muże każdeho</Unicode>
                </TextEquiv>
            </TextLine>
            <TextLine id="r_2_tl_16" custom="readingOrder {index:15;}">
                <Coords points="197,1190 1041,1178 1041,1228 197,1240"/>
                <Baseline points="197,1235 235,1232 280,1229 325,1229 370,1229 414,1229 459,1229 504,1226 549,1226 593,1226 638,1226 683,1226 728,1226 773,1226 817,1226 862,1226 907,1226 952,1223 996,1223 1041,1223"/>
                <TextEquiv>
                    <Unicode>zwlaſſtie · nalezl achana ſyna Charim</Unicode>
                </TextEquiv>
            </TextLine>
            <TextLine id="r_2_tl_17" custom="readingOrder {index:16;}">
                <Coords points="202,1253 1047,1238 1047,1288 202,1303"/>
                <Baseline points="202,1298 241,1295 286,1295 331,1292 376,1292 420,1286 465,1289 510,1289 555,1289 599,1289 644,1289 689,1292 734,1289 779,1289 823,1289 868,1289 913,1289 958,1286 1002,1286 1047,1283"/>
                <TextEquiv>
                    <Unicode>ſyna zabdi · ſyna zarowa z pokolenie yu¬</Unicode>
                </TextEquiv>
            </TextLine>
            <TextLine id="r_2_tl_18" custom="readingOrder {index:17;}">
                <Coords points="197,1313 1038,1298 1038,1348 993,1354 197,1363"/>
                <Baseline points="197,1358 232,1358 277,1358 322,1355 367,1352 411,1355 456,1352 501,1355 546,1352 591,1352 635,1352 680,1352 725,1352 770,1349 814,1352 859,1349 904,1349 949,1349 993,1349 1038,1343"/>
                <TextEquiv>
                    <Unicode>dowa Y wece k achanowi Synu muoy</Unicode>
                </TextEquiv>
            </TextLine>
            <TextLine id="r_2_tl_19" custom="readingOrder {index:18;}">
                <Coords points="199,1372 1047,1363 1047,1413 199,1422"/>
                <Baseline points="199,1417 241,1417 286,1420 331,1414 376,1417 420,1414 465,1414 510,1414 555,1414 599,1414 644,1414 689,1414 734,1414 779,1414 823,1414 868,1414 913,1411 958,1411 1002,1411 1047,1408"/>
                <TextEquiv>
                    <Unicode>day chwalu panu bohu yzrahelſkemu</Unicode>
                </TextEquiv>
            </TextLine>
            <TextLine id="r_2_tl_20" custom="readingOrder {index:19;}">
                <Coords points="199,1438 1038,1429 1038,1479 199,1488"/>
                <Baseline points="199,1483 232,1480 277,1477 322,1477 367,1477 411,1477 456,1477 501,1477 546,1477 591,1477 635,1477 680,1477 725,1477 770,1477 814,1477 859,1474 904,1474 949,1474 993,1474 1038,1474"/>
                <TextEquiv>
                    <Unicode>a wyznay ſe · Powiez mi czos vcżinil</Unicode>
                </TextEquiv>
            </TextLine>
            <TextLine id="r_2_tl_21" custom="readingOrder {index:20;}">
                <Coords points="191,1495 1044,1489 1044,1539 999,1542 191,1545"/>
                <Baseline points="191,1540 194,1540 238,1543 283,1540 328,1540 373,1540 417,1540 462,1540 507,1540 552,1537 596,1540 641,1540 686,1540 731,1540 776,1537 820,1537 865,1537 910,1537 955,1537 999,1537 1044,1534"/>
                <TextEquiv>
                    <Unicode>netay Odpowiediel achan Iozue · a rze¬</Unicode>
                </TextEquiv>
            </TextLine>
            <TextLine id="r_2_tl_22" custom="readingOrder {index:21;}">
                <Coords points="191,1557 1038,1548 1038,1598 191,1607"/>
                <Baseline points="191,1602 232,1602 277,1602 322,1602 367,1599 411,1599 456,1599 501,1602 546,1602 591,1602 635,1602 680,1602 725,1602 770,1602 814,1602 859,1602 904,1599 949,1599 993,1596 1038,1593"/>
                <TextEquiv>
                    <Unicode>kl mu · Zagiſte iaṫ ſem ſhrzeſſil panu</Unicode>
                </TextEquiv>
            </TextLine>
            <TextLine id="r_2_tl_23" custom="readingOrder {index:22;} abbrev {offset:5; length:12;expansion:yzrahelſkemv;} textStyle {offset:15; length:1;superscript:true;}">
                <Coords points="197,1620 1041,1608 1041,1658 996,1664 197,1670"/>
                <Baseline points="197,1665 235,1665 280,1665 325,1665 370,1665 414,1665 459,1665 504,1665 549,1662 593,1665 638,1665 683,1665 728,1665 773,1665 817,1665 862,1662 907,1662 952,1659 996,1659 1041,1653"/>
                <TextEquiv>
                    <Unicode>bohu yzrahelſkev · a takto ſem vcżinil ·</Unicode>
                </TextEquiv>
            </TextLine>
            <TextLine id="r_2_tl_24" custom="readingOrder {index:23;}">
                <Coords points="205,1683 1044,1674 1044,1724 205,1733"/>
                <Baseline points="205,1728 238,1728 283,1728 328,1728 373,1728 417,1728 462,1728 507,1725 552,1725 596,1725 641,1725 686,1725 731,1725 776,1725 820,1725 865,1725 910,1725 955,1722 999,1722 1044,1719"/>
                <TextEquiv>
                    <Unicode>Vzrzel ſem mezy ginymi wieczmi lupe¬</Unicode>
                </TextEquiv>
            </TextLine>
            <TextLine id="r_2_tl_25" custom="readingOrder {index:24;}">
                <Coords points="205,1745 1047,1739 1047,1789 205,1795"/>
                <Baseline points="205,1790 241,1790 286,1790 331,1790 376,1790 420,1790 465,1790 510,1790 555,1790 599,1787 644,1787 689,1787 734,1787 779,1787 823,1790 868,1784 913,1784 958,1784 1002,1784 1047,1784"/>
                <TextEquiv>
                    <Unicode>że plaſſt brunatny welmi dobry a dwie</Unicode>
                </TextEquiv>
            </TextLine>
            <TextLine id="r_2_tl_26" custom="readingOrder {index:25;}">
                <Coords points="202,1808 1041,1799 1041,1849 202,1858"/>
                <Baseline points="202,1853 235,1853 280,1853 325,1853 370,1853 414,1850 459,1850 504,1850 549,1850 593,1850 638,1847 683,1850 728,1850 773,1850 817,1850 862,1850 907,1847 952,1847 996,1844 1041,1844"/>
                <TextEquiv>
                    <Unicode>ſtie lotuow ſtrziebra · a take prawidlo</Unicode>
                </TextEquiv>
            </TextLine>
            <TextLine id="r_2_tl_27" custom="readingOrder {index:26;}">
                <Coords points="199,1868 1044,1859 1044,1909 199,1918"/>
                <Baseline points="199,1913 238,1913 283,1913 328,1916 373,1916 417,1913 462,1913 507,1913 552,1913 596,1910 641,1913 686,1913 731,1910 776,1910 820,1913 865,1910 910,1910 955,1907 999,1907 1044,1904"/>
                <TextEquiv>
                    <Unicode>zlatte padeſati lotuow · a pożadaw wzal</Unicode>
                </TextEquiv>
            </TextLine>
            <TextLine id="r_2_tl_28" custom="readingOrder {index:27;}">
                <Coords points="197,1933 1041,1928 1041,1978 197,1983"/>
                <Baseline points="197,1978 235,1976 280,1976 325,1976 370,1976 414,1976 459,1976 504,1976 549,1973 593,1976 638,1976 683,1976 728,1976 773,1976 817,1976 862,1976 907,1973 952,1973 996,1970 1041,1973"/>
                <TextEquiv>
                    <Unicode>ſem a ſkryl ſem wzemi proti polowiczy</Unicode>
                </TextEquiv>
            </TextLine>
            <TextLine id="r_2_tl_29" custom="readingOrder {index:28;}">
                <Coords points="202,1993 1038,1984 1038,2034 202,2043"/>
                <Baseline points="202,2038 232,2038 277,2038 322,2038 367,2038 411,2038 456,2038 501,2038 546,2038 591,2038 635,2038 680,2038 725,2038 770,2038 814,2038 859,2035 904,2035 949,2032 993,2032 1038,2029"/>
                <TextEquiv>
                    <Unicode>ſtanku meho Strziebro pak take ſem za¬</Unicode>
                </TextEquiv>
            </TextLine>
            <TextLine id="r_2_tl_30" custom="readingOrder {index:29;}">
                <Coords points="191,2056 1041,2047 1041,2097 191,2106"/>
                <Baseline points="191,2101 235,2101 280,2101 325,2101 370,2098 414,2098 459,2098 504,2098 549,2101 593,2101 638,2098 683,2101 728,2101 773,2101 817,2098 862,2098 907,2098 952,2095 996,2095 1041,2092"/>
                <TextEquiv>
                    <Unicode>kopal w zemi Tehdy poſlal Iozue ſlu¬</Unicode>
                </TextEquiv>
            </TextLine>
            <TextLine id="r_2_tl_31" custom="readingOrder {index:30;}">
                <Coords points="199,2122 1044,2113 1044,2163 199,2172"/>
                <Baseline points="199,2167 238,2164 283,2164 328,2164 373,2161 417,2164 462,2164 507,2161 552,2164 596,2164 641,2164 686,2164 731,2164 776,2164 820,2161 865,2161 910,2161 955,2161 999,2161 1044,2158"/>
                <TextEquiv>
                    <Unicode>żebniky · kterziżto bieżewſſe do ſtanku</Unicode>
                </TextEquiv>
            </TextLine>
            <TextLine id="r_2_tl_32" custom="readingOrder {index:31;}">
                <Coords points="208,2182 1044,2178 1044,2228 208,2232"/>
                <Baseline points="208,2227 256,2226 301,2223 346,2223 391,2223 435,2226 480,2223 525,2226 570,2226 614,2226 659,2226 704,2223 749,2223 793,2223 838,2226 883,2223 928,2223 973,2223 1017,2223 1044,2223"/>
                <TextEquiv>
                    <Unicode>geho · nalezli ſu wſſecky wiecy ſkryte</Unicode>
                </TextEquiv>
            </TextLine>
            <TextLine id="r_2_tl_33" custom="readingOrder {index:32;}">
                <Coords points="199,2238 1044,2238 1044,2288 199,2288"/>
                <Baseline points="199,2283 244,2286 289,2286 334,2286 379,2286 423,2286 468,2286 513,2286 558,2286 602,2289 647,2289 692,2289 737,2286 782,2286 826,2286 871,2283 916,2283 961,2283 1005,2283 1044,2283"/>
                <TextEquiv>
                    <Unicode>wtemż mieſtie · y ſtrziebro take · a wzem¬</Unicode>
                </TextEquiv>
            </TextLine>
            <TextLine id="r_2_tl_34" custom="readingOrder {index:33;}">
                <Coords points="205,2310 1044,2298 1044,2348 205,2360"/>
                <Baseline points="205,2355 238,2352 283,2352 328,2349 373,2349 417,2352 462,2352 507,2349 552,2349 596,2349 641,2352 686,2349 731,2352 776,2349 820,2349 865,2349 910,2349 955,2346 999,2346 1044,2343"/>
                <TextEquiv>
                    <Unicode>ſſe ge z ſtanku · przineſli k Iozue · a ke</Unicode>
                </TextEquiv>
            </TextLine>
            <TextLine id="r_2_tl_35" custom="readingOrder {index:34;}">
                <Coords points="202,2363 1038,2360 1038,2410 993,2416 202,2413"/>
                <Baseline points="202,2408 232,2408 277,2408 322,2408 367,2411 411,2411 456,2411 501,2411 546,2411 591,2411 635,2411 680,2414 725,2414 770,2411 814,2411 859,2411 904,2408 949,2411 993,2411 1038,2405"/>
                <TextEquiv>
                    <Unicode>wſſem ſynom yzrahelſkym · a powrh¬</Unicode>
                </TextEquiv>
            </TextLine>
            <TextLine id="r_2_tl_36" custom="readingOrder {index:35;} abbrev {offset:14; length:4;expansion:panem;} abbrev {offset:19; length:4;expansion:bohem;}">
                <Coords points="197,2426 1035,2423 1035,2473 990,2476 197,2476"/>
                <Baseline points="197,2471 229,2471 274,2471 319,2471 364,2474 408,2474 453,2474 498,2474 543,2474 588,2474 632,2474 677,2477 722,2474 767,2477 811,2474 856,2474 901,2471 946,2471 990,2471 1035,2468"/>
                <TextEquiv>
                    <Unicode>li ſu ge pṙed panē bohē Tehdy poyaw</Unicode>
                </TextEquiv>
            </TextLine>
            <TextLine id="r_2_tl_37" custom="readingOrder {index:36;}">
                <Coords points="202,2477 1041,2489 1041,2539 202,2527"/>
                <Baseline points="202,2522 247,2531 292,2534 337,2534 382,2537 426,2537 471,2537 516,2537 561,2534 605,2537 650,2537 695,2537 740,2537 785,2537 829,2537 874,2534 919,2537 964,2534 1008,2534 1041,2534"/>
                <TextEquiv>
                    <Unicode>Iozue Achana ſyna zare · ſtrziebro y</Unicode>
                </TextEquiv>
            </TextLine>
            <TextLine id="r_2_tl_38" custom="readingOrder {index:37;}">
                <Coords points="205,2554 1044,2551 1044,2601 205,2604"/>
                <Baseline points="205,2599 238,2596 283,2596 328,2596 373,2596 417,2596 462,2596 507,2596 552,2599 596,2596 641,2599 686,2599 731,2596 776,2596 820,2596 865,2596 910,2596 955,2596 999,2596 1044,2596"/>
                <TextEquiv>
                    <Unicode>plaſſt · y prawidlo zlatte · Syny take v</Unicode>
                </TextEquiv>
            </TextLine>
            <TextLine id="r_2_tl_39" custom="readingOrder {index:38;}">
                <Coords points="197,2611 1044,2611 1044,2661 1002,2664 197,2661"/>
                <Baseline points="197,2656 241,2659 286,2656 331,2656 376,2659 420,2656 465,2659 510,2659 555,2659 599,2659 644,2662 689,2662 734,2665 779,2662 823,2662 868,2662 913,2662 958,2659 1002,2659 1044,2656"/>
                <TextEquiv>
                    <Unicode>dcery · woly · oſly · y owce · ſtanek take</Unicode>
                </TextEquiv>
            </TextLine>
            <TextLine id="r_2_tl_40" custom="readingOrder {index:39;} abbrev {offset:0; length:3;expansion:geho;} textStyle {offset:2; length:1;superscript:true;}">
                <Coords points="205,2677 1044,2677 1044,2727 205,2727"/>
                <Baseline points="205,2722 250,2722 295,2722 340,2722 385,2722 429,2722 474,2722 519,2725 564,2725 608,2725 653,2725 698,2728 743,2725 788,2728 832,2728 877,2725 922,2725 967,2725 1011,2722 1044,2722"/>
                <TextEquiv>
                    <Unicode>geo ſe wſſemi nadobami · a weſſkeren</Unicode>
                </TextEquiv>
            </TextLine>
            <TextLine id="r_2_tl_41" custom="readingOrder {index:40;}">
                <Coords points="191,2736 1047,2739 1047,2789 191,2786"/>
                <Baseline points="191,2781 235,2781 280,2784 325,2787 370,2787 414,2787 459,2784 504,2784 549,2787 593,2787 638,2787 683,2787 728,2790 773,2790 817,2787 862,2787 907,2787 952,2784 996,2784 1041,2781 1047,2784"/>
                <TextEquiv>
                    <Unicode>lid yzrahelſky ſ nim · wedli ſu ge do vdo¬</Unicode>
                </TextEquiv>
            </TextLine>
            <TextLine id="r_2_tl_42" custom="readingOrder {index:41;}">
                <Coords points="197,2799 1053,2805 1053,2855 197,2849"/>
                <Baseline points="197,2844 241,2844 286,2847 331,2847 376,2847 420,2847 465,2850 510,2850 555,2853 599,2850 644,2853 689,2853 734,2853 779,2853 823,2853 868,2850 913,2850 958,2847 1002,2850 1047,2850 1053,2850"/>
                <TextEquiv>
                    <Unicode>le Achor · kdeżto rzekl ge Iozue · Ze</Unicode>
                </TextEquiv>
            </TextLine>
            <TextLine id="r_2_tl_43" custom="readingOrder {index:42;}">
                <Coords points="205,2865 1044,2862 1044,2912 910,2921 205,2915"/>
                <Baseline points="205,2910 238,2910 283,2910 328,2910 373,2910 417,2910 462,2910 507,2910 552,2910 596,2913 641,2913 686,2916 731,2916 776,2916 820,2916 865,2913 910,2916 955,2913 999,2910 1044,2907"/>
                <TextEquiv>
                    <Unicode>ſy zarmutil nas · zarmutiż take tebe pan</Unicode>
                </TextEquiv>
            </TextLine>
            <TextLine id="r_2_tl_44" custom="readingOrder {index:43;}">
                <Coords points="205,2921 1053,2927 1053,2977 1011,2980 205,2971"/>
                <Baseline points="205,2966 250,2969 295,2969 340,2972 385,2975 429,2975 474,2975 519,2975 564,2972 608,2972 653,2975 698,2978 743,2978 788,2978 832,2975 877,2978 922,2975 967,2975 1011,2975 1053,2972"/>
                <TextEquiv>
                    <Unicode>buoh w tento den Y vkamenowal geſt</Unicode>
                </TextEquiv>
            </TextLine>
            <TextLine id="r_2_tl_45" custom="readingOrder {index:44;}">
                <Coords points="214,2984 1053,2996 1053,3046 214,3034"/>
                <Baseline points="214,3029 259,3032 304,3032 349,3035 394,3035 438,3035 483,3038 528,3038 573,3041 617,3041 662,3041 707,3041 752,3041 796,3038 841,3035 886,3038 931,3041 976,3041 1020,3041 1053,3041"/>
                <TextEquiv>
                    <Unicode>gey weſſkeren lid yzrahelsky · a coż by¬</Unicode>
                </TextEquiv>
            </TextLine>
            <TextLine id="r_2_tl_46" custom="readingOrder {index:45;}">
                <Coords points="199,3044 1047,3056 1047,3106 199,3094"/>
                <Baseline points="199,3089 244,3092 289,3095 334,3098 379,3098 423,3101 468,3101 513,3101 558,3104 602,3104 647,3104 692,3107 737,3104 782,3104 826,3104 871,3104 916,3101 961,3098 1005,3098 1047,3101"/>
                <TextEquiv>
                    <Unicode>lo geho · wſſeczko ohniem ſpalili · a na¬</Unicode>
                </TextEquiv>
            </TextLine>
            <TextEquiv>
                <Unicode>poſſkwrnil.Ꝓtoż ſe diete ſe rano wſſic¬ 
ni.a prziſtupit geden każdy s ſwym
pokolením.a na ktereżkoli pokoleníe do¬
padne.prziſtupit po ſwych cżeledech
a czeledi po mužíech.A ktożby koli nale¬
zen byl w tom hrzíechu tenṫ ſpalen budē 
ohniem ſewſſími ſtatē ſwym nebo pṙe¬ 
ſtupil ce miluwi bożi a vċinil hṙíech
tieżko w lidu prahel.Tehdy onie¬
wſtaw rano poſtawil ce lid vzrahele v¬
ho pokoleni cich.a ſpadl ce los na po¬
koleníe.Iuda.ktereżto kdyż ſtalo s ſwo¬
mi ċeledni.nalezena cieſt ċeled zaṙe.a¬
tu rozdieli po mužíech.nalezl radi¬
kterużto ċele rozdieli w mie każdeho¬
wlaſtie.nalezl a chana ſyna ari¬
ſyna zabi.ſna zarowa pokoleníe vi¬
dowa.Y nece achanowi.Synu mo v¬
day chwalu panu bohu zrahelſkemu
a wyzna ſe.Powiezni czo vcżinil
neta.Odpowiediel achan.Ioze.a rze¬
kl nie.Zagiſte ia ſem ſhrzeẛil panu
bohu vzrahelſkemv a takto ſen vcżinil. 
Szrzel ſem nevczini vini wiecmi ſu pe¬
že plaſi bratnyehni dobry a dwie¬
ſie lotrow ſtrzíebra.a tak prawidlo
zlatte padeſat lotrow.a pożadaw wzal
ſem a ſkryl ſem wzemi proti polowicz¬
ſtanku meho.Strzíebro pak tak ſem za¬
kopal w zemi.Tehdy poſlal.Iozṙíe ſlu¬
żebniky kterzížto bieżewſſe do ſtanku¬
ẛeho.nalezli ſu wſſecko wiec y ſkryto
wcem mieſtie.vſtrzíebro take.a wzem¬
ſſe ge z ſtanu.przineſli bożie.a ke¬
wſſem ſynom vzrahelſkyni.a powrh¬
li ſu ce pṙed panem boha.Tehdy popraw¬ 
bożie chana ſyna zare.ſtrzíebro v¬
plaſt.y prawidlo zlatte.Synu tak v¬
dcery.wolo.oſly.y owce ſtanek to¬
cíeo ſe wſſemi nadobami.a weẛken 
ſie vzrahelſky ſnim.wedli ſu ce do do¬
le.Achor kdeżto rzekl ce Ioriele¬
ſy zarmutil nas.zarmuti tak tebe pan¬
boh w tento den.Yvkamenowal cieſt¬
gey w kren lid vzrale.a což by¬
lo geho.wſſecko ohniem ſpalili.a na¬</Unicode>
            </TextEquiv>
        </TextRegion>
        <TextRegion id="r_3" custom="readingOrder {index:1;}">
            <Coords points="1125,235 2043,235 2043,3154 1125,3154"/>
            <TextLine id="r_3_tl_1" custom="readingOrder {index:0;}">
                <Coords points="1140,244 2020,250 2020,300 1140,294"/>
                <Baseline points="1140,289 1185,295 1229,292 1274,292 1319,292 1364,292 1408,292 1453,292 1498,292 1543,292 1587,292 1632,292 1677,292 1722,292 1767,292 1811,292 1856,292 1901,292 1946,292 1990,295 2020,295"/>
                <TextEquiv>
                    <Unicode>metali ſu naṅ weliku hromadu kamenie</Unicode>
                </TextEquiv>
            </TextLine>
            <TextLine id="r_3_tl_2" custom="readingOrder {index:1;}">
                <Coords points="1146,313 2011,316 2011,366 1146,363"/>
                <Baseline points="1146,358 1190,358 1235,355 1280,355 1325,355 1370,355 1414,355 1459,355 1504,355 1549,355 1593,358 1638,355 1683,355 1728,358 1773,355 1817,355 1862,355 1907,358 1952,358 1996,358 2011,361"/>
                <TextEquiv>
                    <Unicode>kteraż trwa aż do dneſſnieho dne · a tak</Unicode>
                </TextEquiv>
            </TextLine>
            <TextLine id="r_3_tl_3" custom="readingOrder {index:2;}">
                <Coords points="1143,369 1996,372 1996,422 1143,419"/>
                <Baseline points="1143,414 1187,417 1232,417 1277,417 1322,417 1367,417 1411,417 1456,417 1501,417 1546,417 1590,417 1635,417 1680,417 1725,417 1770,417 1814,417 1859,417 1904,417 1949,417 1993,417 1996,417"/>
                <TextEquiv>
                    <Unicode>odwratil ſe hniew bożi od nich · y naz¬</Unicode>
                </TextEquiv>
            </TextLine>
            <TextLine id="r_3_tl_4" custom="readingOrder {index:3;}">
                <Coords points="1146,432 2002,438 2002,488 1146,482"/>
                <Baseline points="1146,477 1190,477 1235,480 1280,480 1325,480 1370,480 1414,480 1459,480 1504,480 1549,480 1593,480 1638,480 1683,480 1728,480 1773,480 1817,480 1862,480 1907,480 1952,483 1996,483 2002,483"/>
                <TextEquiv>
                    <Unicode>wano geſt mieſto to · udole Achor aż</Unicode>
                </TextEquiv>
            </TextLine>
            <TextLine id="r_3_tl_5" custom="readingOrder {index:4;}">
                <Coords points="1140,495 1396,495 1396,545 1140,545"/>
                <Baseline points="1140,540 1185,543 1229,543 1274,543 1319,543 1364,540 1396,540"/>
                <TextEquiv>
                    <Unicode>do dneſſka ·</Unicode>
                </TextEquiv>
            </TextLine>
            <TextLine id="r_3_tl_6" custom="readingOrder {index:5;}">
                <Coords points="1411,560 1710,563 1799,551 1799,601 1755,610 1411,610"/>
                <Baseline points="1411,605 1441,605 1486,605 1531,605 1576,605 1620,605 1665,605 1710,608 1755,605 1799,596"/>
                <TextEquiv>
                    <Unicode>Capitola · VIII ·</Unicode>
                </TextEquiv>
            </TextLine>
            <TextLine id="r_3_tl_7" custom="readingOrder {index:6;}">
                <Coords points="1295,620 1999,617 1999,667 1295,670"/>
                <Baseline points="1295,665 1328,668 1373,668 1417,668 1462,668 1507,668 1552,668 1596,671 1641,668 1686,668 1731,668 1776,665 1820,665 1865,665 1910,665 1955,662 1999,662"/>
                <TextEquiv>
                    <Unicode>Ehdy mluwil pan buoh k Io¬</Unicode>
                </TextEquiv>
            </TextLine>
            <TextLine id="r_3_tl_8" custom="readingOrder {index:7;}">
                <Coords points="1304,683 2005,680 2005,730 1304,733"/>
                <Baseline points="1304,728 1334,731 1379,731 1423,731 1468,731 1513,734 1558,731 1602,731 1647,731 1692,731 1737,731 1781,731 1826,725 1871,728 1916,725 1961,728 2005,725"/>
                <TextEquiv>
                    <Unicode>zue Neboy ſe ani lekay Pogmi</Unicode>
                </TextEquiv>
            </TextLine>
            <TextLine id="r_3_tl_9" custom="readingOrder {index:8;}">
                <Coords points="1271,748 2005,743 2005,793 1271,798"/>
                <Baseline points="1271,793 1289,793 1334,793 1379,793 1423,793 1468,793 1513,793 1558,793 1602,793 1647,793 1692,793 1737,793 1781,791 1826,791 1871,791 1916,791 1961,791 2005,788"/>
                <TextEquiv>
                    <Unicode>s ſebu wſſecko mnozſtwie boyo¬</Unicode>
                </TextEquiv>
            </TextLine>
            <TextLine id="r_3_tl_10" custom="readingOrder {index:9;}">
                <Coords points="1143,808 1999,808 1999,858 1143,858"/>
                <Baseline points="1143,853 1187,850 1232,853 1277,853 1322,853 1367,850 1411,853 1456,853 1501,853 1546,856 1590,853 1635,853 1680,856 1725,856 1770,853 1814,856 1859,853 1904,853 1949,853 1993,853 1999,853"/>
                <TextEquiv>
                    <Unicode>wnikuow · a wſtana gdi k Mieſtu hay</Unicode>
                </TextEquiv>
            </TextLine>
            <TextLine id="r_3_tl_11" custom="readingOrder {index:10;}">
                <Coords points="1137,871 1999,871 1999,921 1137,921"/>
                <Baseline points="1137,916 1182,913 1226,913 1271,916 1316,913 1361,916 1405,916 1450,916 1495,916 1540,916 1584,916 1629,916 1674,916 1719,916 1764,916 1808,916 1853,916 1898,913 1943,913 1987,913 1999,916"/>
                <TextEquiv>
                    <Unicode>ay dalṫ ſem w rucze twe krale geho y lid</Unicode>
                </TextEquiv>
            </TextLine>
            <TextLine id="r_3_tl_12" custom="readingOrder {index:11;}">
                <Coords points="1143,934 1999,931 1999,981 1143,984"/>
                <Baseline points="1143,979 1149,979 1193,979 1238,979 1283,979 1328,979 1373,976 1417,979 1462,976 1507,976 1552,979 1596,979 1641,979 1686,979 1731,979 1776,979 1820,979 1865,979 1910,976 1955,976 1999,976"/>
                <TextEquiv>
                    <Unicode>Mieſto y zemi · vcżiniſs Mieſtu Hay</Unicode>
                </TextEquiv>
            </TextLine>
            <TextLine id="r_3_tl_13" custom="readingOrder {index:12;}">
                <Coords points="1137,993 2002,996 2002,1046 1137,1043"/>
                <Baseline points="1137,1038 1182,1041 1226,1041 1271,1038 1316,1038 1361,1041 1405,1041 1450,1041 1495,1041 1540,1038 1584,1038 1629,1041 1674,1041 1719,1041 1764,1038 1808,1038 1853,1038 1898,1038 1943,1038 1987,1038 2002,1041"/>
                <TextEquiv>
                    <Unicode>iakos vcżinil yerychu y krali geho Lu¬</Unicode>
                </TextEquiv>
            </TextLine>
            <TextLine id="r_3_tl_14" custom="readingOrder {index:13;}">
                <Coords points="1134,1056 2002,1056 2002,1106 1134,1106"/>
                <Baseline points="1134,1101 1179,1104 1223,1101 1268,1101 1313,1101 1358,1101 1402,1101 1447,1104 1492,1101 1537,1104 1582,1101 1626,1101 1671,1101 1716,1101 1761,1104 1805,1104 1850,1101 1895,1101 1940,1101 1984,1101 2002,1101"/>
                <TextEquiv>
                    <Unicode>peż pak · a weſſkeren dobytek rozbitu¬</Unicode>
                </TextEquiv>
            </TextLine>
            <TextLine id="r_3_tl_15" custom="readingOrder {index:14;}">
                <Coords points="1134,1116 2005,1113 2005,1163 1964,1169 1134,1166"/>
                <Baseline points="1134,1161 1158,1164 1202,1164 1247,1164 1292,1164 1337,1164 1382,1164 1426,1164 1471,1164 1516,1161 1561,1164 1605,1164 1650,1164 1695,1161 1740,1164 1784,1164 1829,1164 1874,1161 1919,1161 1964,1164 2005,1158"/>
                <TextEquiv>
                    <Unicode>gete mezy ſebu · Zdielay zalohu za Mie¬</Unicode>
                </TextEquiv>
            </TextLine>
            <TextLine id="r_3_tl_16" custom="readingOrder {index:15;}">
                <Coords points="1140,1184 2002,1172 2002,1222 1958,1228 1140,1234"/>
                <Baseline points="1140,1229 1152,1229 1196,1226 1241,1226 1286,1226 1331,1229 1376,1226 1420,1226 1465,1226 1510,1226 1555,1226 1599,1226 1644,1223 1689,1223 1734,1223 1779,1223 1823,1223 1868,1223 1913,1223 1958,1223 2002,1217"/>
                <TextEquiv>
                    <Unicode>ſtem Tehdy wſtal ge yozue a wſſecko</Unicode>
                </TextEquiv>
            </TextLine>
            <TextLine id="r_3_tl_17" custom="readingOrder {index:16;}">
                <Coords points="1140,1244 2002,1238 2002,1288 1958,1291 1140,1294"/>
                <Baseline points="1140,1289 1152,1289 1196,1289 1241,1289 1286,1289 1331,1289 1376,1289 1420,1289 1465,1289 1510,1289 1555,1289 1599,1286 1644,1286 1689,1286 1734,1286 1779,1286 1823,1286 1868,1286 1913,1286 1958,1286 2002,1283"/>
                <TextEquiv>
                    <Unicode>woyſko boyownikuow ſ nim aby tahli k</Unicode>
                </TextEquiv>
            </TextLine>
            <TextLine id="r_3_tl_18" custom="readingOrder {index:17;}">
                <Coords points="1146,1307 2008,1298 2008,1348 1146,1357"/>
                <Baseline points="1146,1352 1158,1355 1202,1352 1247,1352 1292,1352 1337,1349 1382,1349 1426,1352 1471,1352 1516,1349 1561,1349 1605,1349 1650,1349 1695,1349 1740,1349 1784,1349 1829,1349 1874,1349 1919,1346 1964,1346 2008,1343"/>
                <TextEquiv>
                    <Unicode>Mieſtu hay: a wybraw yozue trzidce¬</Unicode>
                </TextEquiv>
            </TextLine>
            <TextLine id="r_3_tl_19" custom="readingOrder {index:18;}">
                <Coords points="1134,1366 2005,1360 2005,1410 1134,1416"/>
                <Baseline points="1134,1411 1155,1414 1199,1414 1244,1411 1289,1411 1334,1414 1379,1411 1423,1411 1468,1411 1513,1411 1558,1411 1602,1411 1647,1408 1692,1411 1737,1408 1781,1408 1826,1408 1871,1408 1916,1408 1961,1405 2005,1405"/>
                <TextEquiv>
                    <Unicode>ti tiſyczuow mużuow ſylnych · poſlal</Unicode>
                </TextEquiv>
            </TextLine>
            <TextLine id="r_3_tl_20" custom="readingOrder {index:19;}">
                <Coords points="1146,1432 2005,1423 2005,1473 1146,1482"/>
                <Baseline points="1146,1477 1155,1474 1199,1474 1244,1474 1289,1474 1334,1474 1379,1471 1423,1474 1468,1471 1513,1474 1558,1474 1602,1471 1647,1471 1692,1471 1737,1471 1781,1471 1826,1474 1871,1471 1916,1468 1961,1471 2005,1468"/>
                <TextEquiv>
                    <Unicode>ge w noci · a przikazal gim rzka Vcżinte</Unicode>
                </TextEquiv>
            </TextLine>
            <TextLine id="r_3_tl_21" custom="readingOrder {index:20;}">
                <Coords points="1143,1492 1999,1492 1999,1542 1143,1542"/>
                <Baseline points="1143,1537 1187,1540 1232,1537 1277,1537 1322,1537 1367,1537 1411,1534 1456,1534 1501,1537 1546,1537 1590,1534 1635,1534 1680,1534 1725,1534 1770,1534 1814,1534 1859,1534 1904,1534 1949,1534 1993,1534 1999,1537"/>
                <TextEquiv>
                    <Unicode>zalohu za Mieſtem aniż daal odchazeg¬</Unicode>
                </TextEquiv>
            </TextLine>
            <TextLine id="r_3_tl_22" custom="readingOrder {index:21;}">
                <Coords points="1140,1554 2005,1545 2005,1595 1140,1604"/>
                <Baseline points="1140,1599 1155,1599 1199,1599 1244,1596 1289,1599 1334,1599 1379,1599 1423,1596 1468,1596 1513,1599 1558,1596 1602,1596 1647,1596 1692,1593 1737,1596 1781,1596 1826,1596 1871,1596 1916,1593 1961,1593 2005,1590"/>
                <TextEquiv>
                    <Unicode>te a budete wſſickni hotowi: ya pak a</Unicode>
                </TextEquiv>
            </TextLine>
            <TextLine id="r_3_tl_23" custom="readingOrder {index:22;}">
                <Coords points="1149,1614 2008,1608 2008,1658 1964,1661 1149,1664"/>
                <Baseline points="1149,1659 1158,1662 1202,1659 1247,1659 1292,1662 1337,1659 1382,1659 1426,1659 1471,1659 1516,1659 1561,1662 1605,1659 1650,1659 1695,1659 1740,1656 1784,1659 1829,1656 1874,1656 1919,1656 1964,1656 2008,1653"/>
                <TextEquiv>
                    <Unicode>wſſecko mnozſwie ktereż ſe mnu geſt</Unicode>
                </TextEquiv>
            </TextLine>
            <TextLine id="r_3_tl_24" custom="readingOrder {index:23;}">
                <Coords points="1149,1683 2014,1674 2014,1724 1149,1733"/>
                <Baseline points="1149,1728 1164,1725 1208,1722 1253,1722 1298,1722 1343,1722 1387,1722 1432,1722 1477,1722 1522,1722 1567,1722 1611,1722 1656,1722 1701,1719 1746,1719 1790,1719 1835,1719 1880,1716 1925,1716 1970,1716 2014,1719"/>
                <TextEquiv>
                    <Unicode>prziſtaupime k Mieſtu proti niemu A</Unicode>
                </TextEquiv>
            </TextLine>
            <TextLine id="r_3_tl_25" custom="readingOrder {index:24;}">
                <Coords points="1143,1745 2005,1731 2005,1781 1143,1795"/>
                <Baseline points="1143,1790 1155,1787 1199,1787 1244,1787 1289,1784 1334,1784 1379,1784 1423,1781 1468,1784 1513,1781 1558,1781 1602,1781 1647,1781 1692,1781 1737,1781 1781,1781 1826,1779 1871,1779 1916,1779 1961,1779 2005,1776"/>
                <TextEquiv>
                    <Unicode>kdyż s ſtekau na nas iako prwe vteċeme</Unicode>
                </TextEquiv>
            </TextLine>
            <TextLine id="r_3_tl_26" custom="readingOrder {index:25;}">
                <Coords points="1146,1808 1999,1790 1999,1840 1955,1846 1146,1858"/>
                <Baseline points="1146,1853 1149,1853 1193,1850 1238,1847 1283,1847 1328,1847 1373,1847 1417,1844 1462,1847 1507,1844 1552,1844 1596,1844 1641,1844 1686,1844 1731,1841 1776,1841 1820,1841 1865,1841 1910,1841 1955,1841 1999,1835"/>
                <TextEquiv>
                    <Unicode>przed nimi · ażby podaal od Mieſta wy¬</Unicode>
                </TextEquiv>
            </TextLine>
            <TextLine id="r_3_tl_27" custom="readingOrder {index:26;}">
                <Coords points="1140,1871 2014,1859 2014,1909 1140,1921"/>
                <Baseline points="1140,1916 1164,1913 1208,1910 1253,1910 1298,1907 1343,1907 1387,1907 1432,1907 1477,1907 1522,1907 1567,1904 1611,1907 1656,1907 1701,1907 1746,1904 1790,1904 1835,1904 1880,1904 1925,1904 1970,1904 2014,1904"/>
                <TextEquiv>
                    <Unicode>biehli za nami neprzatelee · nebṫ mnieti</Unicode>
                </TextEquiv>
            </TextLine>
            <TextLine id="r_3_tl_28" custom="readingOrder {index:27;} abbrev {offset:36; length:4;expansion:protoż;}">
                <Coords points="1140,1931 2008,1919 2008,1969 1140,1981"/>
                <Baseline points="1140,1976 1158,1976 1202,1973 1247,1973 1292,1973 1337,1973 1382,1970 1426,1970 1471,1970 1516,1970 1561,1970 1605,1970 1650,1967 1695,1967 1740,1967 1784,1967 1829,1967 1874,1967 1919,1964 1964,1967 2008,1964"/>
                <TextEquiv>
                    <Unicode>budu że opiet vtiekanie iako prwe · ꝓtoż</Unicode>
                </TextEquiv>
            </TextLine>
            <TextLine id="r_3_tl_29" custom="readingOrder {index:28;}">
                <Coords points="1143,1993 2008,1978 2008,2028 1143,2043"/>
                <Baseline points="1143,2038 1158,2038 1202,2035 1247,2035 1292,2035 1337,2032 1382,2032 1426,2029 1471,2029 1516,2029 1561,2029 1605,2029 1650,2029 1695,2026 1740,2026 1784,2026 1829,2026 1874,2026 1919,2026 1964,2026 2008,2023"/>
                <TextEquiv>
                    <Unicode>kdyż my budem vtiekati · a oni nas bu¬</Unicode>
                </TextEquiv>
            </TextLine>
            <TextLine id="r_3_tl_30" custom="readingOrder {index:29;}">
                <Coords points="1143,2050 2005,2041 2005,2091 1143,2100"/>
                <Baseline points="1143,2095 1155,2098 1199,2098 1244,2098 1289,2095 1334,2095 1379,2092 1423,2092 1468,2092 1513,2092 1558,2092 1602,2092 1647,2089 1692,2089 1737,2092 1781,2089 1826,2089 1871,2086 1916,2086 1961,2089 2005,2086"/>
                <TextEquiv>
                    <Unicode>du honiti: tehdy wy wyſkocżite z zaloh</Unicode>
                </TextEquiv>
            </TextLine>
            <TextLine id="r_3_tl_31" custom="readingOrder {index:30;}">
                <Coords points="1143,2116 2011,2107 2011,2157 1143,2166"/>
                <Baseline points="1143,2161 1161,2161 1205,2158 1250,2158 1295,2158 1340,2158 1384,2158 1429,2155 1474,2155 1519,2155 1564,2155 1608,2155 1653,2155 1698,2152 1743,2155 1787,2152 1832,2149 1877,2149 1922,2152 1967,2149 2011,2152"/>
                <TextEquiv>
                    <Unicode>a wbiehniete do Mieſta a zkazyte ge a daṫ</Unicode>
                </TextEquiv>
            </TextLine>
            <TextLine id="r_3_tl_32" custom="readingOrder {index:31;}">
                <Coords points="1140,2175 2011,2172 2011,2222 1140,2225"/>
                <Baseline points="1140,2220 1161,2223 1205,2223 1250,2220 1295,2220 1340,2217 1384,2217 1429,2214 1474,2217 1519,2214 1564,2214 1608,2217 1653,2214 1698,2214 1743,2214 1787,2214 1832,2211 1877,2214 1922,2214 1967,2214 2011,2217"/>
                <TextEquiv>
                    <Unicode>ge pan buoh naṡ w rucze waſſe · a kdyż</Unicode>
                </TextEquiv>
            </TextLine>
            <TextLine id="r_3_tl_33" custom="readingOrder {index:32;}">
                <Coords points="1149,2241 2005,2229 2005,2279 1149,2291"/>
                <Baseline points="1149,2286 1155,2286 1199,2283 1244,2283 1289,2280 1334,2280 1379,2280 1423,2280 1468,2277 1513,2280 1558,2277 1602,2277 1647,2277 1692,2277 1737,2277 1781,2274 1826,2271 1871,2271 1916,2271 1961,2271 2005,2274"/>
                <TextEquiv>
                    <Unicode>budete mieti Mieſto zapaſteż ge · vdie¬</Unicode>
                </TextEquiv>
            </TextLine>
            <TextLine id="r_3_tl_34" custom="readingOrder {index:33;}">
                <Coords points="1152,2304 2005,2283 2005,2333 1152,2354"/>
                <Baseline points="1152,2349 1155,2346 1199,2346 1244,2346 1289,2346 1334,2346 1379,2343 1423,2343 1468,2340 1513,2340 1558,2340 1602,2340 1647,2337 1692,2340 1737,2340 1781,2340 1826,2337 1871,2337 1916,2334 1961,2331 2005,2328"/>
                <TextEquiv>
                    <Unicode>layteż tak wſſeczko iakoż ſem kazal Y po¬</Unicode>
                </TextEquiv>
            </TextLine>
            <TextLine id="r_3_tl_35" custom="readingOrder {index:34;}">
                <Coords points="1149,2366 2005,2351 2005,2401 1149,2416"/>
                <Baseline points="1149,2411 1155,2411 1199,2408 1244,2405 1289,2405 1334,2405 1379,2402 1423,2402 1468,2402 1513,2402 1558,2402 1602,2402 1647,2399 1692,2399 1737,2399 1781,2399 1826,2399 1871,2396 1916,2396 1961,2396 2005,2396"/>
                <TextEquiv>
                    <Unicode>ſlal geſt ge · a prziſſli ſu na mieſto kdeż</Unicode>
                </TextEquiv>
            </TextLine>
            <TextLine id="r_3_tl_36" custom="readingOrder {index:35;}">
                <Coords points="1146,2429 2011,2414 2011,2464 1146,2479"/>
                <Baseline points="1146,2474 1161,2471 1205,2471 1250,2468 1295,2468 1340,2468 1384,2468 1429,2468 1474,2465 1519,2465 1564,2462 1608,2465 1653,2462 1698,2462 1743,2462 1787,2462 1832,2459 1877,2462 1922,2459 1967,2459 2011,2459"/>
                <TextEquiv>
                    <Unicode>ſtali w zaloze: Y byli ſu mezy bethel a</Unicode>
                </TextEquiv>
            </TextLine>
            <TextLine id="r_3_tl_37" custom="readingOrder {index:36;}">
                <Coords points="1146,2492 2014,2477 2014,2527 1146,2542"/>
                <Baseline points="1146,2537 1164,2537 1208,2534 1253,2531 1298,2531 1343,2528 1387,2528 1432,2531 1477,2528 1522,2528 1567,2528 1611,2525 1656,2525 1701,2525 1746,2525 1790,2525 1835,2522 1880,2522 1925,2519 1970,2519 2014,2522"/>
                <TextEquiv>
                    <Unicode>hay k zapadu ſlunce Mieſta hay: yozue</Unicode>
                </TextEquiv>
            </TextLine>
            <TextLine id="r_3_tl_38" custom="readingOrder {index:37;}">
                <Coords points="1146,2554 2020,2533 2020,2583 1146,2604"/>
                <Baseline points="1146,2599 1170,2596 1214,2596 1259,2596 1304,2593 1349,2593 1393,2590 1438,2590 1483,2590 1528,2590 1573,2590 1617,2587 1662,2587 1707,2587 1752,2584 1796,2584 1841,2584 1886,2584 1931,2581 1976,2581 2020,2578"/>
                <TextEquiv>
                    <Unicode>pak tu nocz zuoſtal vproſtrzed woyſka</Unicode>
                </TextEquiv>
            </TextLine>
            <TextLine id="r_3_tl_39" custom="readingOrder {index:38;}">
                <Coords points="1140,2611 2020,2596 2020,2646 1140,2661"/>
                <Baseline points="1140,2656 1170,2656 1214,2656 1259,2656 1304,2656 1349,2653 1393,2653 1438,2653 1483,2650 1528,2650 1573,2650 1617,2650 1662,2647 1707,2647 1752,2650 1796,2650 1841,2644 1886,2641 1931,2644 1976,2644 2020,2641"/>
                <TextEquiv>
                    <Unicode>a wſtaw rano zcżetl boyowniky · a zſſi¬</Unicode>
                </TextEquiv>
            </TextLine>
            <TextLine id="r_3_tl_40" custom="readingOrder {index:39;} abbrev {offset:13; length:2;expansion:geſt;}">
                <Coords points="1140,2677 2011,2662 2011,2712 1140,2727"/>
                <Baseline points="1140,2722 1161,2719 1205,2719 1250,2719 1295,2716 1340,2716 1384,2716 1429,2716 1474,2713 1519,2713 1564,2713 1608,2710 1653,2713 1698,2713 1743,2710 1787,2707 1832,2710 1877,2710 1922,2707 1967,2707 2011,2707"/>
                <TextEquiv>
                    <Unicode>kowal Y tahl ḡt on ſam naprzed ſ ſtar¬</Unicode>
                </TextEquiv>
            </TextLine>
            <TextLine id="r_3_tl_41" custom="readingOrder {index:40;}">
                <Coords points="1164,2745 2011,2719 2011,2769 1164,2795"/>
                <Baseline points="1164,2790 1211,2781 1256,2781 1301,2778 1346,2778 1390,2775 1435,2775 1480,2775 1525,2775 1570,2775 1614,2775 1659,2775 1704,2772 1749,2772 1793,2772 1838,2769 1883,2767 1928,2769 1973,2764 2011,2764"/>
                <TextEquiv>
                    <Unicode>ſſijmi lidu mage okolo ſebe hufy bo yo¬</Unicode>
                </TextEquiv>
            </TextLine>
            <TextLine id="r_3_tl_42" custom="readingOrder {index:41;}">
                <Coords points="1146,2796 2011,2781 2011,2831 1146,2846"/>
                <Baseline points="1146,2841 1161,2844 1205,2844 1250,2844 1295,2838 1340,2838 1384,2835 1429,2835 1474,2838 1519,2841 1564,2835 1608,2838 1653,2838 1698,2835 1743,2835 1787,2832 1832,2832 1877,2832 1922,2832 1967,2829 2011,2826"/>
                <TextEquiv>
                    <Unicode>wnikow · Y kdyż przitahli proti Mie¬</Unicode>
                </TextEquiv>
            </TextLine>
            <TextLine id="r_3_tl_43" custom="readingOrder {index:42;} abbrev {offset:38; length:2;expansion:geſt;}">
                <Coords points="1149,2862 2008,2847 2008,2897 1149,2912"/>
                <Baseline points="1149,2907 1158,2907 1202,2907 1247,2907 1292,2907 1337,2904 1382,2904 1426,2901 1471,2901 1516,2901 1561,2901 1605,2901 1650,2898 1695,2898 1740,2898 1784,2895 1829,2898 1874,2895 1919,2895 1964,2892 2008,2892"/>
                <TextEquiv>
                    <Unicode>ſtu ſtali ſu na ſtranie Mieſta kteraż ḡt</Unicode>
                </TextEquiv>
            </TextLine>
            <TextLine id="r_3_tl_44" custom="readingOrder {index:43;}">
                <Coords points="1149,2924 2005,2904 2005,2954 1961,2960 1149,2974"/>
                <Baseline points="1149,2969 1155,2972 1199,2966 1244,2966 1289,2966 1334,2964 1379,2964 1423,2964 1468,2964 1513,2964 1558,2964 1602,2961 1647,2961 1692,2961 1737,2958 1781,2958 1826,2958 1871,2958 1916,2955 1961,2955 2005,2949"/>
                <TextEquiv>
                    <Unicode>k poulnoczy · mezy kteruż a gimi pro¬</Unicode>
                </TextEquiv>
            </TextLine>
            <TextLine id="r_3_tl_45" custom="readingOrder {index:44;}">
                <Coords points="1149,2993 2011,2963 2011,3013 1967,3019 1149,3043"/>
                <Baseline points="1149,3038 1161,3035 1205,3032 1250,3032 1295,3032 1340,3029 1384,3029 1429,3026 1474,3026 1519,3026 1564,3026 1608,3023 1653,3023 1698,3023 1743,3023 1787,3020 1832,3020 1877,3017 1922,3017 1967,3014 2011,3008"/>
                <TextEquiv>
                    <Unicode>ſtrzedku bylo vdole Piet pak tiſyczuow</Unicode>
                </TextEquiv>
            </TextLine>
            <TextLine id="r_3_tl_46" custom="readingOrder {index:45;}">
                <Coords points="1140,3050 2020,3026 2020,3076 1976,3082 1140,3100"/>
                <Baseline points="1140,3095 1170,3095 1214,3095 1259,3092 1304,3092 1349,3092 1393,3092 1438,3092 1483,3092 1528,3092 1573,3089 1617,3092 1662,3086 1707,3089 1752,3086 1796,3083 1841,3083 1886,3080 1931,3077 1976,3077 2020,3071"/>
                <TextEquiv>
                    <Unicode>mużuow wybral byl Iozue · a poſta¬</Unicode>
                </TextEquiv>
            </TextLine>
            <TextEquiv>
                <Unicode>netali ſu na weliku hromadu knie¬
kteraż trwá až do dne nieho dne.a tak
odwratil ſe hniew bożi od nich.yna¬
wano ceſt mieſto to ydole.Achor aż
do dne kr¬
Kapitola.C.
Ehdy mluwil pan boh bo¬
ne.Neboy ſe ani ſeka.Poċini¬
ſebú wſſecko mnozſtwíe ho po¬
niena wſtana cieſti hav¬
ay dalṫ ſem w ruce twe krale geho v lid¬
Mieſto vzemi.vcżiníſs.Mieſti.Kav¬
iako vczinil perychu v brali cieho.Mi¬
poż pak a kren dobytek roſitu¬
cete moy ſebu.Zdiela zaloli za mie¬
ſem.Tehdy wſtal ce rozie a wſſeck¬
woſko borowníkow ſnim.aby tali k¬
Meſti a a wybraw pożne trzidce¬
ti tiſiczuow mużow ſylnoci.poſlal
ce wnoci.a przikazal cżi ṙka cżinte
zalohanee ſtem aniż dal odchace¬
te a budete wſſickni hotowi a pak a¬
wſſecko mnie ſwie ktereż ſemnú cieſt
prziſtupíme Wíeſti proti niemu.N¬
kdyż sſti nanas iako prwe vċenie¬
przed nimi.aby poddal od Wieſta w¬
biehli nani neprzatelee.nebṫ mnieto¬ 
budu że opiet vtiekanie iako prie.Ꝓtoż 
kdyż my budem vtiekati.a oni nas bu¬
dij honiti tehdy wy w ſocżto zalo¬
a wbiehniete do mieſta a krzte ce adaċ¬
ce pan boh naṡ w ruce wáſſe.a kdyż
budete míeti.Wieſto zapaſto ċe vdie¬
lati tak wſſecko iakož ſem kral.Y po¬
ſlal cieſt gie.a prziſſli ſu namieſto.kdež¬
ſtali w žaloże Y ṙi ſu mezy bethel.a
ay kapadu ſlunce.Mieſta ha.rozie¬
pak tṙi nocż zuoſtal vproſtrzed weẛka¬
a wſtaw ranocżetl borownie paſſi¬
kowal.Y tahl ḡt on ſam naprzed ſtar¬ 
ṙími lidu mace okolo ſebe by po¬
wníkow.Y když przitali proti nie¬
ſtu ſtali ſu nā ſtranie.Wieſta kteraż cz¬ 
Epilnoci.mezy kri a cżiní pro¬
ſtrzedku bylo vdole.Piet pak tiſicznow¬
mużow wybral byl.Ioze.a poſta¬
v¬</Unicode>
            </TextEquiv>
        </TextRegion>
    </Page>
</PcGts>
