<?xml version="1.0" encoding="UTF-8" standalone="yes"?>
<PcGts xmlns="http://schema.primaresearch.org/PAGE/gts/pagecontent/2013-07-15" xmlns:xsi="http://www.w3.org/2001/XMLSchema-instance" xsi:schemaLocation="http://schema.primaresearch.org/PAGE/gts/pagecontent/2013-07-15 http://schema.primaresearch.org/PAGE/gts/pagecontent/2013-07-15/pagecontent.xsd">
    <Metadata>
        <Creator>prov=READ-COOP:name=PyLaia@TranskribusPlatform:version=2.20.0:model_id=58856:lm=none:date=02_12_2024_15:42</Creator>
        <Created>2024-11-22T17:31:56.926+01:00</Created>
        <LastChange>2024-12-10T15:19:38.125+01:00</LastChange>
        <TranskribusMetadata docId="5363448" pageId="84627002" pageNr="1149" tsid="211437030" status="GT" userId="100969" imgUrl="https://files.transkribus.eu/Get?id=ESQOWBAIHKXBZZLXQSSVBRVM&amp;fileType=view" xmlUrl="https://files.transkribus.eu/Get?id=SSKIQEJPVPZGWSQFQLKFGMDD" imageId="69899168"/>
    </Metadata>
    <Page imageFilename="DTL_547662-1150.jpeg" imageWidth="2530" imageHeight="3955">
        <ReadingOrder>
            <OrderedGroup id="ro_1734605781814" caption="Regions reading order">
                <RegionRefIndexed index="0" regionRef="r_37"/>
                <RegionRefIndexed index="1" regionRef="r_38"/>
                <RegionRefIndexed index="2" regionRef="r_39"/>
            </OrderedGroup>
        </ReadingOrder>
        <TextRegion id="r_37" custom="readingOrder {index:0;}">
            <Coords points="1233,85 1608,85 1608,185 1233,185"/>
            <TextLine id="r_37_tl_1" custom="readingOrder {index:0;}">
                <Coords points="1334,174 1365,165 1390,185 1443,175 1503,185 1527,169 1581,157 1581,101 1549,88 1501,109 1468,83 1417,94 1334,91"/>
                <Baseline points="1340,152 1358,146 1402,146 1447,149 1492,152 1537,149 1582,146"/>
                <TextEquiv>
                    <Unicode>k Zidom</Unicode>
                </TextEquiv>
            </TextLine>
            <TextEquiv>
                <Unicode></Unicode>
            </TextEquiv>
        </TextRegion>
        <TextRegion id="r_38" custom="readingOrder {index:1;}">
            <Coords points="485,273 1452,273 1452,3254 485,3254"/>
            <TextLine id="r_38_tl_1" custom="readingOrder {index:0;}">
                <Coords points="519,342 1414,345 1414,272 1332,250 519,281"/>
                <Baseline points="525,328 570,325 614,328 659,331 704,331 749,334 793,331 838,334 883,331 928,328 973,331 1017,328 1062,328 1107,331 1152,328 1196,328 1241,331 1286,328 1331,328 1376,328 1417,328"/>
                <TextEquiv>
                    <Unicode>le geho za podnoži noh geho Gednu za¬</Unicode>
                </TextEquiv>
            </TextLine>
            <TextLine id="r_38_tl_2" custom="readingOrder {index:1;}">
                <Coords points="527,414 1411,416 1412,344 1327,336 1246,364 1192,334 1046,362 528,344"/>
                <Baseline points="534,391 564,394 608,396 653,396 698,394 743,396 788,396 832,396 877,396 922,396 967,394 1011,394 1056,394 1101,394 1146,394 1190,394 1235,394 1280,391 1325,391 1370,388 1414,382"/>
                <TextEquiv>
                    <Unicode>giſte obieti dokonale poſwietil na wieky</Unicode>
                </TextEquiv>
            </TextLine>
            <TextLine id="r_38_tl_3" custom="readingOrder {index:2;}">
                <Coords points="533,478 1417,465 1417,412 1299,398 1073,428 976,400 533,412"/>
                <Baseline points="540,459 570,453 614,456 659,456 704,456 749,456 793,456 838,456 883,459 928,459 973,456 1017,456 1062,456 1107,456 1152,456 1196,456 1241,456 1286,456 1331,453 1376,453 1420,453"/>
                <TextEquiv>
                    <Unicode>ſwych wolenych Mame pak na ſwiede¬</Unicode>
                </TextEquiv>
            </TextLine>
            <TextLine id="r_38_tl_4" custom="readingOrder {index:3;} abbrev {offset:13; length:6;expansion:ſwateho;} textStyle {offset:18; length:1;superscript:true;} abbrev {offset:29; length:2;expansion:geſt;}">
                <Coords points="528,524 1417,538 1417,466 1391,463 528,474"/>
                <Baseline points="534,516 579,519 623,516 668,519 713,519 758,519 802,519 847,516 892,519 937,519 982,519 1026,519 1071,516 1116,516 1161,516 1205,516 1250,519 1295,519 1340,516 1384,519 1420,519"/>
                <TextEquiv>
                    <Unicode>cztwie ducha ſwateo Neb když ḡt rzekl</Unicode>
                </TextEquiv>
            </TextLine>
            <TextLine id="r_38_tl_5" custom="readingOrder {index:4;}">
                <Coords points="533,587 1071,617 1155,585 1201,611 1421,594 1421,549 1318,525 1231,552 1131,524 913,547 533,523"/>
                <Baseline points="540,582 573,582 617,585 662,582 707,582 752,582 796,585 841,585 886,585 931,585 976,585 1020,576 1065,582 1110,585 1155,582 1199,582 1244,582 1289,582 1334,582 1379,582 1423,579"/>
                <TextEquiv>
                    <Unicode>Totoṫ geſt zakon kteryž ſwiedcżiti budu</Unicode>
                </TextEquiv>
            </TextLine>
            <TextLine id="r_38_tl_6" custom="readingOrder {index:5;} abbrev {offset:2; length:2;expansion:nim;}">
                <Coords points="524,655 1417,658 1417,608 1351,591 1135,619 524,594"/>
                <Baseline points="531,641 576,644 620,641 665,644 710,644 755,644 799,644 844,644 889,647 934,650 979,650 1023,647 1068,647 1113,647 1158,644 1202,644 1247,644 1292,644 1337,644 1382,644 1420,644"/>
                <TextEquiv>
                    <Unicode>k nī po tiech dnech die pan · dada zakon</Unicode>
                </TextEquiv>
            </TextLine>
            <TextLine id="r_38_tl_7" custom="readingOrder {index:6;}">
                <Coords points="522,707 770,711 819,741 1391,736 1411,665 521,664"/>
                <Baseline points="528,701 573,704 617,701 662,701 707,704 752,704 796,710 841,707 886,707 931,710 976,710 1020,710 1065,710 1110,710 1155,707 1199,707 1244,707 1289,704 1334,707 1379,707 1414,707"/>
                <TextEquiv>
                    <Unicode>muoy w ſrdce gich · a na gich myſli gey</Unicode>
                </TextEquiv>
            </TextLine>
            <TextLine id="r_38_tl_8" custom="readingOrder {index:7;} abbrev {offset:22; length:9;expansion:neprawoſti;}">
                <Coords points="524,773 1099,804 1160,776 1414,784 1414,733 1215,710 1158,741 524,729"/>
                <Baseline points="531,764 576,767 620,767 665,764 710,767 755,767 799,770 844,773 889,773 934,773 979,773 1023,773 1068,773 1113,770 1158,770 1202,770 1247,770 1292,773 1337,770 1382,770 1417,773"/>
                <TextEquiv>
                    <Unicode>napiſſi a hrziechow a nep̃woſti gich ne¬</Unicode>
                </TextEquiv>
            </TextLine>
            <TextLine id="r_38_tl_9" custom="readingOrder {index:8;}">
                <Coords points="528,835 739,865 868,839 1423,855 1423,784 1395,777 1161,775 1097,805 528,773"/>
                <Baseline points="534,826 579,826 623,829 668,829 713,829 758,829 802,832 847,832 892,832 937,835 982,832 1026,832 1071,832 1116,832 1161,832 1205,832 1250,832 1295,832 1340,835 1384,832 1426,829"/>
                <TextEquiv>
                    <Unicode>budu wzpominati wiecze · A kdež geſt</Unicode>
                </TextEquiv>
            </TextLine>
            <TextLine id="r_38_tl_10" custom="readingOrder {index:9;} abbrev {offset:0; length:9;expansion:hrziechuom;}">
                <Coords points="522,902 1417,912 1411,852 522,841"/>
                <Baseline points="528,892 573,892 617,895 662,895 707,892 752,892 796,895 841,892 886,895 931,898 976,898 1020,895 1065,895 1110,895 1155,898 1199,898 1244,895 1289,895 1334,895 1379,895 1420,895"/>
                <TextEquiv>
                    <Unicode>hrziechuō otpuſſtienie giž nenie potrze¬</Unicode>
                </TextEquiv>
            </TextLine>
            <TextLine id="r_38_tl_11" custom="readingOrder {index:10;}">
                <Coords points="519,971 1408,970 1407,914 1359,902 518,907"/>
                <Baseline points="525,952 570,955 614,955 659,952 704,952 749,952 793,955 838,958 883,958 928,958 973,958 1017,958 1062,958 1107,958 1152,958 1196,958 1241,955 1286,955 1331,955 1376,958 1411,955"/>
                <TextEquiv>
                    <Unicode>bie aby bywala obiet za hrziechy · Pro¬</Unicode>
                </TextEquiv>
            </TextLine>
            <TextLine id="r_38_tl_12" custom="readingOrder {index:11;} abbrev {offset:0; length:3;expansion:Protož;} abbrev {offset:33; length:5;expansion:wegdem;}">
                <Coords points="524,1028 1392,1044 1413,964 523,974"/>
                <Baseline points="531,1014 576,1014 620,1017 665,1017 710,1014 755,1017 799,1017 844,1020 889,1023 934,1020 979,1020 1023,1023 1068,1020 1113,1023 1158,1020 1202,1020 1247,1017 1292,1020 1337,1017 1382,1017 1417,1017"/>
                <TextEquiv>
                    <Unicode>tož magicze doufanie bratrzie že wegdē</Unicode>
                </TextEquiv>
            </TextLine>
            <TextLine id="r_38_tl_13" custom="readingOrder {index:12;} abbrev {offset:12; length:1;expansion:pro;}">
                <Coords points="522,1087 971,1115 1206,1080 1257,1107 1408,1094 1408,1045 1299,1023 1141,1052 522,1031"/>
                <Baseline points="528,1074 573,1080 617,1077 662,1080 707,1080 752,1080 796,1080 841,1080 886,1083 931,1083 976,1083 1020,1080 1065,1080 1110,1080 1155,1083 1199,1080 1244,1083 1289,1077 1334,1077 1379,1080 1411,1074"/>
                <TextEquiv>
                    <Unicode>do ſwatynie ꝓ krew kryſtowu Neb kry¬</Unicode>
                </TextEquiv>
            </TextLine>
            <TextLine id="r_38_tl_14" custom="readingOrder {index:13;} abbrev {offset:23; length:6;expansion:božieho;} textStyle {offset:28; length:1;superscript:true;} abbrev {offset:37; length:2;expansion:geſt;}">
                <Coords points="538,1162 1406,1167 1405,1095 537,1090"/>
                <Baseline points="543,1140 588,1140 632,1140 677,1143 722,1140 767,1140 811,1143 856,1146 901,1146 946,1146 990,1146 1035,1146 1080,1143 1125,1143 1170,1143 1214,1143 1259,1143 1304,1143 1349,1143 1393,1143 1408,1143"/>
                <TextEquiv>
                    <Unicode>ſtus weliky kniez domu bożieo zacżal ḡt</Unicode>
                </TextEquiv>
            </TextLine>
            <TextLine id="r_38_tl_15" custom="readingOrder {index:14;} abbrev {offset:0; length:2;expansion:nam;}">
                <Coords points="519,1220 1404,1221 1403,1169 1333,1160 518,1164"/>
                <Baseline points="525,1202 555,1202 599,1202 644,1202 689,1199 734,1202 779,1202 823,1205 868,1205 913,1205 958,1208 1002,1208 1047,1205 1092,1205 1137,1205 1182,1208 1226,1208 1271,1205 1316,1205 1361,1205 1405,1199"/>
                <TextEquiv>
                    <Unicode>nā k nebi ceſtu nowu a žiwu ſkrze zakry¬</Unicode>
                </TextEquiv>
            </TextLine>
            <TextLine id="r_38_tl_16" custom="readingOrder {index:15;} abbrev {offset:7; length:2;expansion:gest;} abbrev {offset:34; length:5;expansion:prawym;}">
                <Coords points="522,1273 642,1301 784,1273 1412,1292 1405,1229 522,1215"/>
                <Baseline points="528,1262 573,1265 617,1265 662,1262 707,1268 752,1268 796,1268 841,1265 886,1268 931,1268 976,1271 1020,1268 1065,1268 1110,1268 1155,1268 1199,1265 1244,1265 1289,1265 1334,1262 1379,1265 1414,1265"/>
                <TextEquiv>
                    <Unicode>tie to ḡt tielo ſwe Prziſtupmež s p̃wym</Unicode>
                </TextEquiv>
            </TextLine>
            <TextLine id="r_38_tl_17" custom="readingOrder {index:16;} abbrev {offset:0; length:6;expansion:ſrdcem;}">
                <Coords points="528,1346 1414,1352 1414,1291 1352,1284 642,1301 528,1276"/>
                <Baseline points="534,1328 579,1328 623,1325 668,1328 713,1328 758,1328 802,1328 847,1328 892,1328 937,1331 982,1331 1026,1328 1071,1331 1116,1331 1161,1331 1205,1331 1250,1331 1295,1328 1340,1328 1384,1328 1417,1331"/>
                <TextEquiv>
                    <Unicode>ſrdczē a s czelu wieru · ſkropena magicze</Unicode>
                </TextEquiv>
            </TextLine>
            <TextLine id="r_38_tl_18" custom="readingOrder {index:17;} abbrev {offset:9; length:4;expansion:zleho;} textStyle {offset:12; length:1;superscript:true;}">
                <Coords points="537,1405 1412,1401 1404,1347 536,1343"/>
                <Baseline points="543,1387 588,1387 632,1390 677,1387 722,1387 767,1387 811,1390 856,1393 901,1393 946,1393 990,1393 1035,1393 1080,1393 1125,1393 1170,1393 1214,1393 1259,1390 1304,1390 1349,1387 1393,1390 1414,1390"/>
                <TextEquiv>
                    <Unicode>ſrdce od zleo ſwiedomie · a vmyte ťelo wo¬</Unicode>
                </TextEquiv>
            </TextLine>
            <TextLine id="r_38_tl_19" custom="readingOrder {index:18;}">
                <Coords points="519,1454 1126,1487 1280,1463 1323,1491 1412,1467 1412,1412 518,1403"/>
                <Baseline points="525,1447 570,1450 614,1447 659,1450 704,1450 749,1450 793,1453 838,1453 883,1456 928,1456 973,1459 1017,1456 1062,1453 1107,1459 1152,1459 1196,1456 1241,1456 1286,1453 1331,1453 1376,1456 1414,1456"/>
                <TextEquiv>
                    <Unicode>du čiſtu · y drzmež naďege naſſie wyzna¬</Unicode>
                </TextEquiv>
            </TextLine>
            <TextLine id="r_38_tl_20" custom="readingOrder {index:19;} abbrev {offset:18; length:2;expansion:geſt;} abbrev {offset:28; length:3;expansion:genž;} abbrev {offset:32; length:2;expansion:nam;}">
                <Coords points="513,1524 1412,1546 1412,1480 1253,1462 1194,1488 513,1470"/>
                <Baseline points="519,1510 564,1510 608,1513 653,1513 698,1513 743,1516 788,1516 832,1516 877,1519 922,1522 967,1519 1011,1519 1056,1522 1101,1522 1146,1519 1190,1516 1235,1516 1280,1519 1325,1519 1370,1519 1414,1519"/>
                <TextEquiv>
                    <Unicode>nie nevchylne Neb ḡt wierny gēž nā za¬</Unicode>
                </TextEquiv>
            </TextLine>
            <TextLine id="r_38_tl_21" custom="readingOrder {index:20;}">
                <Coords points="524,1593 1413,1601 1412,1546 1303,1527 1205,1553 524,1526"/>
                <Baseline points="531,1573 576,1576 620,1573 665,1573 710,1576 755,1579 799,1579 844,1579 889,1582 934,1584 979,1584 1023,1584 1068,1584 1113,1582 1158,1584 1202,1584 1247,1582 1292,1582 1337,1582 1382,1582 1414,1582"/>
                <TextEquiv>
                    <Unicode>ſlibil · a pilni buďme ſebe ponukagicze</Unicode>
                </TextEquiv>
            </TextLine>
            <TextLine id="r_38_tl_22" custom="readingOrder {index:21;}">
                <Coords points="515,1657 1238,1670 1412,1652 1412,1601 514,1594"/>
                <Baseline points="522,1635 567,1635 611,1638 656,1638 701,1638 746,1641 791,1641 835,1641 880,1641 925,1644 970,1644 1014,1647 1059,1644 1104,1644 1149,1644 1193,1641 1238,1641 1283,1644 1328,1641 1373,1641 1414,1638"/>
                <TextEquiv>
                    <Unicode>gedni druhych k laſcze a k dobrym ſkut¬</Unicode>
                </TextEquiv>
            </TextLine>
            <TextLine id="r_38_tl_23" custom="readingOrder {index:22;} abbrev {offset:0; length:2;expansion:ſkutkom;} abbrev {offset:35; length:4;expansion:ſweho;} textStyle {offset:37; length:1;superscript:true;}">
                <Coords points="513,1723 594,1698 770,1735 1388,1721 1396,1659 512,1664"/>
                <Baseline points="519,1692 561,1698 605,1698 650,1701 695,1704 740,1704 785,1698 829,1704 874,1704 919,1704 964,1704 1008,1704 1053,1707 1098,1707 1143,1704 1187,1704 1232,1704 1277,1704 1322,1701 1367,1701 1399,1701"/>
                <TextEquiv>
                    <Unicode>kō · neopuſſtiegicze ſhromaždieni ſweo    </Unicode>
                </TextEquiv>
            </TextLine>
            <TextLine id="r_38_tl_24" custom="readingOrder {index:23;}">
                <Coords points="514,1772 1343,1796 1404,1783 1403,1722 1056,1708 908,1744 595,1700 513,1724"/>
                <Baseline points="519,1761 564,1761 608,1761 653,1761 698,1764 743,1764 788,1764 832,1767 877,1767 922,1767 967,1770 1011,1770 1056,1770 1101,1767 1146,1764 1190,1767 1235,1767 1280,1767 1325,1767 1370,1764 1405,1761"/>
                <TextEquiv>
                    <Unicode>iakož obycżey magi niekterzi · ale tieſſie¬</Unicode>
                </TextEquiv>
            </TextLine>
            <TextLine id="r_38_tl_25" custom="readingOrder {index:24;} abbrev {offset:23; length:3;expansion:cžim;}">
                <Coords points="515,1836 1390,1851 1390,1788 1192,1770 899,1798 515,1774"/>
                <Baseline points="522,1820 567,1823 611,1823 656,1823 701,1823 746,1826 791,1823 835,1826 880,1826 925,1826 970,1829 1014,1829 1059,1826 1104,1829 1149,1829 1193,1826 1238,1829 1283,1826 1328,1823 1373,1826 1393,1832"/>
                <TextEquiv>
                    <Unicode>cze ſe · a tiem wiecze cžī ſe den ſudny pṙy¬</Unicode>
                </TextEquiv>
            </TextLine>
            <TextLine id="r_38_tl_26" custom="readingOrder {index:25;}">
                <Coords points="515,1907 1405,1911 1405,1855 1273,1837 515,1837"/>
                <Baseline points="522,1886 567,1883 611,1886 656,1886 701,1886 746,1886 791,1889 835,1889 880,1892 925,1892 970,1892 1014,1892 1059,1892 1104,1892 1149,1892 1193,1892 1238,1889 1283,1892 1328,1889 1373,1889 1408,1886"/>
                <TextEquiv>
                    <Unicode>bližuge Neb dobrowolnie hrzeſſiczym</Unicode>
                </TextEquiv>
            </TextLine>
            <TextLine id="r_38_tl_27" custom="readingOrder {index:26;} abbrev {offset:0; length:2;expansion:nam;} abbrev {offset:24; length:5;expansion:prawdy;}">
                <Coords points="513,1970 1405,1979 1398,1909 513,1901"/>
                <Baseline points="519,1946 564,1949 608,1946 653,1949 698,1952 743,1946 788,1949 832,1952 877,1952 922,1952 967,1955 1011,1955 1056,1952 1101,1952 1146,1952 1190,1952 1235,1949 1280,1952 1325,1952 1370,1952 1408,1952"/>
                <TextEquiv>
                    <Unicode>nā po przygeti znamoſti p̃wdy · giž ne¬</Unicode>
                </TextEquiv>
            </TextLine>
            <TextLine id="r_38_tl_28" custom="readingOrder {index:27;}">
                <Coords points="506,2017 1413,2030 1413,1978 1377,1964 506,1972"/>
                <Baseline points="513,2008 558,2008 602,2008 647,2011 692,2014 737,2014 782,2014 826,2014 871,2017 916,2017 961,2017 1005,2014 1050,2017 1095,2017 1140,2017 1185,2017 1229,2014 1274,2014 1319,2014 1364,2014 1408,2014 1414,2014"/>
                <TextEquiv>
                    <Unicode>nie pozuſtawena obiet · ale ocžekawanie </Unicode>
                </TextEquiv>
            </TextLine>
            <TextLine id="r_38_tl_29" custom="readingOrder {index:28;} abbrev {offset:8; length:7;expansion:hrozneho;} textStyle {offset:14; length:1;superscript:true;}">
                <Coords points="506,2086 1408,2093 1387,2020 1036,2048 505,2017"/>
                <Baseline points="513,2068 558,2071 602,2071 647,2074 692,2074 737,2074 782,2074 826,2077 871,2077 916,2077 961,2080 1005,2080 1050,2077 1095,2080 1140,2080 1185,2077 1229,2080 1274,2080 1319,2080 1364,2080 1408,2077 1411,2077"/>
                <TextEquiv>
                    <Unicode>nieyake hrozneo ſudu a ohnie przikroſti</Unicode>
                </TextEquiv>
            </TextLine>
            <TextLine id="r_38_tl_30" custom="readingOrder {index:29;} abbrev {offset:19; length:8;expansion:protiwniky;}">
                <Coords points="513,2154 1405,2166 1392,2089 919,2113 865,2084 513,2089"/>
                <Baseline points="519,2137 564,2134 608,2134 653,2137 698,2137 743,2140 788,2140 832,2143 877,2143 922,2140 967,2140 1011,2143 1056,2140 1101,2140 1146,2140 1190,2140 1235,2137 1280,2140 1325,2137 1370,2140 1408,2143"/>
                <TextEquiv>
                    <Unicode>geſſto bude paliti ꝓtiwniky božie wſſak</Unicode>
                </TextEquiv>
            </TextLine>
            <TextLine id="r_38_tl_31" custom="readingOrder {index:30;}">
                <Coords points="519,2216 1408,2207 1408,2174 1267,2146 1212,2172 519,2156"/>
                <Baseline points="525,2199 561,2196 605,2196 650,2199 695,2199 740,2199 785,2202 829,2202 874,2202 919,2205 964,2205 1008,2202 1053,2205 1098,2205 1143,2199 1187,2199 1232,2199 1277,2199 1322,2199 1367,2199 1411,2196"/>
                <TextEquiv>
                    <Unicode>przeſtupil li by kto zakon moyžieſſow ·</Unicode>
                </TextEquiv>
            </TextLine>
            <TextLine id="r_38_tl_32" custom="readingOrder {index:31;}">
                <Coords points="514,2276 1329,2290 1409,2281 1408,2214 513,2217"/>
                <Baseline points="519,2256 564,2259 608,2259 653,2256 698,2262 743,2262 788,2262 832,2262 877,2265 922,2265 967,2265 1011,2262 1056,2262 1101,2265 1146,2262 1190,2265 1235,2265 1280,2265 1325,2262 1370,2265 1411,2262"/>
                <TextEquiv>
                    <Unicode>beze wſſie litoſti pod dwiema neb trzmi</Unicode>
                </TextEquiv>
            </TextLine>
            <TextLine id="r_38_tl_33" custom="readingOrder {index:32;} abbrev {offset:21; length:5;expansion:Mnohem;}">
                <Coords points="513,2344 1405,2345 1376,2275 513,2276"/>
                <Baseline points="519,2316 564,2319 608,2322 653,2322 698,2325 743,2328 788,2328 832,2328 877,2328 922,2328 967,2328 1011,2325 1056,2325 1101,2325 1146,2325 1190,2325 1235,2325 1280,2325 1325,2325 1370,2325 1408,2322"/>
                <TextEquiv>
                    <Unicode>ſwiedky vmrtwen bude Mnohē wiecze</Unicode>
                </TextEquiv>
            </TextLine>
            <TextLine id="r_38_tl_34" custom="readingOrder {index:33;}">
                <Coords points="506,2395 1405,2413 1405,2345 1347,2336 506,2343"/>
                <Baseline points="513,2381 558,2381 602,2384 647,2384 692,2384 737,2387 782,2387 826,2387 871,2387 916,2387 961,2387 1005,2390 1050,2387 1095,2387 1140,2387 1185,2390 1229,2387 1274,2387 1319,2387 1364,2390 1408,2390 1411,2387"/>
                <TextEquiv>
                    <Unicode>za to miegte že wietſſich muk ſobie zaſlu¬</Unicode>
                </TextEquiv>
            </TextLine>
            <TextLine id="r_38_tl_35" custom="readingOrder {index:34;} abbrev {offset:17; length:6;expansion:božieho;} textStyle {offset:22; length:1;superscript:true;}">
                <Coords points="506,2459 1041,2484 1405,2459 1405,2413 1327,2399 1206,2423 506,2396"/>
                <Baseline points="513,2444 558,2444 602,2447 647,2447 692,2450 737,2450 782,2453 826,2453 871,2453 916,2450 961,2450 1005,2450 1050,2450 1095,2450 1140,2450 1185,2447 1229,2447 1274,2447 1319,2450 1364,2450 1408,2447"/>
                <TextEquiv>
                    <Unicode>huge kto by ſyna božieo potlacžowal · a</Unicode>
                </TextEquiv>
            </TextLine>
            <TextLine id="r_38_tl_36" custom="readingOrder {index:35;} abbrev {offset:15; length:11;expansion:poſſkwrnienu;} textStyle {offset:25; length:1;superscript:true;}">
                <Coords points="506,2526 1405,2524 1405,2460 506,2465"/>
                <Baseline points="513,2507 558,2504 602,2507 647,2510 692,2510 737,2513 782,2513 826,2513 871,2513 916,2513 961,2510 1005,2510 1050,2510 1095,2513 1140,2513 1185,2513 1229,2510 1274,2510 1319,2510 1364,2510 1408,2507"/>
                <TextEquiv>
                    <Unicode>krew zakona za poſſkwrniev miel w niež¬</Unicode>
                </TextEquiv>
            </TextLine>
            <TextLine id="r_38_tl_37" custom="readingOrder {index:36;} abbrev {offset:14; length:2;expansion:geſt;}">
                <Coords points="513,2584 1405,2591 1405,2524 513,2524"/>
                <Baseline points="519,2572 564,2570 608,2572 653,2572 698,2575 743,2575 788,2575 832,2575 877,2575 922,2578 967,2575 1011,2575 1056,2575 1101,2575 1146,2572 1190,2572 1235,2572 1280,2572 1325,2572 1370,2572 1408,2572"/>
                <TextEquiv>
                    <Unicode>to poſwieczen ḡt · a duchu miloſti včinil</Unicode>
                </TextEquiv>
            </TextLine>
            <TextLine id="r_38_tl_38" custom="readingOrder {index:37;}">
                <Coords points="513,2663 1403,2651 1403,2601 1358,2579 1148,2610 1098,2579 902,2609 727,2577 513,2597"/>
                <Baseline points="519,2626 564,2632 608,2635 653,2635 698,2635 743,2638 788,2635 832,2638 877,2638 922,2638 967,2638 1011,2635 1056,2638 1101,2638 1146,2638 1190,2635 1235,2635 1280,2635 1325,2635 1370,2632 1405,2632"/>
                <TextEquiv>
                    <Unicode>potupu Wieme zagiſte kto geſt rzekl ·</Unicode>
                </TextEquiv>
            </TextLine>
            <TextLine id="r_38_tl_39" custom="readingOrder {index:38;} abbrev {offset:18; length:7;expansion:zaplatim;}">
                <Coords points="506,2708 1405,2726 1405,2648 1373,2645 506,2658"/>
                <Baseline points="513,2695 558,2695 602,2695 647,2695 692,2698 737,2698 782,2698 826,2701 871,2701 916,2701 961,2701 1005,2701 1050,2701 1095,2701 1140,2701 1185,2701 1229,2698 1274,2698 1319,2701 1364,2698 1408,2701 1411,2698"/>
                <TextEquiv>
                    <Unicode>mnie pomſtu a iať zaplatī A opiet že ſu¬</Unicode>
                </TextEquiv>
            </TextLine>
            <TextLine id="r_38_tl_40" custom="readingOrder {index:39;} abbrev {offset:32; length:2;expansion:geſt;}">
                <Coords points="515,2765 1408,2779 1407,2731 1329,2718 514,2713"/>
                <Baseline points="522,2758 567,2758 611,2758 656,2761 701,2761 746,2761 791,2761 835,2761 880,2761 925,2761 970,2761 1014,2761 1059,2761 1104,2761 1149,2761 1193,2761 1238,2761 1283,2761 1328,2761 1373,2764 1411,2764"/>
                <TextEquiv>
                    <Unicode>diti bude pan lid ſwuoy Hrozneṫ ḡt vpa¬</Unicode>
                </TextEquiv>
            </TextLine>
            <TextLine id="r_38_tl_41" custom="readingOrder {index:40;} abbrev {offset:19; length:5;expansion:žiweho;} textStyle {offset:23; length:1;superscript:true;} abbrev {offset:27; length:4;expansion:protož;}">
                <Coords points="515,2844 1412,2842 1391,2776 515,2783"/>
                <Baseline points="522,2823 567,2823 611,2820 656,2820 701,2820 746,2823 791,2820 835,2820 880,2820 925,2820 970,2820 1014,2820 1059,2823 1104,2826 1149,2823 1193,2823 1238,2820 1283,2823 1328,2823 1373,2826 1414,2823"/>
                <TextEquiv>
                    <Unicode>dnuti w rucze boha žiweo A ꝓtož zpomi¬</Unicode>
                </TextEquiv>
            </TextLine>
            <TextLine id="r_38_tl_42" custom="readingOrder {index:41;}">
                <Coords points="513,2908 1412,2908 1412,2853 1377,2839 513,2842"/>
                <Baseline points="519,2880 561,2886 605,2883 650,2886 695,2883 740,2883 785,2880 829,2880 874,2883 919,2883 964,2880 1008,2883 1053,2886 1098,2886 1143,2886 1187,2889 1232,2886 1277,2886 1322,2886 1367,2886 1411,2886 1414,2886"/>
                <TextEquiv>
                    <Unicode>nayte na dny prwnie · w nichžto oſwiece¬</Unicode>
                </TextEquiv>
            </TextLine>
            <TextLine id="r_38_tl_43" custom="readingOrder {index:42;}">
                <Coords points="513,2968 1405,2975 1382,2902 513,2908"/>
                <Baseline points="519,2946 564,2946 608,2946 653,2946 698,2946 743,2946 788,2946 832,2946 877,2943 922,2946 967,2946 1011,2949 1056,2946 1101,2949 1146,2949 1190,2949 1235,2952 1280,2952 1325,2949 1370,2952 1408,2955"/>
                <TextEquiv>
                    <Unicode>ni gſuce weliky boy ſnaſſeli ſte vtrpenie</Unicode>
                </TextEquiv>
            </TextLine>
            <TextLine id="r_38_tl_44" custom="readingOrder {index:43;}">
                <Coords points="513,3025 1408,3030 1396,2974 1237,2962 513,2979"/>
                <Baseline points="519,3008 564,3011 608,3008 653,3008 698,3008 743,3005 788,3008 832,3005 877,3005 922,3005 967,3008 1011,3011 1056,3011 1101,3011 1146,3014 1190,3011 1235,3011 1280,3014 1325,3014 1370,3014 1411,3011"/>
                <TextEquiv>
                    <Unicode>a s gine ſtrany zagiſte pohanienie a za¬</Unicode>
                </TextEquiv>
            </TextLine>
            <TextLine id="r_38_tl_45" custom="readingOrder {index:44;}">
                <Coords points="520,3090 1391,3104 1411,3026 519,3036"/>
                <Baseline points="525,3071 570,3071 614,3071 659,3068 704,3071 749,3068 793,3068 838,3068 883,3068 928,3068 973,3068 1017,3071 1062,3071 1107,3074 1152,3074 1196,3074 1241,3074 1286,3074 1331,3074 1376,3077 1414,3080"/>
                <TextEquiv>
                    <Unicode>mutky diwadlo ſte vcżinieni Opiet s gi¬</Unicode>
                </TextEquiv>
            </TextLine>
            <TextLine id="r_38_tl_46" custom="readingOrder {index:45;}">
                <Coords points="513,3146 1403,3160 1403,3099 1356,3093 513,3090"/>
                <Baseline points="519,3134 564,3134 608,3134 653,3134 698,3134 743,3131 788,3131 832,3134 877,3131 922,3131 967,3131 1011,3131 1056,3131 1101,3134 1146,3134 1190,3134 1235,3140 1280,3140 1325,3137 1370,3137 1405,3134"/>
                <TextEquiv>
                    <Unicode>ne ſtrany vcžinieni ſte towaryſſie tiech ·</Unicode>
                </TextEquiv>
            </TextLine>
            <TextLine id="r_38_tl_47" custom="readingOrder {index:46;} abbrev {offset:38; length:5; continued:true;}">
                <Coords points="529,3240 973,3213 1404,3239 1403,3159 1299,3147 528,3148"/>
                <Baseline points="534,3202 579,3199 623,3199 668,3196 713,3196 758,3196 802,3199 847,3199 892,3196 937,3196 982,3199 1026,3199 1071,3196 1116,3199 1161,3202 1205,3202 1250,3202 1295,3205 1340,3205 1384,3205 1405,3205"/>
                <TextEquiv>
                    <Unicode>kterziž w temž trapeni byli · neb y k wiez¬</Unicode>
                </TextEquiv>
            </TextLine>
            <TextEquiv>
                <Unicode>le geho za podnożi noh geho Rednu za¬
giſte obieti dokonale poſwietil na wieky
ſwych wolenych Manie pak na ſwſede¬
cztwie ducha ſwatweho Neb kdyż ḡt rzekl 
Totot geſt zakon kterijz ſwiedcziti budu
kni po tzech dnech die pan dada zakon¬
muoy w ſrdce gich a na gich myſſi ge y
napiſſi a hrziechow a nepwoſti gich ne¬
budu wzpominati wiecze. A kdeż geſt
hrziechuo otpuſſtienie giz nenie potrze¬
bie asy bywala obiet zahrziech y.Pro¬
toz magicze doufanie bratrzie ze wegdē 
do ſwatynie pro krew kryſtowu. Neb kry¬ 
ſtus weliky k niez domu bozieo zzczal ḡt 
na k nebiċeſtu nowu a żiwu ſkrze zakry¬
tie to ḡt cżelo ſue.Prziſlupmez bywvmi. 
ſrdcze a sczelu wieri ſtropena ma gicze
ſrdce odzleoeeho ſwiedomiea vm vte ċelowo¬ 
du ċiſtu. y drzineż nadecze naſſie wyzna¬
nié nevch ylne. Neb ḡt wierny gēeż na za¬ 
ſlibie a pilni budine ſebe ponu kiczicze¬
cze dni druh ych klaſczea k dobrym ſkut¬
ko. neopuſſtiegicze ſhromazdieni ſwe¬
iakož obyczeyma gi nie kterzi ale tieſſie
cze ſe a tiem wiecze czi ſe den ſudny pṙi¬
blizuge Neb do browolnie hrzeſſiczym
na poprzigeti znamoſti y wdy giz ne¬
ne pozuſtaurna obiet.ale oczekawanie.
nie yake hrozie ſudu a ohnie przikroſti¬
geſſto bude palit i potzwniky bozie wſſak 
przeſtupillisy kto zakon moyzieſſow
beze wſſie litoſli pod dwiema neb trzin 
ſwiedky vmrtwen bude h nohe wiecze
zato miegte ze wietſſich muk ſobie zaſlu¬
huge ktob y ſyna božibo pozlaczowal a
krew zakona za poſſkwrniepnanmiel w niē 
to poſwieczen ḡt a duchu miloſti vċinil 
potupu. Wienie zagiſte kto geſt rzekl.
mnie pomſtu s zat zaplati.A opiet że ſu
diti bude pan ſid ſwuoy Hroznet ḡt y pa¬ 
dnuti w rucze boha ziwee A ꝓtoż zponil¬ 
nayte nadny prwnie.w nichžto oſwiece
ni gſuce weliky boy ſnaſſeliſte vtrpenie
a s gine ſirany zagiſte pohanienie a za¬
mutky diwadlo ſte vczinieni Opiet s czſ¬
ne ſtrany vczinieni ſte towaryſſie tiech
kterziż wtemz trapeni byſi neb y kwiezy¬</Unicode>
            </TextEquiv>
        </TextRegion>
        <TextRegion id="r_39" custom="readingOrder {index:2;}">
            <Coords points="1452,242 2419,245 2419,3273 1456,3282"/>
            <TextLine id="r_39_tl_1" custom="readingOrder {index:0;} abbrev {offset:0; length:2; continued:true;expansion:wiezňom;} abbrev {offset:32; length:2;expansion:wam;}">
                <Coords points="1495,345 2238,337 2368,368 2368,276 2262,263 1495,266"/>
                <Baseline points="1501,331 1546,331 1590,328 1635,328 1680,328 1725,328 1770,331 1814,331 1859,328 1904,328 1949,328 1993,328 2038,328 2083,331 2128,331 2173,328 2217,334 2262,337 2307,340 2352,343 2370,343"/>
                <TextEquiv>
                    <Unicode>ňō litoſt gſte okazowali a když wā ſtat¬</Unicode>
                </TextEquiv>
            </TextLine>
            <TextLine id="r_39_tl_2" custom="readingOrder {index:1;}">
                <Coords points="1497,404 2367,415 2365,368 2249,341 2199,364 2043,335 1890,361 1496,346"/>
                <Baseline points="1504,391 1549,391 1593,391 1638,394 1683,394 1728,394 1773,394 1817,394 1862,394 1907,394 1952,394 1996,394 2041,394 2086,396 2131,394 2175,396 2220,396 2265,399 2310,402 2355,405 2370,408"/>
                <TextEquiv>
                    <Unicode>ky brali waſſe s radoſti ſte to przigima¬</Unicode>
                </TextEquiv>
            </TextLine>
            <TextLine id="r_39_tl_3" custom="readingOrder {index:2;} abbrev {offset:15; length:8;expansion:lepſſieho;} textStyle {offset:22; length:1;superscript:true;}">
                <Coords points="1492,467 2361,484 2370,412 1491,397"/>
                <Baseline points="1498,450 1543,450 1587,453 1632,456 1677,456 1722,456 1767,453 1811,456 1856,456 1901,453 1946,456 1990,456 2035,456 2080,459 2125,459 2170,456 2214,459 2259,459 2304,456 2349,465 2373,468"/>
                <TextEquiv>
                    <Unicode>li Wieducze že lepſſieo a trwanliwieyſſie¬</Unicode>
                </TextEquiv>
            </TextLine>
            <TextLine id="r_39_tl_4" custom="readingOrder {index:3;} abbrev {offset:22; length:5;expansion:protož;}">
                <Coords points="1496,534 2367,548 2338,474 1495,467"/>
                <Baseline points="1501,516 1546,516 1590,519 1635,519 1680,516 1725,516 1770,519 1814,519 1859,519 1904,519 1949,516 1993,516 2038,519 2083,519 2128,522 2173,522 2217,522 2262,522 2307,525 2352,528 2370,528"/>
                <TextEquiv>
                    <Unicode>ho zbožie doſahnete · ꝓtož neztraczugte</Unicode>
                </TextEquiv>
            </TextLine>
            <TextLine id="r_39_tl_5" custom="readingOrder {index:4;} abbrev {offset:9; length:4;expansion:ſweho;} textStyle {offset:12; length:1;superscript:true;}">
                <Coords points="1492,585 2372,609 2372,549 2331,537 1492,539"/>
                <Baseline points="1498,579 1543,582 1587,582 1632,582 1677,582 1722,579 1767,579 1811,582 1856,579 1901,579 1946,579 1990,582 2035,579 2080,582 2125,585 2170,585 2214,588 2259,588 2304,591 2349,593 2375,591"/>
                <TextEquiv>
                    <Unicode>doufanie ſweo kterež ma weliku odplatu</Unicode>
                </TextEquiv>
            </TextLine>
            <TextLine id="r_39_tl_6" custom="readingOrder {index:5;} abbrev {offset:21; length:2;expansion:wam;}">
                <Coords points="1501,649 2368,672 2368,603 2333,596 1727,612 1501,587"/>
                <Baseline points="1507,641 1552,644 1596,641 1641,641 1686,641 1731,641 1776,641 1820,641 1865,641 1910,641 1955,644 1999,641 2044,641 2089,641 2134,644 2178,644 2223,647 2268,644 2313,650 2358,656 2370,653"/>
                <TextEquiv>
                    <Unicode>Trpieliwoſti zagiſte wā potrzebie geſt</Unicode>
                </TextEquiv>
            </TextLine>
            <TextLine id="r_39_tl_7" custom="readingOrder {index:6;}">
                <Coords points="1486,716 2376,724 2376,672 2244,655 1486,671"/>
                <Baseline points="1492,704 1537,704 1582,704 1626,704 1671,704 1716,707 1761,704 1805,707 1850,704 1895,704 1940,707 1984,704 2029,707 2074,707 2119,707 2164,710 2208,710 2253,710 2298,713 2343,716 2378,716"/>
                <TextEquiv>
                    <Unicode>abyſſte wuoli boži cžiniecze doſahli zaſli¬</Unicode>
                </TextEquiv>
            </TextLine>
            <TextLine id="r_39_tl_8" custom="readingOrder {index:7;} abbrev {offset:21; length:4;expansion:malem;}">
                <Coords points="1486,792 1630,769 1768,797 2036,771 2364,793 2352,724 1486,719"/>
                <Baseline points="1492,767 1537,770 1582,767 1626,767 1671,767 1716,767 1761,767 1805,764 1850,767 1895,767 1940,770 1984,770 2029,770 2074,770 2119,770 2164,770 2208,773 2253,770 2298,773 2343,779 2367,776"/>
                <TextEquiv>
                    <Unicode>benie Neb geſſtie po malē čaſu ten genž</Unicode>
                </TextEquiv>
            </TextLine>
            <TextLine id="r_39_tl_9" custom="readingOrder {index:8;} abbrev {offset:22; length:10;expansion:Sprawedliwy;}">
                <Coords points="1495,857 1679,831 2368,858 2368,790 2035,772 1790,799 1682,771 1495,795"/>
                <Baseline points="1501,832 1546,832 1590,829 1635,829 1680,829 1725,832 1770,832 1814,829 1859,829 1904,829 1949,829 1993,829 2038,826 2083,829 2128,829 2173,829 2217,829 2262,832 2307,838 2352,844 2370,841"/>
                <TextEquiv>
                    <Unicode>przigiti ma przigde · Sp̃wedliwy pak</Unicode>
                </TextEquiv>
            </TextLine>
            <TextLine id="r_39_tl_10" custom="readingOrder {index:9;} abbrev {offset:17; length:2;expansion:geſt;}">
                <Coords points="1488,901 2026,921 2182,895 2373,926 2372,858 2328,847 1488,857"/>
                <Baseline points="1495,892 1540,892 1584,892 1629,889 1674,892 1719,892 1764,892 1808,892 1853,892 1898,892 1943,889 1987,889 2032,892 2077,892 2122,895 2167,892 2211,895 2256,898 2301,898 2346,901 2375,901"/>
                <TextEquiv>
                    <Unicode>muoy z wiery żiw ḡt · pakli ſe odtrhne</Unicode>
                </TextEquiv>
            </TextLine>
            <TextLine id="r_39_tl_11" custom="readingOrder {index:10;}">
                <Coords points="1483,964 2359,978 2337,911 1483,918"/>
                <Baseline points="1489,952 1534,955 1579,955 1623,955 1668,952 1713,955 1758,955 1802,958 1847,958 1892,958 1937,955 1981,958 2026,955 2071,958 2116,955 2161,955 2205,955 2250,958 2295,961 2340,958 2361,961"/>
                <TextEquiv>
                    <Unicode>nebude ſe libiti duſſi me Ale my neodtr¬</Unicode>
                </TextEquiv>
            </TextLine>
            <TextLine id="r_39_tl_12" custom="readingOrder {index:11;} abbrev {offset:11; length:6;expansion:abychom;}">
                <Coords points="1486,1032 2364,1028 2364,993 2271,967 1486,969"/>
                <Baseline points="1492,1014 1537,1014 1582,1017 1626,1017 1671,1017 1716,1017 1761,1017 1805,1017 1850,1017 1895,1017 1940,1020 1984,1017 2029,1017 2074,1014 2119,1017 2164,1017 2208,1020 2253,1020 2298,1023 2326,1032 2327,1029"/>
                <TextEquiv>
                    <Unicode>hli ſme ſe abychō nebyli ſynowe zatra¬</Unicode>
                </TextEquiv>
            </TextLine>
            <TextLine id="r_39_tl_13" custom="readingOrder {index:12;}">
                <Coords points="1486,1093 1648,1078 1805,1125 2090,1084 2156,1116 2249,1089 2361,1120 2361,1032 1486,1038"/>
                <Baseline points="1492,1077 1537,1080 1582,1080 1626,1077 1671,1080 1716,1080 1761,1080 1805,1077 1850,1080 1895,1074 1940,1077 1984,1077 2029,1080 2074,1077 2119,1080 2164,1077 2208,1080 2253,1080 2298,1083 2343,1086 2364,1086"/>
                <TextEquiv>
                    <Unicode>czenie · ale drżime ſe wiery abychom du¬</Unicode>
                </TextEquiv>
            </TextLine>
            <TextLine id="r_39_tl_14" custom="readingOrder {index:13;}">
                <Coords points="1497,1174 1591,1178 1663,1146 1727,1155 1758,1147 1759,1113 1740,1111 1712,1086 1701,1093 1644,1084 1630,1093 1545,1087 1498,1096"/>
                <Baseline points="1504,1137 1549,1143 1593,1143 1638,1140 1683,1140 1728,1140 1761,1137"/>
                <TextEquiv>
                    <Unicode>ſſi zyſkali·</Unicode>
                </TextEquiv>
            </TextLine>
            <TextLine id="r_39_tl_15" custom="readingOrder {index:14;}">
                <Coords points="1910,1152 1970,1147 2008,1174 2040,1147 2061,1158 2087,1144 2110,1159 2163,1143 2230,1160 2230,1104 2211,1095 2158,1115 2135,1114 2105,1086 2075,1108 2045,1093 2001,1109 1978,1088 1910,1106"/>
                <Baseline points="1916,1140 1961,1140 2005,1143 2050,1143 2095,1143 2140,1140 2184,1140 2229,1146 2232,1146"/>
                <TextEquiv>
                    <Unicode>Capitola XI</Unicode>
                </TextEquiv>
            </TextLine>
            <TextLine id="r_39_tl_16" custom="readingOrder {index:15;}">
                <Coords points="1662,1229 1763,1209 2026,1237 2147,1208 2313,1239 2367,1211 2351,1133 2078,1175 2049,1148 2008,1174 1921,1155 1871,1117 1662,1151"/>
                <Baseline points="1668,1202 1713,1205 1758,1205 1802,1202 1847,1205 1892,1202 1937,1202 1981,1202 2026,1205 2071,1202 2116,1205 2161,1202 2205,1199 2250,1202 2295,1202 2340,1205 2370,1205"/>
                <TextEquiv>
                    <Unicode>Iera pak geſt založenie wieczij o</Unicode>
                </TextEquiv>
            </TextLine>
            <TextLine id="r_39_tl_17" custom="readingOrder {index:16;}">
                <Coords points="1656,1290 2360,1282 2360,1218 2193,1236 2124,1210 2025,1237 1725,1209 1656,1231"/>
                <Baseline points="1662,1265 1707,1265 1752,1265 1796,1268 1841,1268 1886,1265 1931,1265 1976,1265 2020,1265 2065,1265 2110,1265 2155,1265 2199,1265 2244,1265 2289,1268 2334,1271 2361,1271"/>
                <TextEquiv>
                    <Unicode>nichž nadiegi mame duowod ne¬</Unicode>
                </TextEquiv>
            </TextLine>
            <TextLine id="r_39_tl_18" custom="readingOrder {index:17;}">
                <Coords points="1608,1339 2368,1347 2368,1289 2313,1277 2225,1298 2158,1273 2090,1300 1983,1270 1865,1295 1820,1271 1690,1295 1608,1276"/>
                <Baseline points="1614,1325 1659,1322 1704,1328 1749,1328 1793,1328 1838,1328 1883,1328 1928,1328 1973,1328 2017,1328 2062,1328 2107,1325 2152,1325 2196,1328 2241,1328 2286,1331 2331,1331 2370,1337"/>
                <TextEquiv>
                    <Unicode>widiedlnych W te zagiſte wierze</Unicode>
                </TextEquiv>
            </TextLine>
            <TextLine id="r_39_tl_19" custom="readingOrder {index:18;}">
                <Coords points="1501,1413 2362,1405 2362,1347 2228,1333 2096,1361 1501,1339"/>
                <Baseline points="1507,1390 1552,1387 1596,1387 1641,1387 1686,1390 1731,1390 1776,1393 1820,1390 1865,1390 1910,1390 1955,1390 1999,1390 2044,1390 2089,1390 2134,1390 2178,1390 2223,1387 2268,1390 2313,1390 2358,1393 2364,1393"/>
                <TextEquiv>
                    <Unicode>ſwiedectwie doſſli ſu ſtaṙy otcowe Wie¬</Unicode>
                </TextEquiv>
            </TextLine>
            <TextLine id="r_39_tl_20" custom="readingOrder {index:19;}">
                <Coords points="1488,1473 2359,1468 2342,1400 1488,1418"/>
                <Baseline points="1495,1453 1540,1453 1584,1453 1629,1453 1674,1453 1719,1453 1764,1453 1808,1453 1853,1453 1898,1453 1943,1453 1987,1453 2032,1453 2077,1453 2122,1453 2167,1450 2211,1450 2256,1450 2301,1453 2346,1456 2361,1456"/>
                <TextEquiv>
                    <Unicode>ru porozumiewame že včinieni ſu wieko¬</Unicode>
                </TextEquiv>
            </TextLine>
            <TextLine id="r_39_tl_21" custom="readingOrder {index:20;} abbrev {offset:10; length:4;expansion:božim;}">
                <Coords points="1495,1523 1806,1546 2218,1515 2362,1548 2345,1465 1495,1474"/>
                <Baseline points="1501,1513 1546,1516 1590,1513 1635,1516 1680,1516 1725,1516 1770,1513 1814,1516 1859,1516 1904,1516 1949,1519 1993,1516 2038,1516 2083,1516 2128,1513 2173,1513 2217,1513 2262,1513 2307,1516 2352,1519 2364,1522"/>
                <TextEquiv>
                    <Unicode>we ſlowem božī · aby z newidiedlnych</Unicode>
                </TextEquiv>
            </TextLine>
            <TextLine id="r_39_tl_22" custom="readingOrder {index:21;}">
                <Coords points="1492,1584 2361,1595 2361,1548 2305,1521 1492,1528"/>
                <Baseline points="1498,1576 1543,1576 1587,1576 1632,1576 1677,1576 1722,1576 1767,1576 1811,1576 1856,1579 1901,1579 1946,1579 1990,1582 2035,1579 2080,1579 2125,1579 2170,1579 2214,1576 2259,1576 2304,1576 2349,1579 2364,1579"/>
                <TextEquiv>
                    <Unicode>wieczij byly widiedlne Wieru lepſſi o¬</Unicode>
                </TextEquiv>
            </TextLine>
            <TextLine id="r_39_tl_23" custom="readingOrder {index:22;}">
                <Coords points="1495,1659 2359,1660 2359,1599 2308,1586 1821,1582 1778,1608 1495,1584"/>
                <Baseline points="1501,1638 1546,1638 1590,1641 1635,1641 1680,1638 1725,1638 1770,1638 1814,1638 1859,1638 1904,1641 1949,1641 1993,1641 2038,1638 2083,1638 2128,1638 2173,1638 2217,1638 2262,1638 2307,1638 2352,1638 2361,1638"/>
                <TextEquiv>
                    <Unicode>biet obietowal abel nežli kaym bohu ſkr¬</Unicode>
                </TextEquiv>
            </TextLine>
            <TextLine id="r_39_tl_24" custom="readingOrder {index:23;} abbrev {offset:20; length:2;expansion:geſt;} abbrev {offset:30; length:10;expansion:ſprawedliwy;}">
                <Coords points="1488,1728 2355,1722 2355,1663 2272,1652 1488,1661"/>
                <Baseline points="1495,1698 1540,1704 1584,1704 1629,1704 1674,1704 1719,1704 1764,1701 1808,1701 1853,1701 1898,1701 1943,1704 1987,1704 2032,1701 2077,1701 2122,1695 2167,1701 2211,1701 2256,1698 2301,1698 2346,1698 2358,1698"/>
                <TextEquiv>
                    <Unicode>ze nižto oſwiedčeno ḡt ze byl ſp̃wedliwy</Unicode>
                </TextEquiv>
            </TextLine>
            <TextLine id="r_39_tl_25" custom="readingOrder {index:24;} abbrev {offset:4; length:2;expansion:geſt;}">
                <Coords points="1483,1777 2350,1775 2350,1721 2213,1707 1945,1735 1878,1708 1483,1721"/>
                <Baseline points="1489,1764 1534,1764 1579,1764 1623,1764 1668,1764 1713,1764 1758,1764 1802,1764 1847,1764 1892,1761 1937,1761 1981,1764 2026,1764 2071,1764 2116,1761 2161,1761 2205,1764 2250,1761 2295,1761 2340,1761 2352,1764"/>
                <TextEquiv>
                    <Unicode>neb ḡt ſam buoh wydawal ſwiedectwie</Unicode>
                </TextEquiv>
            </TextLine>
            <TextLine id="r_39_tl_26" custom="readingOrder {index:25;}">
                <Coords points="1488,1850 2355,1834 2355,1780 2285,1769 1488,1788"/>
                <Baseline points="1495,1826 1507,1823 1552,1826 1596,1826 1641,1826 1686,1826 1731,1826 1776,1826 1820,1826 1865,1829 1910,1826 1955,1829 1999,1826 2044,1826 2089,1826 2134,1823 2178,1823 2223,1820 2268,1820 2313,1820 2358,1820"/>
                <TextEquiv>
                    <Unicode>obietem geho a ſkrze wieru giž vmřew</Unicode>
                </TextEquiv>
            </TextLine>
            <TextLine id="r_39_tl_27" custom="readingOrder {index:26;}">
                <Coords points="1488,1913 2355,1899 2355,1854 2299,1832 1488,1849"/>
                <Baseline points="1495,1886 1540,1886 1584,1889 1629,1889 1674,1889 1719,1889 1764,1889 1808,1889 1853,1889 1898,1889 1943,1889 1987,1889 2032,1889 2077,1889 2122,1889 2167,1889 2211,1886 2256,1886 2301,1886 2346,1886 2358,1886"/>
                <TextEquiv>
                    <Unicode>geſſtie mluwi Wieru enoch przeneſen</Unicode>
                </TextEquiv>
            </TextLine>
            <TextLine id="r_39_tl_28" custom="readingOrder {index:27;} abbrev {offset:0; length:2;expansion:geſt;}">
                <Coords points="1492,1977 2359,1956 2340,1894 2034,1927 1852,1896 1492,1913"/>
                <Baseline points="1498,1946 1543,1949 1587,1952 1632,1952 1677,1952 1722,1952 1767,1952 1811,1952 1856,1952 1901,1955 1946,1955 1990,1952 2035,1952 2080,1952 2125,1952 2170,1949 2214,1949 2259,1949 2304,1949 2349,1949 2361,1949"/>
                <TextEquiv>
                    <Unicode>ḡt aby newidiel ſmrti · a nenie nalezen</Unicode>
                </TextEquiv>
            </TextLine>
            <TextLine id="r_39_tl_29" custom="readingOrder {index:28;} abbrev {offset:4; length:2;expansion:geſt;}">
                <Coords points="1486,2025 1616,2048 1758,2020 1816,2045 1904,2018 2214,2045 2361,2022 2362,1955 1487,1975"/>
                <Baseline points="1492,2011 1537,2014 1582,2014 1626,2011 1671,2014 1716,2014 1761,2014 1805,2017 1850,2014 1895,2014 1940,2014 1984,2014 2029,2011 2074,2014 2119,2011 2164,2011 2208,2008 2253,2008 2298,2011 2343,2011 2364,2014"/>
                <TextEquiv>
                    <Unicode>neb ḡt gey boh zaneſl prwe zagſte než</Unicode>
                </TextEquiv>
            </TextLine>
            <TextLine id="r_39_tl_30" custom="readingOrder {index:29;} abbrev {offset:0; length:2;expansion:geſt;} abbrev {offset:37; length:2;expansion:geſt;}">
                <Coords points="1483,2069 1751,2107 2352,2090 2352,2026 2288,2018 2216,2044 1956,2018 1483,2043"/>
                <Baseline points="1489,2068 1534,2074 1579,2077 1623,2080 1668,2080 1713,2077 1758,2077 1802,2077 1847,2080 1892,2077 1937,2077 1981,2077 2026,2074 2071,2074 2116,2074 2161,2071 2205,2074 2250,2074 2295,2074 2340,2074 2355,2074"/>
                <TextEquiv>
                    <Unicode>ḡt przeneſen miel ſwiedecztwie że ſe ḡt</Unicode>
                </TextEquiv>
            </TextLine>
            <TextLine id="r_39_tl_31" custom="readingOrder {index:30;}">
                <Coords points="1486,2154 2361,2145 2361,2088 2249,2077 2017,2107 1486,2097"/>
                <Baseline points="1492,2137 1537,2137 1582,2137 1626,2140 1671,2140 1716,2140 1761,2140 1805,2140 1850,2143 1895,2140 1940,2140 1984,2140 2029,2137 2074,2137 2119,2137 2164,2137 2208,2137 2253,2134 2298,2134 2343,2134 2364,2137"/>
                <TextEquiv>
                    <Unicode>libil bohu · ale bez wiery nelze ſe libiti bo¬</Unicode>
                </TextEquiv>
            </TextLine>
            <TextLine id="r_39_tl_32" custom="readingOrder {index:31;}">
                <Coords points="1486,2219 2052,2236 2355,2209 2336,2140 2225,2168 1486,2154"/>
                <Baseline points="1492,2199 1507,2199 1552,2202 1596,2202 1641,2202 1686,2202 1731,2202 1776,2202 1820,2202 1865,2202 1910,2202 1955,2202 1999,2199 2044,2199 2089,2199 2134,2193 2178,2199 2223,2199 2268,2196 2313,2196 2358,2196"/>
                <TextEquiv>
                    <Unicode>hu Muſyṫ tehda kto chce prziſtup mieti</Unicode>
                </TextEquiv>
            </TextLine>
            <TextLine id="r_39_tl_33" custom="readingOrder {index:32;} abbrev {offset:19; length:2;expansion:geſt;} abbrev {offset:26; length:3;expansion:tiem;}">
                <Coords points="1488,2281 2352,2284 2352,2228 2293,2201 2052,2236 1488,2219"/>
                <Baseline points="1495,2265 1504,2262 1549,2262 1593,2262 1638,2262 1683,2265 1728,2265 1773,2265 1817,2265 1862,2265 1907,2262 1952,2262 1996,2262 2041,2262 2086,2262 2131,2259 2175,2259 2220,2259 2265,2259 2310,2259 2355,2256"/>
                <TextEquiv>
                    <Unicode>k bohu wierziti že ḡt · a tiē genž ho hleda¬</Unicode>
                </TextEquiv>
            </TextLine>
            <TextLine id="r_39_tl_34" custom="readingOrder {index:33;}">
                <Coords points="1486,2352 1998,2353 2034,2327 2192,2351 2359,2324 2360,2272 2154,2293 1961,2263 1907,2302 1486,2285"/>
                <Baseline points="1492,2328 1510,2325 1555,2328 1599,2325 1644,2328 1689,2328 1734,2328 1779,2328 1823,2328 1868,2331 1913,2328 1958,2328 2002,2328 2047,2325 2092,2325 2137,2322 2181,2322 2226,2322 2271,2322 2316,2319 2361,2316"/>
                <TextEquiv>
                    <Unicode>gi ſrdecżnie že otplati Wieru noe wzaw</Unicode>
                </TextEquiv>
            </TextLine>
            <TextLine id="r_39_tl_35" custom="readingOrder {index:34;}">
                <Coords points="1486,2404 2370,2390 2370,2349 2264,2328 1486,2353"/>
                <Baseline points="1492,2384 1522,2387 1567,2387 1611,2387 1656,2387 1701,2387 1746,2390 1790,2390 1835,2390 1880,2390 1925,2390 1970,2390 2014,2390 2059,2390 2104,2387 2149,2384 2193,2384 2238,2384 2283,2381 2328,2381 2373,2381"/>
                <TextEquiv>
                    <Unicode>odpowied o tiech wiecech ktere geſſtie ne¬</Unicode>
                </TextEquiv>
            </TextLine>
            <TextLine id="r_39_tl_36" custom="readingOrder {index:35;} abbrev {offset:21; length:10;expansion:připravoval;}">
                <Coords points="1486,2459 2359,2459 2344,2393 2125,2420 1486,2406"/>
                <Baseline points="1492,2447 1537,2444 1582,2450 1626,2447 1671,2450 1716,2450 1761,2453 1805,2453 1850,2453 1895,2450 1940,2447 1984,2450 2029,2450 2074,2447 2119,2450 2164,2447 2208,2447 2253,2447 2298,2447 2343,2444 2361,2447"/>
                <TextEquiv>
                    <Unicode>byly widieny boge ſe přip̃wowal korab</Unicode>
                </TextEquiv>
            </TextLine>
            <TextLine id="r_39_tl_37" custom="readingOrder {index:36;}">
                <Coords points="1486,2533 2341,2526 2362,2456 2133,2484 2079,2457 1487,2468"/>
                <Baseline points="1492,2513 1513,2510 1558,2510 1602,2513 1647,2513 1692,2516 1737,2516 1781,2516 1826,2516 1871,2513 1916,2510 1961,2510 2005,2510 2050,2510 2095,2510 2140,2510 2184,2510 2229,2510 2274,2510 2319,2510 2364,2510"/>
                <TextEquiv>
                    <Unicode>k zachowani cželedi ſwe · ſkrze nižto oka¬</Unicode>
                </TextEquiv>
            </TextLine>
            <TextLine id="r_39_tl_38" custom="readingOrder {index:37;} abbrev {offset:32; length:2;expansion:geſt;} abbrev {offset:35; length:6; continued:true;expansion:diediczem;}">
                <Coords points="1488,2596 2364,2585 2364,2514 1488,2540"/>
                <Baseline points="1495,2572 1516,2575 1561,2575 1605,2575 1650,2575 1695,2575 1740,2575 1784,2575 1829,2575 1874,2575 1919,2572 1964,2575 2008,2572 2053,2572 2098,2572 2143,2572 2187,2570 2232,2570 2277,2570 2322,2567 2367,2567"/>
                <TextEquiv>
                    <Unicode>zal że zahyne ſwiet · a vſtawen ḡt diedi¬</Unicode>
                </TextEquiv>
            </TextLine>
            <TextLine id="r_39_tl_39" custom="readingOrder {index:38;} abbrev {offset:0; length:3; continued:true;expansion:diediczem;} abbrev {offset:7; length:12;expansion:ſprawedlnosti;} abbrev {offset:27; length:2;expansion:geſt;}">
                <Coords points="1494,2656 2145,2667 2359,2630 2359,2585 1495,2603"/>
                <Baseline points="1501,2638 1510,2635 1555,2635 1599,2635 1644,2635 1689,2638 1734,2641 1779,2641 1823,2638 1868,2638 1913,2638 1958,2638 2002,2638 2047,2635 2092,2635 2137,2632 2181,2629 2226,2632 2271,2629 2316,2629 2361,2626"/>
                <TextEquiv>
                    <Unicode>czē te ſp̃wedlnoſti kteraž ḡt ſkrze wieru ·</Unicode>
                </TextEquiv>
            </TextLine>
            <TextLine id="r_39_tl_40" custom="readingOrder {index:39;} abbrev {offset:6; length:5;expansion:abraam;}">
                <Coords points="1492,2715 2236,2724 2364,2698 2365,2655 1492,2658"/>
                <Baseline points="1498,2698 1516,2698 1561,2698 1605,2698 1650,2701 1695,2701 1740,2701 1784,2701 1829,2698 1874,2701 1919,2701 1964,2698 2008,2698 2053,2698 2098,2698 2143,2695 2187,2692 2232,2692 2277,2695 2322,2695 2367,2689"/>
                <TextEquiv>
                    <Unicode>wieru abraā vpoſlech boha a wyſſel na</Unicode>
                </TextEquiv>
            </TextLine>
            <TextLine id="r_39_tl_41" custom="readingOrder {index:40;}">
                <Coords points="1488,2775 1918,2794 2007,2764 2070,2787 2364,2761 2364,2712 2329,2733 2285,2703 1488,2713"/>
                <Baseline points="1495,2761 1516,2761 1561,2761 1605,2761 1650,2761 1695,2764 1740,2764 1784,2764 1829,2764 1874,2761 1919,2761 1964,2761 2008,2761 2053,2761 2098,2761 2143,2758 2187,2755 2232,2755 2277,2752 2322,2752 2367,2752"/>
                <TextEquiv>
                    <Unicode>mieſto kterež miel wzieti za diedictwie · a</Unicode>
                </TextEquiv>
            </TextLine>
            <TextLine id="r_39_tl_42" custom="readingOrder {index:41;} abbrev {offset:13; length:2;expansion:kam;}">
                <Coords points="1497,2850 2325,2841 2367,2821 2368,2779 1498,2773"/>
                <Baseline points="1504,2817 1519,2820 1564,2823 1608,2826 1653,2826 1698,2826 1743,2823 1787,2826 1832,2826 1877,2823 1922,2823 1967,2823 2011,2823 2056,2823 2101,2820 2146,2820 2190,2817 2235,2817 2280,2814 2325,2814 2370,2811"/>
                <TextEquiv>
                    <Unicode>ſſel newieda kā gde · Wieru bydlil w ze¬</Unicode>
                </TextEquiv>
            </TextLine>
            <TextLine id="r_39_tl_43" custom="readingOrder {index:42;}">
                <Coords points="1492,2898 2361,2893 2362,2826 1493,2847"/>
                <Baseline points="1498,2883 1513,2886 1558,2886 1602,2886 1647,2886 1692,2886 1737,2886 1781,2886 1826,2886 1871,2889 1916,2889 1961,2886 2005,2886 2050,2886 2095,2886 2140,2883 2184,2883 2229,2880 2274,2877 2319,2880 2364,2880"/>
                <TextEquiv>
                    <Unicode>mi zaſlibene yako w czyzie w chalupach</Unicode>
                </TextEquiv>
            </TextLine>
            <TextLine id="r_39_tl_44" custom="readingOrder {index:43;} abbrev {offset:12; length:6;expansion:yzaakem;} abbrev {offset:21; length:6;expansion:iakobem;}">
                <Coords points="1504,2965 2015,2977 2367,2945 2367,2900 2291,2885 2250,2915 2113,2889 1892,2919 1504,2908"/>
                <Baseline points="1510,2949 1519,2946 1564,2949 1608,2946 1653,2946 1698,2949 1743,2949 1787,2949 1832,2949 1877,2949 1922,2952 1967,2952 2011,2952 2056,2949 2101,2949 2146,2946 2190,2946 2235,2946 2280,2940 2325,2940 2370,2943"/>
                <TextEquiv>
                    <Unicode>přebywage s yzaakē a iakobē kteřiž byli</Unicode>
                </TextEquiv>
            </TextLine>
            <TextLine id="r_39_tl_45" custom="readingOrder {index:44;} abbrev {offset:36; length:2;expansion:geſt;}">
                <Coords points="1497,3034 2313,3027 2355,3017 2356,2952 1497,2969"/>
                <Baseline points="1504,3020 1507,3017 1552,3011 1596,3011 1641,3011 1686,3011 1731,3011 1776,3011 1820,3011 1865,3011 1910,3011 1955,3008 1999,3011 2044,3011 2089,3011 2134,3008 2178,3005 2223,3005 2268,3002 2313,3002 2358,3005"/>
                <TextEquiv>
                    <Unicode>ſpolu ďedicowe tehož zaſlibenie Neb ḡt</Unicode>
                </TextEquiv>
            </TextLine>
            <TextLine id="r_39_tl_46" custom="readingOrder {index:45;}">
                <Coords points="1491,3096 2359,3089 2352,3010 1992,3047 1812,3017 1492,3037"/>
                <Baseline points="1498,3077 1510,3077 1555,3074 1599,3074 1644,3074 1689,3074 1734,3074 1779,3074 1823,3074 1868,3074 1913,3077 1958,3077 2002,3074 2047,3071 2092,3071 2137,3071 2181,3068 2226,3065 2271,3065 2316,3065 2361,3068"/>
                <TextEquiv>
                    <Unicode>očekawal mieſta kterež ma zaklad gehož¬</Unicode>
                </TextEquiv>
            </TextLine>
            <TextLine id="r_39_tl_47" custom="readingOrder {index:46;}">
                <Coords points="1486,3151 2353,3149 2353,3090 2315,3078 1486,3095"/>
                <Baseline points="1492,3137 1504,3137 1549,3137 1593,3134 1638,3137 1683,3137 1728,3137 1773,3137 1817,3137 1862,3137 1907,3137 1952,3137 1996,3137 2041,3134 2086,3134 2131,3131 2175,3131 2220,3128 2265,3131 2310,3128 2355,3125"/>
                <TextEquiv>
                    <Unicode>to rzemeſlnik a ſtworzytel geſt buoh ·</Unicode>
                </TextEquiv>
            </TextLine>
            <TextLine id="r_39_tl_48" custom="readingOrder {index:47;}">
                <Coords points="1488,3231 2261,3245 2350,3221 2351,3156 1489,3149"/>
                <Baseline points="1495,3199 1501,3196 1546,3199 1590,3202 1635,3202 1680,3205 1725,3205 1770,3202 1814,3205 1859,3205 1904,3205 1949,3202 1993,3202 2038,3199 2083,3199 2128,3199 2173,3196 2217,3193 2262,3196 2307,3196 2328,3196"/>
                <TextEquiv>
                    <Unicode>Wieru take y ſara neplodna mocz ſeme¬</Unicode>
                </TextEquiv>
            </TextLine>
            <TextEquiv>
                <Unicode>no litoſt gſte okazowali a kdyz wā ſtal 
ky brali waſſe s radoſti ſte to prziczima¬
li.Wieducze zele a trwanſiwieyſſie¬ 
ho zbozie doſahnete. toż neztraczugte 
odufanie ſweo ktereż ma weſiku odplatu 
T rpzeliwoſti zagiſte wa potrzebie geſt
abyſſte wuoli bozi cziniecze doſalli zaſll¬
benie Neb geſſtie pomale ċaſu ten genż
przigitima przigde Spwedliwy pak
mudy zwiery ziw ḡt pakli ſe od trhne 
nebude ſe libiti duſſime.Aſeny neodtṙ¬
hli ſme ſe aby cho neb yli ſynowe zatra¬
czenie ale drzinie ſe wiery ab ychom du¬
ſſi zyſkali.
.Zapitoſa x
ſelu Pak czeſi zalozeníe wieczij o¬
nichz nadiegi mamie duowod ne¬
ſwidiedlnyczz.Wte zagiſte wierē 
ſwiedeſtwie doſſli ſu ſtaky otc owe Wie¬
ru porozumiewanie ze vċzinienz ſu wieko¬
we ſlowem bozi aby znewidiedlnych
wieczz byly widiedlne.Wieṙu ſepſſi o¬
biet obietowal abel nezli kyni bohu ſkṙi¬
ze nizto o ſwiedċeno ḡt ze byl ſpwedliwȳ 
neb ḡt ſam buoh wydawa ſwiedectwie 
obiecen geho a ſkrzewieru giz vmṙew
geſſtie mluwi.Wieru e nochz przeneſen
ḡt aby newidiel ſmrti. a neuie nalezen 
neh ḡt gey boh zaneſl prwe zagſte neż¬ 
t przeneſen miel ſwiedecztwie ze ſe ḡt 
ſibil bohu ale bez wiery nelze ſe libiti bo¬
hu Muſyt tehda kto chṙe prziſtup rieti
k bohu wierzitż że ḡt a tie genz ho hleda 
czi ſrdecżnie ze otplati.Wieru noe w zaw
odpowied otżech wiecech kteze geſſtie ne¬
byly widieny bocze ſe przpwowal korab¬
k zachowani cżeſedi ſwe.ſkrzenizto okr
zal że zahyne ſwiet.a vſtawen ḡt diedi¬ 
cze te ſpwedlnoſti kteraż ḡt ſkrze wieru. 
wieru abraa v poſlech boha a wyſſel na¬
mieſto ktereż miel wzieti zadiedictwie.a
ſſel newieda ka gde.Wieru bydlil w ze¬
mi zaſlibene yako wczyzie w chalupach
pṙeb ywage s yzaake a iakobe kteṙiż byli
ſpolu bedikowe choż zaſltenie. Neb ḡt 
otekawaſ mieſla kterez ma zaklad gehoż
to rzemeſlnik a ſtworzytel geſt buoh.
ieru take y ſara neplodna mocz ſemie</Unicode>
            </TextEquiv>
        </TextRegion>
    </Page>
</PcGts>
