<?xml version="1.0" encoding="UTF-8" standalone="yes"?>
<PcGts xmlns="http://schema.primaresearch.org/PAGE/gts/pagecontent/2013-07-15" xmlns:xsi="http://www.w3.org/2001/XMLSchema-instance" xsi:schemaLocation="http://schema.primaresearch.org/PAGE/gts/pagecontent/2013-07-15 http://schema.primaresearch.org/PAGE/gts/pagecontent/2013-07-15/pagecontent.xsd">
    <Metadata>
        <Creator>prov=READ-COOP:name=PyLaia@TranskribusPlatform:version=2.19.0:model_id=58856:lm=none:date=01_12_2024_13:10</Creator>
        <Created>2024-11-22T17:31:57.242+01:00</Created>
        <LastChange>2024-12-11T22:40:42.959+01:00</LastChange>
        <TranskribusMetadata docId="5363448" pageId="84627102" pageNr="1205" tsid="211871945" status="GT" userId="291787" imgUrl="https://files.transkribus.eu/Get?id=HKKKUPQDKAZRTFJSJVZLQAOY&amp;fileType=view" xmlUrl="https://files.transkribus.eu/Get?id=VQBRKUTOQGZMQRBAOHLRXXHQ" imageId="69899203"/>
    </Metadata>
    <Page imageFilename="DTL_547662-1206.jpeg" imageWidth="2530" imageHeight="3955">
        <ReadingOrder>
            <OrderedGroup id="ro_1734605782168" caption="Regions reading order">
                <RegionRefIndexed index="0" regionRef="r_66"/>
                <RegionRefIndexed index="1" regionRef="tr_2"/>
                <RegionRefIndexed index="2" regionRef="tr_3"/>
            </OrderedGroup>
        </ReadingOrder>
        <TextRegion id="r_66" custom="readingOrder {index:0;}">
            <Coords points="1328,182 1638,194 1638,287 1305,297"/>
            <TextLine id="tr_3_tl_1" custom="readingOrder {index:0;}">
                <Coords points="1373,284 1400,288 1442,272 1600,274 1600,236 1555,243 1546,234 1515,243 1494,231 1466,242 1411,216 1396,231 1373,232"/>
                <Baseline points="1372,238 1421,238 1450,233 1488,233 1522,236 1550,237 1566,238 1587,238 1618,245"/>
                <TextEquiv>
                    <Unicode>Zgewenie</Unicode>
                </TextEquiv>
            </TextLine>
            <TextEquiv>
                <Unicode></Unicode>
            </TextEquiv>
        </TextRegion>
        <TextRegion orientation="0.0" id="tr_2" custom="readingOrder {index:1;}">
            <Coords points="471,377 471,3266 1387,3266 1387,377"/>
            <TextLine id="tr_2_tl_1" custom="readingOrder {index:0;}">
                <Coords points="498,420 1383,435 1367,336 498,355"/>
                <Baseline points="504,405 548,405 592,405 636,408 680,408 724,408 768,408 812,408 856,408 900,408 944,410 988,411 1032,411 1076,413 1120,414 1164,414 1208,414 1252,414 1296,414 1340,414 1384,411"/>
                <TextEquiv>
                    <Unicode>dien ſa oblakem a duha bieſſe na hlawie</Unicode>
                </TextEquiv>
            </TextLine>
            <TextLine id="tr_2_tl_2" custom="readingOrder {index:1;} abbrev {offset:1; length:4;expansion:geho;} textStyle {offset:3; length:1;superscript:true;} abbrev {offset:12; length:4;expansion:geho;} textStyle {offset:14; length:1;superscript:true;}">
                <Coords points="510,492 1381,505 1381,434 1344,422 1225,449 510,431"/>
                <Baseline points="516,471 559,471 602,471 646,471 689,471 733,471 776,471 819,471 863,471 906,472 950,474 993,474 1036,474 1080,474 1123,474 1167,477 1210,477 1253,474 1297,477 1340,474 1384,468"/>
                <TextEquiv>
                    <Unicode> geo a twaṙ geo bieſſe iako ſlunce a nohy</Unicode>
                </TextEquiv>
            </TextLine>
            <TextLine id="tr_2_tl_3" custom="readingOrder {index:2;} abbrev {offset:0; length:4;expansion:geho;} textStyle {offset:2; length:1;superscript:true;}">
                <Coords points="495,561 587,536 1384,552 1384,505 1319,487 1074,511 735,470 495,497"/>
                <Baseline points="501,528 545,531 589,531 633,531 678,531 722,531 766,531 811,531 855,534 899,534 944,534 988,537 1032,537 1076,537 1121,537 1165,537 1209,537 1254,537 1298,537 1342,537 1387,537"/>
                <TextEquiv>
                    <Unicode>geo yako ſlup oblakowy a w ruce ſwee</Unicode>
                </TextEquiv>
            </TextLine>
            <TextLine id="tr_2_tl_4" custom="readingOrder {index:3;} abbrev {offset:31; length:2;expansion:geſt;}">
                <Coords points="489,598 1378,620 1377,549 489,556"/>
                <Baseline points="495,593 539,591 583,591 627,591 671,593 716,593 760,593 804,593 848,593 892,596 937,596 981,596 1025,596 1069,596 1113,598 1158,599 1202,599 1246,599 1290,599 1334,599 1379,593"/>
                <TextEquiv>
                    <Unicode>miel knihy otewṙene Y poſtawil ḡt no¬</Unicode>
                </TextEquiv>
            </TextLine>
            <TextLine id="tr_2_tl_5" custom="readingOrder {index:4;} abbrev {offset:7; length:4;expansion:prawu;}">
                <Coords points="496,672 1336,683 1364,674 1363,609 495,610"/>
                <Baseline points="501,653 544,650 587,653 630,653 674,653 717,653 760,653 804,653 847,655 890,656 934,656 977,656 1020,656 1063,658 1107,659 1150,659 1193,659 1237,659 1280,659 1323,659 1367,659"/>
                <TextEquiv>
                    <Unicode>hu ſwu p̃wu na moṙi a lewu na zemi Y</Unicode>
                </TextEquiv>
            </TextLine>
            <TextLine id="tr_2_tl_7" custom="readingOrder {index:5;}">
                <Coords points="489,782 1370,801 1370,737 489,743"/>
                <Baseline points="495,776 538,776 582,776 626,776 670,779 714,779 758,779 802,779 846,779 890,779 934,779 977,779 1021,781 1065,782 1109,782 1153,782 1197,782 1241,784 1285,785 1329,783 1373,779"/>
                <TextEquiv>
                    <Unicode>a kdyż kṙičel mluwilo ge ſedm hromow¬</Unicode>
                </TextEquiv>
            </TextLine>
            <TextLine id="tr_2_tl_6" custom="readingOrder {index:6;} abbrev {offset:7; length:5;expansion:hlasem;}">
                <Coords points="498,741 1379,741 1358,673 498,672"/>
                <Baseline points="504,716 547,716 591,716 635,713 679,716 723,716 767,716 811,716 855,719 899,719 943,719 986,719 1030,719 1074,721 1118,724 1162,725 1206,723 1250,724 1294,723 1338,722 1382,719"/>
                <TextEquiv>
                    <Unicode>kṙiċel hlaſē weſikym iako lew kdyż ṙewe</Unicode>
                </TextEquiv>
            </TextLine>
            <TextLine id="tr_2_tl_8" custom="readingOrder {index:7;} abbrev {offset:19; length:2;expansion:gest;}">
                <Coords points="492,853 1372,859 1371,801 1318,795 492,795"/>
                <Baseline points="498,838 541,838 585,835 629,838 673,838 716,838 760,841 804,841 848,839 891,840 935,841 979,841 1023,843 1066,844 1110,844 1154,844 1198,844 1241,844 1285,844 1329,844 1373,841"/>
                <TextEquiv>
                    <Unicode>hlaſy ſwe · a kdyż ḡt mluwilo ſedm hro¬</Unicode>
                </TextEquiv>
            </TextLine>
            <TextLine id="tr_2_tl_9" custom="readingOrder {index:8;} abbrev {offset:20; length:2;expansion:ſem;}">
                <Coords points="489,908 1076,940 1124,914 1301,949 1374,922 1373,860 1331,856 489,861"/>
                <Baseline points="495,901 539,898 583,898 627,898 671,901 715,901 759,901 803,904 847,904 891,904 935,906 979,907 1023,909 1067,908 1111,909 1155,910 1199,908 1243,909 1287,910 1331,910 1376,907"/>
                <TextEquiv>
                    <Unicode>mow hlaſy ſwe chṫel ſē to pſati Y ſyſſel</Unicode>
                </TextEquiv>
            </TextLine>
            <TextLine id="tr_2_tl_10" custom="readingOrder {index:9;} abbrev {offset:0; length:3;expansion:ſem;}">
                <Coords points="498,988 1371,980 1360,918 1216,946 1135,919 497,914"/>
                <Baseline points="504,967 547,961 590,961 634,961 677,964 721,964 764,964 808,964 851,964 895,964 938,964 981,964 1025,966 1068,967 1112,967 1155,969 1199,970 1242,970 1286,970 1329,970 1373,970"/>
                <TextEquiv>
                    <Unicode>ſē hlas s nebe an mi die · znamenay to coṫ</Unicode>
                </TextEquiv>
            </TextLine>
            <TextLine id="tr_2_tl_11" custom="readingOrder {index:10;} abbrev {offset:0; length:2;expansion:geſt;} abbrev {offset:33; length:3;expansion:toho;} textStyle {offset:35; length:1;superscript:true;}">
                <Coords points="483,1021 1235,1059 1349,1054 1348,989 626,969 482,999"/>
                <Baseline points="489,1020 532,1020 575,1023 618,1023 661,1023 704,1023 747,1023 791,1023 834,1025 877,1026 920,1026 963,1026 1006,1026 1049,1028 1093,1029 1136,1029 1179,1029 1222,1029 1265,1030 1308,1032 1352,1032"/>
                <TextEquiv>
                    <Unicode>ḡt mluwilo ſedm hromow ale nepiṡ too</Unicode>
                </TextEquiv>
            </TextLine>
            <TextLine id="tr_2_tl_12" custom="readingOrder {index:11;} abbrev {offset:13; length:7;expansion:ktereho;} textStyle {offset:18; length:1;superscript:true;}">
                <Coords points="507,1103 1361,1112 1361,1055 1295,1041 507,1051"/>
                <Baseline points="513,1086 555,1086 598,1086 640,1083 683,1085 725,1086 768,1086 810,1088 853,1089 895,1089 938,1088 981,1087 1023,1089 1066,1089 1108,1090 1151,1092 1193,1092 1236,1092 1278,1092 1321,1092 1364,1092"/>
                <TextEquiv>
                    <Unicode>Tehdy andiel ktereo ſem widiel an ſto¬</Unicode>
                </TextEquiv>
            </TextLine>
            <TextLine id="tr_2_tl_13" custom="readingOrder {index:12;} abbrev {offset:32; length:2;expansion:geſt;}">
                <Coords points="484,1176 1363,1176 1338,1106 483,1105"/>
                <Baseline points="489,1143 532,1143 576,1146 620,1146 664,1146 707,1146 751,1149 795,1149 839,1149 882,1149 926,1151 970,1150 1014,1151 1057,1152 1101,1154 1145,1155 1189,1155 1232,1155 1276,1157 1320,1158 1364,1158"/>
                <TextEquiv>
                    <Unicode>gi na morzi a na zemi pozdwihlſ ḡt ruky</Unicode>
                </TextEquiv>
            </TextLine>
            <TextLine id="tr_2_tl_14" custom="readingOrder {index:13;} abbrev {offset:22; length:2;expansion:geſt;} abbrev {offset:31; length:5;expansion:żiweho;} textStyle {offset:35; length:1;superscript:true;}">
                <Coords points="493,1235 1370,1228 1369,1173 1283,1166 492,1167"/>
                <Baseline points="498,1208 541,1208 585,1208 629,1208 673,1208 716,1208 760,1208 804,1211 848,1211 891,1211 935,1211 979,1213 1023,1214 1066,1214 1110,1214 1154,1214 1198,1214 1241,1216 1285,1217 1329,1217 1373,1214"/>
                <TextEquiv>
                    <Unicode>ſwe k nebi y prziſahl ḡt ſkrze żiweo na</Unicode>
                </TextEquiv>
            </TextLine>
            <TextLine id="tr_2_tl_15" custom="readingOrder {index:14;} abbrev {offset:19; length:2;expansion:geſt;}">
                <Coords points="498,1281 1367,1292 1365,1232 1300,1222 1251,1249 836,1214 498,1237"/>
                <Baseline points="504,1265 547,1268 590,1268 633,1268 676,1271 719,1271 762,1273 806,1274 849,1274 892,1274 935,1274 978,1274 1021,1274 1064,1276 1108,1277 1151,1277 1194,1278 1237,1280 1280,1279 1323,1277 1367,1280"/>
                <TextEquiv>
                    <Unicode>wieky wiekow ktery ḡt ſtworzil nebe y</Unicode>
                </TextEquiv>
            </TextLine>
            <TextLine id="tr_2_tl_16" custom="readingOrder {index:15;}">
                <Coords points="483,1338 1358,1364 1367,1290 482,1286"/>
                <Baseline points="489,1331 533,1328 577,1331 621,1331 665,1331 709,1331 753,1331 797,1334 841,1334 885,1334 929,1334 973,1334 1017,1336 1061,1337 1105,1339 1149,1340 1193,1340 1237,1340 1281,1342 1325,1343 1370,1340"/>
                <TextEquiv>
                    <Unicode>wſſeczko czoz w niem geſt y zemi y to coż</Unicode>
                </TextEquiv>
            </TextLine>
            <TextLine id="tr_2_tl_17" custom="readingOrder {index:16;}">
                <Coords points="489,1421 1364,1414 1332,1351 488,1351"/>
                <Baseline points="495,1390 538,1390 582,1393 625,1393 669,1393 713,1393 756,1393 800,1395 843,1396 887,1396 931,1396 974,1398 1018,1399 1061,1399 1105,1399 1149,1399 1192,1401 1236,1402 1279,1402 1323,1402 1367,1405"/>
                <TextEquiv>
                    <Unicode>geſt w nie a morze y to coż geſt w niem że</Unicode>
                </TextEquiv>
            </TextLine>
            <TextLine id="tr_2_tl_18" custom="readingOrder {index:17;}">
                <Coords points="513,1471 1316,1489 1364,1478 1363,1417 512,1421"/>
                <Baseline points="483,1459 561,1453 603,1453 646,1453 688,1453 731,1455 773,1456 815,1458 858,1459 900,1459 943,1460 985,1462 1027,1462 1070,1462 1112,1462 1155,1462 1197,1462 1239,1462 1282,1465 1324,1462 1367,1465"/>
                <TextEquiv>
                    <Unicode>giż wiece cżaſu nebude ale zadnow hlaſu</Unicode>
                </TextEquiv>
            </TextLine>
            <TextLine id="tr_2_tl_19" custom="readingOrder {index:18;} abbrev {offset:0; length:6;expansion:ſedmeho;} textStyle {offset:5; length:1;superscript:true;}">
                <Coords points="484,1538 1364,1544 1363,1479 483,1480"/>
                <Baseline points="489,1516 532,1516 576,1516 620,1516 664,1516 708,1516 752,1516 796,1519 840,1522 884,1520 928,1521 971,1524 1015,1523 1059,1524 1103,1525 1147,1525 1191,1525 1235,1525 1279,1525 1323,1527 1367,1528"/>
                <TextEquiv>
                    <Unicode>ſedmeo andiela kdyż pocżne trubu trubi¬</Unicode>
                </TextEquiv>
            </TextLine>
            <TextLine id="tr_2_tl_20" custom="readingOrder {index:19;}">
                <Coords points="483,1597 1336,1615 1373,1603 1372,1548 482,1543"/>
                <Baseline points="489,1579 533,1576 577,1579 622,1576 666,1576 710,1576 755,1579 799,1579 843,1582 888,1582 932,1582 976,1584 1021,1584 1065,1587 1109,1584 1154,1584 1198,1587 1242,1585 1287,1586 1331,1587 1376,1587"/>
                <TextEquiv>
                    <Unicode>ti dokona ſe tagemſtwie bożie yakoż geſt</Unicode>
                </TextEquiv>
            </TextLine>
            <TextLine id="tr_2_tl_21" custom="readingOrder {index:20;}">
                <Coords points="483,1658 1364,1664 1363,1605 482,1596"/>
                <Baseline points="489,1638 532,1638 576,1638 620,1638 664,1638 708,1638 752,1641 796,1641 840,1641 884,1643 928,1644 971,1644 1015,1646 1059,1647 1103,1647 1147,1647 1191,1649 1235,1650 1279,1650 1323,1650 1367,1644"/>
                <TextEquiv>
                    <Unicode>zwieſtowano ſkrze proroky ſlužebniky</Unicode>
                </TextEquiv>
            </TextLine>
            <TextLine id="tr_2_tl_22" custom="readingOrder {index:21;} abbrev {offset:0; length:3;expansion:geho;} textStyle {offset:2; length:1;superscript:true;}">
                <Coords points="478,1729 561,1703 1364,1729 1363,1667 477,1659"/>
                <Baseline points="483,1695 527,1698 571,1701 615,1704 659,1704 704,1701 748,1704 792,1701 836,1704 880,1704 925,1704 969,1704 1013,1704 1057,1706 1101,1707 1146,1707 1190,1709 1234,1710 1278,1708 1322,1709 1367,1710"/>
                <TextEquiv>
                    <Unicode>geo A ſlyſſel ſem hlas s nebe an opiet</Unicode>
                </TextEquiv>
            </TextLine>
            <TextLine id="tr_2_tl_23" custom="readingOrder {index:22;}">
                <Coords points="480,1775 1359,1796 1358,1735 479,1727"/>
                <Baseline points="486,1761 529,1758 573,1758 617,1758 661,1761 704,1761 748,1761 792,1764 836,1764 879,1764 923,1764 967,1766 1011,1767 1054,1767 1098,1767 1142,1769 1186,1770 1229,1770 1273,1770 1317,1770 1361,1770"/>
                <TextEquiv>
                    <Unicode>mluwi ſe mnu a die Gdi a wezmi knihy</Unicode>
                </TextEquiv>
            </TextLine>
            <TextLine id="tr_2_tl_24" custom="readingOrder {index:23;}">
                <Coords points="480,1838 1362,1850 1361,1794 1262,1780 480,1776"/>
                <Baseline points="486,1817 529,1820 573,1820 617,1820 661,1823 705,1820 749,1823 793,1823 837,1823 881,1825 925,1826 968,1826 1012,1828 1056,1829 1100,1829 1144,1829 1188,1829 1232,1829 1276,1831 1320,1832 1364,1829"/>
                <TextEquiv>
                    <Unicode>otewrzene z ruky andiela ktery ſtogi na</Unicode>
                </TextEquiv>
            </TextLine>
            <TextLine id="tr_2_tl_25" custom="readingOrder {index:24;}">
                <Coords points="472,1892 1362,1910 1361,1851 471,1841"/>
                <Baseline points="477,1880 521,1880 565,1883 610,1883 654,1883 698,1883 743,1883 787,1886 831,1886 876,1886 920,1889 964,1889 1009,1889 1053,1892 1097,1892 1142,1892 1186,1892 1230,1892 1275,1894 1319,1895 1364,1892"/>
                <TextEquiv>
                    <Unicode>morzi a na zemi y ſſel ſem k andieſu rzka</Unicode>
                </TextEquiv>
            </TextLine>
            <TextLine id="tr_2_tl_26" custom="readingOrder {index:25;}">
                <Coords points="480,1968 1354,1977 1360,1908 479,1906"/>
                <Baseline points="486,1943 529,1946 573,1943 617,1943 661,1946 705,1943 749,1946 793,1946 837,1949 881,1949 925,1951 968,1952 1012,1950 1056,1951 1100,1952 1144,1954 1188,1955 1232,1955 1276,1955 1320,1955 1364,1955"/>
                <TextEquiv>
                    <Unicode>gemu aby midal knihy Y rzekl mi Na</Unicode>
                </TextEquiv>
            </TextLine>
            <TextLine id="tr_2_tl_27" custom="readingOrder {index:26;}">
                <Coords points="477,2021 1324,2042 1352,1975 476,1967"/>
                <Baseline points="483,2005 526,2005 570,2005 613,2005 657,2008 701,2008 744,2008 788,2008 831,2010 875,2011 919,2011 962,2011 1006,2013 1049,2014 1093,2014 1137,2014 1180,2016 1224,2017 1267,2017 1311,2017 1355,2014"/>
                <TextEquiv>
                    <Unicode>wezmi knihy a ſniez ge a vcżinieṫ horz¬</Unicode>
                </TextEquiv>
            </TextLine>
            <TextLine id="tr_2_tl_28" custom="readingOrder {index:27;}">
                <Coords points="478,2085 1351,2103 1361,2031 477,2020"/>
                <Baseline points="483,2068 527,2068 571,2068 615,2068 659,2071 703,2068 747,2071 791,2068 835,2071 879,2071 923,2073 967,2074 1011,2074 1055,2074 1099,2076 1143,2077 1187,2077 1231,2079 1275,2078 1319,2079 1364,2080"/>
                <TextEquiv>
                    <Unicode>koſt w brziſſe twem ale w vſtch twych</Unicode>
                </TextEquiv>
            </TextLine>
            <TextLine id="tr_2_tl_29" custom="readingOrder {index:28;}">
                <Coords points="477,2152 1361,2156 1360,2102 1308,2087 476,2083"/>
                <Baseline points="483,2131 527,2128 571,2131 615,2128 659,2131 703,2131 747,2131 791,2131 835,2134 879,2134 923,2134 967,2134 1011,2134 1055,2136 1099,2137 1143,2139 1187,2140 1231,2140 1275,2140 1319,2138 1364,2134"/>
                <TextEquiv>
                    <Unicode>budeṫ ſladko iako med y wzal ſem knihy</Unicode>
                </TextEquiv>
            </TextLine>
            <TextLine id="tr_2_tl_30" custom="readingOrder {index:29;}">
                <Coords points="486,2216 1311,2230 1364,2212 1363,2155 484,2145"/>
                <Baseline points="492,2193 535,2193 579,2190 623,2190 667,2190 710,2193 754,2193 798,2193 842,2193 885,2193 929,2195 973,2196 1017,2198 1060,2199 1104,2199 1148,2201 1192,2202 1235,2202 1279,2202 1323,2202 1367,2205"/>
                <TextEquiv>
                    <Unicode>z ruky andiela a ſniedl ſem ge y bylo geſt</Unicode>
                </TextEquiv>
            </TextLine>
            <TextLine id="tr_2_tl_31" custom="readingOrder {index:30;}">
                <Coords points="477,2264 1364,2289 1363,2213 476,2212"/>
                <Baseline points="483,2247 527,2250 571,2250 615,2253 659,2253 704,2253 748,2253 792,2256 836,2256 880,2256 925,2259 969,2259 1013,2259 1057,2259 1101,2261 1146,2262 1190,2262 1234,2264 1278,2265 1322,2267 1367,2268"/>
                <TextEquiv>
                    <Unicode>w vſtech mych ſladko iako med ale když</Unicode>
                </TextEquiv>
            </TextLine>
            <TextLine id="tr_2_tl_32" custom="readingOrder {index:31;}">
                <Coords points="480,2339 1368,2346 1367,2289 1303,2277 479,2264"/>
                <Baseline points="486,2316 530,2316 574,2316 618,2313 662,2313 707,2316 751,2319 795,2319 839,2319 883,2319 928,2319 972,2319 1016,2319 1060,2321 1104,2322 1149,2324 1193,2325 1237,2325 1281,2325 1325,2327 1370,2328"/>
                <TextEquiv>
                    <Unicode>ſem ge pożrzel horzko mi bylo w brziſſe</Unicode>
                </TextEquiv>
            </TextLine>
            <TextLine id="tr_2_tl_33" custom="readingOrder {index:32;} abbrev {offset:12; length:2;expansion:geſt;}">
                <Coords points="473,2398 1357,2402 1355,2348 1230,2331 472,2330"/>
                <Baseline points="480,2373 523,2373 567,2375 611,2375 655,2375 699,2375 743,2375 787,2378 831,2378 875,2378 919,2380 962,2381 1006,2381 1050,2381 1094,2383 1138,2384 1182,2386 1226,2385 1270,2386 1314,2387 1358,2384"/>
                <TextEquiv>
                    <Unicode>mem y rzekl ḡt mi Muſyſs opiet proro¬</Unicode>
                </TextEquiv>
            </TextLine>
            <TextLine id="tr_2_tl_34" custom="readingOrder {index:33;} abbrev {offset:25; length:6;expansion:yazykom;} abbrev {offset:34; length:4; continued:true;expansion:kralom;}">
                <Coords points="487,2455 962,2449 1244,2489 1361,2466 1360,2411 1289,2393 1220,2420 1178,2393 1152,2417 486,2391"/>
                <Baseline points="492,2438 535,2435 579,2435 622,2438 666,2438 710,2438 753,2438 797,2440 840,2441 884,2443 928,2444 971,2444 1015,2444 1058,2446 1102,2447 1146,2449 1189,2450 1233,2450 1276,2450 1320,2450 1364,2450"/>
                <TextEquiv>
                    <Unicode>kowati lidem a narodom a yazykō y kra¬</Unicode>
                </TextEquiv>
            </TextLine>
            <TextLine id="tr_2_tl_35" custom="readingOrder {index:34;} abbrev {offset:0; length:2; continued:true;expansion:kralom;}">
                <Coords points="478,2516 645,2510 672,2526 709,2518 768,2533 783,2524 782,2479 771,2483 723,2450 695,2463 662,2451 579,2459 539,2440 477,2451"/>
                <Baseline points="483,2498 508,2498 533,2498 558,2498 583,2498 608,2498 634,2499 659,2501 684,2501 709,2501 734,2501 759,2500 785,2498"/>
                <TextEquiv>
                    <Unicode>lō mnohym</Unicode>
                </TextEquiv>
            </TextLine>
            <TextLine id="tr_2_tl_36" custom="readingOrder {index:35;} abbrev {offset:0; length:2;expansion:Capitola;}">
                <Coords points="1099,2526 1136,2518 1154,2530 1168,2522 1220,2530 1266,2514 1302,2532 1352,2533 1350,2469 1292,2466 1247,2489 1202,2466 1097,2471"/>
                <Baseline points="1104,2507 1129,2509 1154,2510 1179,2510 1204,2510 1229,2510 1254,2512 1279,2515 1304,2516 1329,2516 1355,2516"/>
                <TextEquiv>
                    <Unicode>Ca XI</Unicode>
                </TextEquiv>
            </TextLine>
            <TextLine id="tr_2_tl_37" custom="readingOrder {index:36;}">
                <Coords points="606,2623 702,2573 914,2603 1001,2581 1330,2595 1358,2586 1358,2535 1259,2515 1137,2542 1059,2506 768,2532 604,2512"/>
                <Baseline points="611,2561 648,2566 686,2565 723,2565 761,2567 798,2567 836,2567 873,2567 911,2567 948,2567 986,2568 1023,2570 1061,2570 1098,2572 1136,2571 1173,2570 1211,2570 1248,2570 1286,2572 1323,2572 1361,2570"/>
                <TextEquiv>
                    <Unicode>Dana mi geſt trztina podobna</Unicode>
                </TextEquiv>
            </TextLine>
            <TextLine id="l_33" custom="readingOrder {index:37;} abbrev {offset:16; length:3;expansion:geſt;}">
                <Coords points="666,2613 1358,2624 1359,2594 667,2583"/>
                <Baseline points="666,2613 1358,2624"/>
                <TextEquiv>
                    <Unicode>prutu a rzeṫeno ḡt mi Wſtaň</Unicode>
                </TextEquiv>
            </TextLine>
            <TextLine id="tr_2_tl_39" custom="readingOrder {index:38;} abbrev {offset:10; length:4;expansion:chram;}">
                <Coords points="650,2705 1359,2721 1345,2647 1254,2667 1178,2642 650,2646"/>
                <Baseline points="656,2686 691,2686 726,2688 761,2690 797,2692 832,2692 867,2692 902,2692 938,2692 973,2692 1008,2692 1043,2692 1079,2692 1114,2693 1149,2695 1184,2697 1220,2698 1255,2698 1290,2698 1325,2698 1361,2695"/>
                <TextEquiv>
                    <Unicode>przemierz chrā bozi y oltarz y ty</Unicode>
                </TextEquiv>
            </TextLine>
            <TextLine id="tr_2_tl_40" custom="readingOrder {index:39;}">
                <Coords points="466,2762 1301,2777 1358,2771 1357,2721 463,2691"/>
                <Baseline points="471,2746 515,2743 560,2746 604,2743 649,2746 693,2746 738,2749 782,2749 827,2752 871,2752 916,2755 960,2752 1005,2755 1049,2755 1094,2755 1138,2758 1183,2758 1227,2758 1272,2758 1316,2758 1361,2755"/>
                <TextEquiv>
                    <Unicode>kterżi ſe modle w niem Ale ſieṅ tu ktera</Unicode>
                </TextEquiv>
            </TextLine>
            <TextLine id="tr_2_tl_41" custom="readingOrder {index:40;}">
                <Coords points="480,2838 768,2814 803,2845 944,2818 1353,2834 1336,2768 479,2771"/>
                <Baseline points="486,2808 529,2808 572,2808 616,2808 659,2808 703,2808 746,2808 790,2810 833,2811 877,2813 920,2812 963,2813 1007,2814 1050,2814 1094,2816 1137,2817 1181,2817 1224,2817 1268,2817 1311,2816 1355,2814"/>
                <TextEquiv>
                    <Unicode>geſt wnie v chramu wywrz wen a ne¬</Unicode>
                </TextEquiv>
            </TextLine>
            <TextLine id="tr_2_tl_42" custom="readingOrder {index:41;} abbrev {offset:25; length:6;expansion:pohanom;}">
                <Coords points="480,2883 1353,2907 1352,2834 479,2837"/>
                <Baseline points="486,2865 529,2868 572,2868 616,2868 659,2868 703,2868 746,2870 790,2869 833,2873 877,2874 920,2874 963,2876 1007,2875 1050,2876 1094,2877 1137,2877 1181,2879 1224,2880 1268,2880 1311,2879 1355,2874"/>
                <TextEquiv>
                    <Unicode>mierz gie nebṫ geſt dana pohanō a bu¬</Unicode>
                </TextEquiv>
            </TextLine>
            <TextLine id="tr_2_tl_43" custom="readingOrder {index:42;}">
                <Coords points="483,2959 1368,2964 1353,2887 482,2883"/>
                <Baseline points="489,2934 533,2931 577,2931 621,2931 665,2928 709,2931 753,2931 797,2931 841,2934 885,2934 929,2934 973,2936 1017,2937 1061,2939 1105,2942 1149,2943 1193,2943 1237,2943 1281,2943 1325,2943 1370,2943"/>
                <TextEquiv>
                    <Unicode>duṫ tlacżiti mieſto ſwate za cżtyrzydczeti</Unicode>
                </TextEquiv>
            </TextLine>
            <TextLine id="tr_2_tl_44" custom="readingOrder {index:43;}">
                <Coords points="480,3003 1339,3022 1360,2965 565,2943 479,2966"/>
                <Baseline points="486,2990 529,2990 573,2990 617,2990 661,2990 705,2990 749,2993 793,2993 837,2993 881,2993 925,2993 968,2993 1012,2998 1056,2999 1100,2999 1144,2999 1188,2999 1232,3001 1276,3002 1320,3002 1364,2999"/>
                <TextEquiv>
                    <Unicode>mieſyeczow a za dwa · A dam dwiema</Unicode>
                </TextEquiv>
            </TextLine>
            <TextLine id="tr_2_tl_45" custom="readingOrder {index:44;} abbrev {offset:25; length:9;expansion:prorokowati;}">
                <Coords points="484,3084 1363,3075 1362,3016 483,3006"/>
                <Baseline points="489,3056 532,3053 576,3053 620,3053 664,3053 707,3053 751,3053 795,3053 839,3053 882,3053 926,3055 970,3056 1014,3058 1057,3061 1101,3062 1145,3062 1189,3062 1232,3062 1276,3062 1320,3062 1364,3062"/>
                <TextEquiv>
                    <Unicode>ſwiedkoma ſwyma a budeta ꝓrokowati</Unicode>
                </TextEquiv>
            </TextLine>
            <TextLine id="tr_2_tl_46" custom="readingOrder {index:45;}">
                <Coords points="487,3140 1321,3152 1361,3149 1360,3083 486,3085"/>
                <Baseline points="492,3113 535,3116 579,3116 622,3116 666,3116 710,3116 753,3116 797,3116 840,3118 884,3117 928,3118 971,3119 1015,3119 1058,3121 1102,3122 1146,3124 1189,3125 1233,3125 1276,3125 1320,3126 1364,3125"/>
                <TextEquiv>
                    <Unicode>za dnij tiſyce dwieſtie a ſſeſtdeſat gſucze</Unicode>
                </TextEquiv>
            </TextLine>
            <TextLine id="tr_2_tl_47" custom="readingOrder {index:46;}">
                <Coords points="483,3196 1292,3210 1352,3198 1352,3147 482,3130"/>
                <Baseline points="489,3178 532,3178 575,3175 618,3175 662,3178 705,3178 748,3176 792,3177 835,3178 878,3178 922,3180 965,3181 1008,3181 1051,3183 1095,3184 1138,3184 1181,3184 1225,3184 1268,3184 1311,3184 1355,3187"/>
                <TextEquiv>
                    <Unicode>oblecżeni v pytle a tatoṫ gſta dwie oliwie</Unicode>
                </TextEquiv>
            </TextLine>
            <TextLine id="tr_2_tl_48" custom="readingOrder {index:47;}">
                <Coords points="486,3251 1353,3288 1353,3211 484,3196"/>
                <Baseline points="492,3241 535,3241 578,3244 621,3241 664,3241 707,3243 750,3244 794,3246 837,3245 880,3246 923,3247 966,3247 1009,3245 1052,3246 1096,3248 1139,3250 1182,3250 1225,3250 1268,3251 1311,3252 1355,3244"/>
                <TextEquiv>
                    <Unicode>a dwa ſwieczny geſſtoṫ ſwietita przed ·</Unicode>
                </TextEquiv>
            </TextLine>
            <TextEquiv>
                <Unicode>dien ſa oblakeni a duha bieſſe na hlawie¬
cgze a twaṙ geo bieſſe iako ſſunce a noh v¬ 
ge yako ſtup oblakowy a w ruce ſwee 
miel knih yotewṙene A poſtawil ḡt no 
hu ſwu ywu na moṙi a lewu na zemi Y
kṙitel hlaſe weſikym iako ſew kdyż ṙewe
a kdyż kṙičel mluwilo ge ſedny hromow¬
hlaſy ſwe.a kdyż ḡt mluwilo ſedm hro¬ 
mow hlaſy ſwe chtal ſe to pſati Y ſyſſel
ſe hlas s nebe anmi die.znamenay to toṫ
ḡt mluwilo ſedm hromow ale nepiṡ to 
Tehdy andiel ktereo ſem widiel an ſto¬ 
gi na morzi a na zemi pozdwihleṡ zuky
ſwe k nebi y prziſahl ḡtſtrze ziweo na 
wiek y wiekow ktery ḡt ſtworzil nebe y 
wſſeczko czoz w niem geſt y zemi y to toż
geſt w nie a morze y totoz geſt w niem że
ziz wiece czaſu nebude ale zadnow hla ſu¬
sſedmeeeho andiela kdyż poczne trubu trubi 
cz dokona ſe taczemſtwie božie y akoż geſt
zwieſtowano ſkrze proroky ſlužebniky
geo A ſlyſſel ſem hlas s nebean opiet 
mluwi ſe mnu a die Gdi a wezmi knik y¬
otewrzene z ruky andiela ktery ſtoczi na
morzi a na zemi y ſſel ſem kandieſu rzkr¬
gemu aby midal knihy Y rzeklmiza¬
we zini knik y a ſniez ge a ucziniek horz¬
koſt w brziſſe tem ale w vſtch twych
budeṫ ſladko iako nied y wzal ſem knih y
z ruk y andiela a ſniedl ſem ge y bylo ceſt
w vſtech mych ſladko iako nied ale kdyż
ſem cze pozrzel horzkomi bylo w brziſſe
niem y rzekl ḡt mi Muſyſs opiet proro¬ 
kowati ſidem a narodom a yazyko y kra¬
lo Mnoh pra¬
Ca. I
Bana mi geſt trztina podobna
ſ pritu a rzeteno ḡtmi Wſtaẛ 
przemierz chra bozi y oltarz y ty
kterżi ſe modle w niem.Ale ſieṅ tu ktera¬
geſt w nie y chramu wywrz wen a ne¬
ierz gie nebt geſt dana pohano a bu¬ 
duṫ tlacziti mieſto ſwate za cztyrz y dczeti
míeſyeczow a za dwa.W dam dwiema
ſwiedkoma ſwyma a budeta prokowatż
za dniz tiſyce dwieſtie a ſſeſtdeſat gſucze
obleczeni y pytle a tztoṫ gſta dwie olwie¬
a dwa ſwieczny geſſtot ſwietita przedy¬</Unicode>
            </TextEquiv>
        </TextRegion>
        <TextRegion orientation="0.0" id="tr_3" custom="readingOrder {index:2;}">
            <Coords points="1454,382 1420,3264 2343,3281 2346,355"/>
            <TextLine id="tr_3_tl_2" custom="readingOrder {index:0;}">
                <Coords points="1482,425 2332,456 2330,354 1989,368 1798,331 1481,365"/>
                <Baseline points="1489,414 1531,414 1573,414 1615,412 1658,413 1700,414 1742,412 1784,411 1827,413 1869,414 1911,413 1953,412 1996,415 2038,417 2080,418 2122,420 2165,420 2207,423 2249,423 2291,426 2334,426"/>
                <TextEquiv>
                    <Unicode>twarzi boha zemie ſtgiece A bude li gi¬</Unicode>
                </TextEquiv>
            </TextLine>
            <TextLine id="tr_3_tl_3" custom="readingOrder {index:1;}">
                <Coords points="1477,488 2331,505 2331,456 2228,437 1477,439"/>
                <Baseline points="1483,474 1525,477 1568,477 1610,477 1653,479 1695,478 1738,477 1780,479 1823,478 1865,479 1908,480 1951,480 1993,480 2036,479 2078,478 2121,481 2163,484 2206,486 2248,486 2291,486 2334,486"/>
                <TextEquiv>
                    <Unicode>ma kto chtieti vſſkoditi wygde ohen z-</Unicode>
                </TextEquiv>
            </TextLine>
            <TextLine id="tr_3_tl_4" custom="readingOrder {index:2;}">
                <Coords points="1482,552 2340,568 2319,502 1482,498"/>
                <Baseline points="1489,540 1531,537 1574,540 1617,540 1659,540 1702,540 1745,540 1787,540 1830,538 1873,539 1916,540 1958,540 2001,540 2044,541 2086,543 2129,544 2172,546 2214,547 2257,552 2300,552 2343,555"/>
                <TextEquiv>
                    <Unicode>vſt gich a ſpali gich nepṙately • a bude li</Unicode>
                </TextEquiv>
            </TextLine>
            <TextLine id="tr_3_tl_5" custom="readingOrder {index:3;} abbrev {offset:0; length:3;expansion:gima;}">
                <Coords points="1481,619 2328,628 2327,579 2115,544 1966,572 1814,539 1710,570 1480,549"/>
                <Baseline points="1486,599 1528,602 1570,602 1612,602 1655,602 1697,602 1739,602 1781,602 1824,602 1866,601 1908,599 1950,599 1993,600 2035,603 2077,605 2119,605 2162,608 2204,611 2246,608 2288,613 2331,614"/>
                <TextEquiv>
                    <Unicode>gī kto chtieti ſſkodu vċiniti takt muſy za¬</Unicode>
                </TextEquiv>
            </TextLine>
            <TextLine id="tr_3_tl_6" custom="readingOrder {index:4;}">
                <Coords points="1477,684 2331,689 2318,625 1615,630 1476,600"/>
                <Baseline points="1483,662 1525,662 1568,662 1610,662 1653,662 1695,662 1738,662 1780,662 1823,662 1865,662 1908,662 1951,662 1993,662 2036,663 2078,665 2121,666 2163,669 2206,671 2248,671 2291,674 2334,674"/>
                <TextEquiv>
                    <Unicode>bit byti Tatoṫ magi mocz zawṙieti nebe</Unicode>
                </TextEquiv>
            </TextLine>
            <TextLine id="tr_3_tl_7" custom="readingOrder {index:5;} abbrev {offset:27; length:9;expansion:prorocztwie;}">
                <Coords points="1462,737 2329,753 2328,691 1462,687"/>
                <Baseline points="1468,725 1511,725 1554,725 1597,725 1640,725 1683,725 1726,725 1770,725 1813,725 1856,725 1899,725 1942,725 1985,725 2028,727 2072,728 2115,729 2158,731 2201,732 2244,734 2287,735 2331,737"/>
                <TextEquiv>
                    <Unicode>aby deſſt neprſſal zadnuow ꝓrocztwie</Unicode>
                </TextEquiv>
            </TextLine>
            <TextLine id="tr_3_tl_8" custom="readingOrder {index:6;}">
                <Coords points="1468,813 1894,792 2341,819 2340,753 2220,736 1467,746"/>
                <Baseline points="1474,785 1517,788 1560,785 1604,788 1647,788 1691,785 1734,785 1778,785 1821,787 1865,786 1908,785 1951,785 1995,787 2038,788 2082,790 2125,791 2169,792 2212,794 2256,797 2299,800 2343,799"/>
                <TextEquiv>
                    <Unicode>gich • a magi mocz nad wodami obratiti</Unicode>
                </TextEquiv>
            </TextLine>
            <TextLine id="tr_3_tl_9" custom="readingOrder {index:7;}">
                <Coords points="1471,851 2331,878 2330,828 2199,800 1471,810"/>
                <Baseline points="1477,850 1519,847 1562,850 1605,850 1648,848 1691,847 1734,849 1776,850 1819,848 1862,847 1905,845 1948,846 1991,847 2034,848 2076,850 2119,851 2162,854 2205,856 2248,857 2291,859 2334,862"/>
                <TextEquiv>
                    <Unicode>ge wkrew • a trapiti zemi wſſeliku ranu</Unicode>
                </TextEquiv>
            </TextLine>
            <TextLine id="tr_3_tl_10" custom="readingOrder {index:8;}">
                <Coords points="1465,926 2282,942 2327,939 2327,884 2080,856 1512,873 1463,848"/>
                <Baseline points="1471,913 1513,913 1556,913 1599,910 1642,910 1685,910 1728,912 1770,911 1813,910 1856,910 1899,910 1942,910 1985,910 2028,911 2070,914 2113,916 2156,916 2199,917 2242,920 2285,922 2328,919"/>
                <TextEquiv>
                    <Unicode>kolikrat koli chtieti budeta A kdyż doko¬</Unicode>
                </TextEquiv>
            </TextLine>
            <TextLine id="tr_3_tl_11" custom="readingOrder {index:9;}">
                <Coords points="1471,988 2067,980 2312,1008 2326,948 2048,917 1470,929"/>
                <Baseline points="1477,973 1519,973 1562,973 1604,970 1647,972 1689,971 1732,972 1774,973 1817,973 1859,971 1902,971 1945,972 1987,971 2030,973 2072,974 2115,976 2157,977 2200,979 2242,982 2285,982 2328,982"/>
                <TextEquiv>
                    <Unicode>nata ſwe ſwiedectwie • ſſelma kteraż wy¬</Unicode>
                </TextEquiv>
            </TextLine>
            <TextLine id="tr_3_tl_12" custom="readingOrder {index:10;} abbrev {offset:8; length:6;expansion:propasti;} abbrev {offset:26; length:3;expansion:proti;}">
                <Coords points="1465,1060 1912,1041 2015,1065 2043,1040 2328,1064 2328,1000 1465,989"/>
                <Baseline points="1471,1038 1514,1035 1557,1035 1600,1035 1643,1035 1686,1035 1729,1035 1772,1035 1815,1033 1858,1034 1901,1035 1944,1033 1987,1032 2030,1033 2073,1035 2116,1036 2159,1039 2202,1042 2245,1044 2288,1045 2331,1044"/>
                <TextEquiv>
                    <Unicode>ſtupi z ꝓpaſti vcżini bog ꝓti nima • a pṙe¬</Unicode>
                </TextEquiv>
            </TextLine>
            <TextLine id="tr_3_tl_13" custom="readingOrder {index:11;}">
                <Coords points="1462,1108 2173,1107 2328,1134 2312,1056 1462,1063"/>
                <Baseline points="1468,1098 1511,1098 1554,1095 1597,1098 1640,1098 1683,1096 1726,1097 1770,1096 1813,1095 1856,1095 1899,1095 1942,1095 1985,1095 2028,1097 2072,1098 2115,1099 2158,1101 2201,1101 2244,1103 2287,1107 2331,1110"/>
                <TextEquiv>
                    <Unicode>moż ge y zabi ge • a leżeti budu ṫela gich</Unicode>
                </TextEquiv>
            </TextLine>
            <TextLine id="tr_3_tl_14" custom="readingOrder {index:12;} abbrev {offset:18; length:8;expansion:welikeho;} textStyle {offset:24; length:1;superscript:true;}">
                <Coords points="1456,1165 2329,1185 2329,1133 2078,1105 1456,1118"/>
                <Baseline points="1462,1158 1505,1158 1548,1158 1592,1158 1635,1158 1679,1158 1722,1158 1766,1158 1809,1158 1853,1156 1896,1155 1939,1157 1983,1158 2026,1158 2070,1160 2113,1161 2157,1161 2200,1164 2244,1167 2287,1167 2331,1164"/>
                <TextEquiv>
                    <Unicode>na rynciech m̌ſta welikeo ktere duchow</Unicode>
                </TextEquiv>
            </TextLine>
            <TextLine id="tr_3_tl_15" custom="readingOrder {index:13;}">
                <Coords points="1460,1235 2326,1249 2324,1192 2153,1168 1459,1187"/>
                <Baseline points="1465,1220 1508,1220 1551,1220 1594,1220 1637,1223 1680,1221 1723,1218 1767,1217 1810,1217 1853,1217 1896,1217 1939,1217 1982,1219 2025,1220 2069,1220 2112,1221 2155,1224 2198,1226 2241,1227 2284,1230 2328,1229"/>
                <TextEquiv>
                    <Unicode>nie ſlowe ſodoma a egipt z kdeżto y pan</Unicode>
                </TextEquiv>
            </TextLine>
            <TextLine id="tr_3_tl_16" custom="readingOrder {index:14;} abbrev {offset:16; length:2;expansion:geſt;}">
                <Coords points="1456,1306 2323,1309 2312,1260 2155,1233 1456,1233"/>
                <Baseline points="1462,1280 1505,1283 1548,1283 1591,1283 1634,1283 1677,1283 1720,1283 1764,1281 1807,1280 1850,1280 1893,1280 1936,1280 1979,1282 2022,1281 2066,1281 2109,1284 2152,1286 2195,1287 2238,1289 2281,1290 2325,1292"/>
                <TextEquiv>
                    <Unicode>gich vkrzyżowan ḡt A vzrzie lidee a po¬</Unicode>
                </TextEquiv>
            </TextLine>
            <TextLine id="tr_3_tl_17" custom="readingOrder {index:15;}">
                <Coords points="1465,1355 2319,1372 2304,1305 1465,1302"/>
                <Baseline points="1471,1346 1513,1346 1556,1343 1598,1346 1641,1346 1683,1344 1726,1343 1768,1343 1811,1343 1853,1341 1896,1340 1939,1340 1981,1341 2024,1343 2066,1344 2109,1347 2151,1349 2194,1349 2236,1352 2279,1352 2322,1352"/>
                <TextEquiv>
                    <Unicode>kolenie • a yazykowe • a narodowe tiela</Unicode>
                </TextEquiv>
            </TextLine>
            <TextLine id="tr_3_tl_18" custom="readingOrder {index:16;}">
                <Coords points="1463,1429 2320,1422 2319,1372 2132,1354 1462,1360"/>
                <Baseline points="1468,1405 1510,1405 1553,1405 1596,1405 1638,1405 1681,1405 1724,1405 1766,1405 1809,1405 1852,1403 1895,1402 1937,1402 1980,1402 2023,1403 2065,1406 2108,1408 2151,1408 2193,1409 2236,1411 2279,1414 2322,1411"/>
                <TextEquiv>
                    <Unicode>gich za puolcżtwrta dne • a tiel gich ne¬</Unicode>
                </TextEquiv>
            </TextLine>
            <TextLine id="tr_3_tl_19" custom="readingOrder {index:17;}">
                <Coords points="1460,1479 2260,1501 2319,1497 2318,1437 1459,1426"/>
                <Baseline points="1465,1462 1507,1468 1550,1468 1593,1468 1636,1468 1679,1468 1722,1468 1764,1468 1807,1468 1850,1468 1893,1466 1936,1465 1979,1466 2022,1468 2064,1468 2107,1469 2150,1471 2193,1473 2236,1477 2279,1477 2322,1474"/>
                <TextEquiv>
                    <Unicode>dadie pochowati w hrobiech A ti geſſto</Unicode>
                </TextEquiv>
            </TextLine>
            <TextLine id="tr_3_tl_20" custom="readingOrder {index:18;}">
                <Coords points="1462,1540 2322,1540 2299,1489 1462,1473"/>
                <Baseline points="1468,1528 1510,1528 1553,1528 1596,1528 1639,1530 1682,1529 1725,1528 1767,1528 1810,1528 1853,1530 1896,1529 1939,1528 1982,1528 2025,1528 2067,1529 2110,1531 2153,1532 2196,1535 2239,1537 2282,1536 2325,1534"/>
                <TextEquiv>
                    <Unicode>bydle na zemi radowati ſe budu nad ni¬</Unicode>
                </TextEquiv>
            </TextLine>
            <TextLine id="tr_3_tl_21" custom="readingOrder {index:19;}">
                <Coords points="1452,1604 2317,1622 2307,1548 1451,1535"/>
                <Baseline points="1459,1590 1502,1590 1545,1590 1588,1590 1631,1590 1674,1590 1717,1590 1760,1590 1803,1592 1846,1593 1889,1591 1932,1590 1975,1590 2018,1590 2061,1591 2104,1593 2147,1593 2190,1594 2233,1597 2276,1599 2319,1593"/>
                <TextEquiv>
                    <Unicode>mi a weſeliti • a dary ſobie budu weſpo¬</Unicode>
                </TextEquiv>
            </TextLine>
            <TextLine id="tr_3_tl_22" custom="readingOrder {index:20;} abbrev {offset:24; length:5;expansion:proroky;}">
                <Coords points="1456,1662 2314,1673 2313,1627 2186,1606 1456,1607"/>
                <Baseline points="1462,1653 1504,1653 1547,1650 1590,1650 1632,1650 1675,1652 1718,1653 1760,1653 1803,1653 1846,1653 1889,1653 1931,1653 1974,1653 2017,1653 2059,1653 2102,1653 2145,1654 2187,1657 2230,1659 2273,1659 2316,1653"/>
                <TextEquiv>
                    <Unicode>lek poſelati Neb ta dwa ꝓroky trapila-</Unicode>
                </TextEquiv>
            </TextLine>
            <TextLine id="tr_3_tl_23" custom="readingOrder {index:21;}">
                <Coords points="1456,1734 2318,1744 2318,1682 2240,1666 1456,1661"/>
                <Baseline points="1462,1713 1504,1713 1547,1713 1590,1713 1633,1713 1676,1713 1719,1715 1761,1714 1804,1715 1847,1716 1890,1714 1933,1713 1976,1713 2019,1714 2061,1716 2104,1716 2147,1717 2190,1719 2233,1720 2276,1722 2319,1725"/>
                <TextEquiv>
                    <Unicode>ſta ty kteṙy przebywagi na zemi A po</Unicode>
                </TextEquiv>
            </TextLine>
            <TextLine id="tr_3_tl_24" custom="readingOrder {index:22;}">
                <Coords points="1450,1793 2310,1802 2310,1746 2258,1733 1450,1731"/>
                <Baseline points="1456,1773 1498,1773 1541,1776 1584,1773 1627,1775 1670,1776 1713,1776 1755,1776 1798,1776 1841,1776 1884,1776 1927,1776 1970,1776 2013,1776 2055,1776 2098,1776 2141,1777 2184,1780 2227,1781 2270,1781 2313,1779"/>
                <TextEquiv>
                    <Unicode>tṙech dnech a popuol duch żiwota od bo¬</Unicode>
                </TextEquiv>
            </TextLine>
            <TextLine id="tr_3_tl_25" custom="readingOrder {index:23;}">
                <Coords points="1452,1850 2203,1867 2309,1861 2309,1802 1451,1793"/>
                <Baseline points="1459,1838 1501,1835 1544,1835 1586,1835 1629,1835 1671,1835 1714,1835 1756,1835 1799,1835 1841,1837 1884,1838 1927,1838 1969,1838 2012,1838 2054,1838 2097,1839 2139,1841 2182,1841 2224,1844 2267,1844 2310,1844"/>
                <TextEquiv>
                    <Unicode>ha poſlany wgide do nich Y ſtala ſta na¬</Unicode>
                </TextEquiv>
            </TextLine>
            <TextLine id="tr_3_tl_26" custom="readingOrder {index:24;}">
                <Coords points="1450,1922 2313,1918 2312,1866 2282,1856 1449,1851"/>
                <Baseline points="1456,1898 1499,1898 1542,1898 1585,1898 1628,1898 1671,1898 1714,1898 1757,1900 1800,1899 1843,1898 1886,1900 1929,1899 1972,1898 2015,1899 2058,1901 2101,1901 2144,1902 2187,1904 2230,1904 2273,1904 2316,1901"/>
                <TextEquiv>
                    <Unicode>ſwych nohach • a bazeň welika ſpadla</Unicode>
                </TextEquiv>
            </TextLine>
            <TextLine id="tr_3_tl_27" custom="readingOrder {index:25;} abbrev {offset:0; length:2;expansion:geſt;}">
                <Coords points="1462,1964 2317,1974 2315,1929 2274,1910 1462,1921"/>
                <Baseline points="1468,1961 1510,1961 1553,1961 1595,1961 1638,1961 1680,1961 1723,1963 1765,1962 1808,1959 1850,1960 1893,1961 1936,1961 1978,1962 2021,1963 2063,1962 2106,1964 2148,1964 2191,1964 2233,1967 2276,1967 2319,1964"/>
                <TextEquiv>
                    <Unicode>ḡt na ty kteṙy ſu ge widieli A vſlyſſeli</Unicode>
                </TextEquiv>
            </TextLine>
            <TextLine id="tr_3_tl_28" custom="readingOrder {index:26;}">
                <Coords points="1462,2043 2317,2034 2315,1974 1814,1994 1461,1962"/>
                <Baseline points="1468,2023 1510,2020 1553,2020 1595,2020 1638,2020 1680,2020 1723,2022 1765,2021 1808,2022 1850,2023 1893,2023 1936,2023 1978,2023 2021,2023 2063,2023 2106,2024 2148,2026 2191,2026 2233,2023 2276,2026 2319,2020"/>
                <TextEquiv>
                    <Unicode>ſu hlas weliky s nebe an die gima • W¬</Unicode>
                </TextEquiv>
            </TextLine>
            <TextLine id="tr_3_tl_29" custom="readingOrder {index:27;}">
                <Coords points="1456,2105 2293,2114 2309,2047 1455,2046"/>
                <Baseline points="1462,2086 1504,2083 1547,2083 1589,2083 1632,2083 1674,2083 1717,2083 1759,2083 1802,2083 1844,2085 1887,2085 1930,2084 1972,2086 2015,2086 2057,2086 2100,2086 2142,2087 2185,2089 2227,2089 2270,2089 2313,2089"/>
                <TextEquiv>
                    <Unicode>ſtupta ſem Y wſtupila na nebe w uobla¬</Unicode>
                </TextEquiv>
            </TextLine>
            <TextLine id="tr_3_tl_30" custom="readingOrder {index:28;}">
                <Coords points="1450,2167 2313,2163 2313,2107 2241,2095 1450,2112"/>
                <Baseline points="1456,2143 1499,2146 1542,2144 1585,2143 1628,2143 1671,2145 1714,2146 1757,2146 1800,2146 1843,2147 1886,2149 1929,2149 1972,2149 2015,2149 2058,2148 2101,2147 2144,2149 2187,2146 2230,2149 2273,2149 2316,2140"/>
                <TextEquiv>
                    <Unicode>cze Y widieli ſu ge nepṙatele gich • A w</Unicode>
                </TextEquiv>
            </TextLine>
            <TextLine id="tr_3_tl_31" custom="readingOrder {index:29;}">
                <Coords points="1450,2214 2300,2233 2312,2163 1449,2167"/>
                <Baseline points="1456,2205 1499,2205 1542,2205 1585,2205 1628,2205 1671,2205 1714,2207 1757,2208 1800,2208 1843,2208 1886,2210 1929,2211 1972,2211 2015,2210 2058,2209 2101,2211 2144,2211 2187,2211 2230,2212 2273,2214 2316,2211"/>
                <TextEquiv>
                    <Unicode>tu hodinu ſtalo ſe zemietrzeſenie welike</Unicode>
                </TextEquiv>
            </TextLine>
            <TextLine id="tr_3_tl_32" custom="readingOrder {index:30;} unclear {offset:16; length:4;} abbrev {offset:23; length:2;expansion:geſt;}">
                <Coords points="1450,2274 2313,2289 2313,2231 2270,2222 1450,2225"/>
                <Baseline points="1456,2268 1499,2265 1542,2268 1585,2268 1628,2268 1671,2268 1714,2270 1757,2271 1800,2271 1843,2271 1886,2271 1929,2271 1972,2271 2015,2271 2058,2272 2101,2273 2144,2272 2187,2274 2230,2274 2273,2274 2316,2271"/>
                <TextEquiv>
                    <Unicode>a deſata ſtrana m̌eſta ḡt padla • a zmor¬</Unicode>
                </TextEquiv>
            </TextLine>
            <TextLine id="tr_3_tl_33" custom="readingOrder {index:31;} abbrev {offset:7; length:2;expansion:geſt;} abbrev {offset:10; length:3;expansion:tiemž;} abbrev {offset:20; length:8;expansion:trzeſenim;}">
                <Coords points="1450,2348 2156,2341 2246,2366 2313,2354 2312,2288 1449,2288"/>
                <Baseline points="1456,2325 1499,2328 1542,2328 1585,2331 1628,2328 1671,2330 1714,2333 1757,2334 1800,2334 1843,2334 1886,2336 1929,2335 1972,2334 2015,2335 2058,2336 2101,2335 2144,2336 2187,2334 2230,2335 2273,2337 2316,2334"/>
                <TextEquiv>
                    <Unicode>dewano ḡt tiē zemie trzeſenī lidi ſedm ti¬</Unicode>
                </TextEquiv>
            </TextLine>
            <TextLine id="tr_3_tl_34" custom="readingOrder {index:32;}">
                <Coords points="1456,2415 2318,2411 2298,2352 1456,2348"/>
                <Baseline points="1462,2402 1504,2394 1547,2393 1590,2391 1633,2392 1676,2393 1719,2395 1761,2394 1804,2393 1847,2394 1890,2396 1933,2395 1976,2394 2019,2396 2061,2396 2104,2396 2147,2396 2190,2396 2233,2396 2276,2396 2319,2393"/>
                <TextEquiv>
                    <Unicode>ſyczow a gini bali ſu ſe • a wzdali ſlawu</Unicode>
                </TextEquiv>
            </TextLine>
            <TextLine id="tr_3_tl_35" custom="readingOrder {index:33;} abbrev {offset:5; length:8;expansion:nebeskemv;} textStyle {offset:12; length:1;superscript:true;}">
                <Coords points="1452,2487 2314,2471 2314,2418 2285,2410 1452,2411"/>
                <Baseline points="1459,2453 1501,2453 1544,2453 1587,2453 1630,2455 1673,2456 1716,2456 1758,2454 1801,2455 1844,2458 1887,2459 1930,2459 1973,2459 2016,2459 2058,2458 2101,2456 2144,2457 2187,2459 2230,2459 2273,2459 2316,2456"/>
                <TextEquiv>
                    <Unicode>bohu nebeſkev Bieda druha pominula</Unicode>
                </TextEquiv>
            </TextLine>
            <TextLine id="tr_3_tl_36" custom="readingOrder {index:34;}">
                <Coords points="1443,2532 2313,2536 2312,2479 2271,2468 1892,2489 1572,2463 1443,2493"/>
                <Baseline points="1450,2516 1493,2513 1536,2513 1579,2516 1623,2516 1666,2518 1709,2519 1753,2519 1796,2519 1839,2519 1883,2519 1926,2519 1969,2521 2012,2520 2056,2517 2099,2517 2142,2520 2186,2522 2229,2522 2272,2521 2316,2519"/>
                <TextEquiv>
                    <Unicode>a a y trzetie bieda rychle przigide A ſed¬</Unicode>
                </TextEquiv>
            </TextLine>
            <TextLine id="tr_3_tl_37" custom="readingOrder {index:35;}">
                <Coords points="1443,2594 2313,2596 2312,2538 2230,2529 1442,2533"/>
                <Baseline points="1450,2572 1493,2575 1536,2575 1579,2575 1623,2575 1666,2577 1709,2578 1753,2578 1796,2580 1839,2581 1883,2581 1926,2583 1969,2584 2012,2584 2056,2581 2099,2579 2142,2581 2186,2581 2229,2581 2272,2581 2316,2578"/>
                <TextEquiv>
                    <Unicode>my angel w trubu zatrubi Y ſtali ſe hla¬</Unicode>
                </TextEquiv>
            </TextLine>
            <TextLine id="tr_3_tl_38" custom="readingOrder {index:36;} abbrev {offset:27; length:2;expansion:geſt;}">
                <Coords points="1443,2660 2317,2653 2317,2596 1443,2593"/>
                <Baseline points="1450,2632 1493,2638 1536,2638 1580,2638 1623,2641 1667,2641 1710,2641 1754,2641 1797,2643 1841,2644 1884,2644 1927,2644 1971,2644 2014,2644 2058,2644 2101,2644 2145,2644 2188,2644 2232,2644 2275,2643 2319,2641"/>
                <TextEquiv>
                    <Unicode>ſowe w nebi rzkuce Vċnieno ḡt kralow¬</Unicode>
                </TextEquiv>
            </TextLine>
            <TextLine id="tr_3_tl_39" custom="readingOrder {index:37;} abbrev {offset:25; length:7;expansion:naſſeho;} textStyle {offset:30; length:1;superscript:true;}">
                <Coords points="1452,2723 2304,2724 2297,2654 1452,2662"/>
                <Baseline points="1459,2704 1501,2698 1543,2701 1586,2701 1628,2703 1671,2704 1713,2704 1755,2704 1798,2704 1840,2706 1883,2706 1925,2705 1967,2707 2010,2707 2052,2707 2095,2706 2137,2704 2179,2707 2222,2707 2264,2704 2307,2704"/>
                <TextEquiv>
                    <Unicode>ſtwie tohoto ſwieta pana naſſeo y kryſta</Unicode>
                </TextEquiv>
            </TextLine>
            <TextLine id="tr_3_tl_40" custom="readingOrder {index:38;} abbrev {offset:0; length:3;expansion:geho;} textStyle {offset:2; length:1;superscript:true;}">
                <Coords points="1447,2787 2309,2782 2309,2728 2241,2720 1447,2721"/>
                <Baseline points="1453,2758 1495,2761 1538,2761 1581,2761 1624,2763 1667,2766 1710,2767 1752,2767 1795,2767 1838,2767 1881,2767 1924,2768 1967,2769 2010,2768 2052,2768 2095,2768 2138,2767 2181,2767 2224,2766 2267,2764 2310,2761"/>
                <TextEquiv>
                    <Unicode>geo • a budeṫ kralowati na wieky wiekow</Unicode>
                </TextEquiv>
            </TextLine>
            <TextLine id="tr_3_tl_41" custom="readingOrder {index:39;}">
                <Coords points="1443,2831 1609,2832 1690,2868 1795,2836 2309,2853 2308,2782 2207,2772 2144,2796 1443,2790"/>
                <Baseline points="1450,2823 1493,2820 1536,2823 1579,2823 1622,2826 1665,2826 1708,2826 1751,2826 1794,2826 1837,2826 1880,2828 1923,2829 1966,2829 2009,2829 2052,2829 2095,2829 2138,2829 2181,2829 2224,2829 2267,2829 2310,2829"/>
                <TextEquiv>
                    <Unicode>amen A cżtrmezczietma ſtarcow kterzi</Unicode>
                </TextEquiv>
            </TextLine>
            <TextLine id="tr_3_tl_42" custom="readingOrder {index:40;} abbrev {offset:5; length:9;expansion:obliczejem;} abbrev {offset:15; length:4;}">
                <Coords points="1443,2911 2298,2900 2273,2840 2017,2860 1796,2834 1688,2867 1443,2830"/>
                <Baseline points="1450,2889 1492,2883 1535,2886 1577,2886 1620,2886 1662,2886 1705,2886 1747,2888 1790,2889 1832,2891 1875,2891 1918,2890 1960,2892 2003,2892 2045,2892 2088,2891 2130,2890 2173,2892 2215,2889 2258,2889 2301,2886"/>
                <TextEquiv>
                    <Unicode>pṙed oblicżegē bożī ſedie na ſwych ſtoli¬</Unicode>
                </TextEquiv>
            </TextLine>
            <TextLine id="tr_3_tl_43" custom="readingOrder {index:41;}">
                <Coords points="1441,2964 2317,2965 2304,2895 1440,2915"/>
                <Baseline points="1447,2943 1490,2946 1534,2946 1577,2949 1621,2949 1665,2949 1708,2949 1752,2949 1795,2949 1839,2949 1883,2951 1926,2952 1970,2954 2013,2955 2057,2953 2101,2952 2144,2952 2188,2952 2231,2952 2275,2952 2319,2952"/>
                <TextEquiv>
                    <Unicode>cech z padli ſu na ſwe twaṙy • a klanieli</Unicode>
                </TextEquiv>
            </TextLine>
            <TextLine id="tr_3_tl_44" custom="readingOrder {index:42;}">
                <Coords points="1438,3037 1533,3013 1574,3043 1651,3020 2240,3046 2298,3020 2279,2960 1437,2964"/>
                <Baseline points="1444,3005 1486,3008 1529,3008 1572,3008 1615,3008 1658,3008 1701,3010 1743,3011 1786,3011 1829,3013 1872,3014 1915,3014 1958,3014 2001,3014 2043,3014 2086,3014 2129,3014 2172,3014 2215,3013 2258,3010 2301,3008"/>
                <TextEquiv>
                    <Unicode>ſe bohu rzkucze Dieky cżinimie tobie pa¬</Unicode>
                </TextEquiv>
            </TextLine>
            <TextLine id="tr_3_tl_45" custom="readingOrder {index:43;}">
                <Coords points="1441,3085 2310,3096 2310,3018 2240,3047 1441,3034"/>
                <Baseline points="1447,3065 1490,3068 1533,3068 1576,3068 1620,3071 1663,3071 1706,3073 1750,3074 1793,3072 1836,3073 1880,3074 1923,3072 1966,3075 2009,3077 2053,3075 2096,3074 2139,3074 2183,3074 2226,3074 2269,3074 2313,3077"/>
                <TextEquiv>
                    <Unicode>ne boże wſſemohuczy • genż ſy • a genż</Unicode>
                </TextEquiv>
            </TextLine>
            <TextLine id="tr_3_tl_46" custom="readingOrder {index:44;}">
                <Coords points="1451,3151 2302,3157 2301,3096 2270,3084 1976,3108 1770,3082 1663,3110 1450,3082"/>
                <Baseline points="1456,3137 1498,3134 1540,3131 1583,3131 1625,3134 1668,3134 1710,3134 1752,3134 1795,3136 1837,3135 1880,3137 1922,3140 1964,3139 2007,3138 2049,3139 2092,3137 2134,3137 2176,3137 2219,3137 2261,3137 2304,3131"/>
                <TextEquiv>
                    <Unicode>ſy byl • a genż przygiti maſs • ktery ſy</Unicode>
                </TextEquiv>
            </TextLine>
            <TextLine id="tr_3_tl_47" custom="readingOrder {index:45;}">
                <Coords points="1442,3223 2310,3208 2309,3157 2275,3144 2047,3170 1441,3155"/>
                <Baseline points="1447,3196 1490,3194 1533,3193 1576,3193 1619,3193 1662,3195 1705,3195 1749,3194 1792,3196 1835,3197 1878,3199 1921,3200 1964,3202 2007,3202 2051,3202 2094,3202 2137,3202 2180,3199 2223,3196 2266,3199 2310,3190"/>
                <TextEquiv>
                    <Unicode>prziyal mocz ſwu weliku zakralowal ſy</Unicode>
                </TextEquiv>
            </TextLine>
            <TextLine id="tr_3_tl_48" custom="readingOrder {index:46;}">
                <Coords points="1438,3293 2266,3304 2305,3287 2304,3211 1437,3219"/>
                <Baseline points="1444,3256 1487,3256 1530,3256 1573,3256 1616,3259 1659,3259 1702,3259 1746,3259 1789,3259 1832,3261 1875,3262 1918,3264 1961,3267 2004,3266 2048,3265 2091,3266 2134,3267 2177,3265 2220,3265 2263,3265 2307,3265"/>
                <TextEquiv>
                    <Unicode>a rozhniewali ſu ſe narodowe • a prziſſel</Unicode>
                </TextEquiv>
            </TextLine>
            <TextEquiv>
                <Unicode>Gwim
twarzi boha zemie ſtocziece.A budeli ḡt 
ma kto chtieti vſſkodicz wygde ohen z
vſt gich a ſpali czich nepṙateſy.a budeli
gi kto chtieti ſſkodu vċiniti takt muſy za¬
bit s yti Tatoṫ magi mocz zawṙiecz neby¬
aby deſſi neprſſal zadnuow procztwie
gich a magi mocz na d wodami obratztž
gi w krew a trapiti zemi wſſeliku ranu.
ſkolikrat koli chtieti budeta A kdyż doko¬
nacz ſwe ſwiedectwie.ſſelma kteraż wy¬
ſtupi zapaſti vczini bog ꝓti nima a pṙe¬ 
moz ge y zabi cze a leżeti budu ċela gich
na rynciech nieſta welikeo ktere duchow 
nie ſlowe Iodoma a egip kdeżto y pan
gich ykrzyzowan ḡts. A uzrzielidee a po¬ 
kolenie.a yazykowe.a narodowe czela¬
gich za puolcżtwrta dne.a tiel gich ne¬
dadie pochowatz w hrobiech A ti geſſto¬
bydle na zemi radowati ſe budu nad n.
mi a weſeliti a dary ſobie budu weſpo¬
ſlekp oſelati Neb ta dwa prokytrapila
ſta ty ktery przebywagi na zemi.A po¬
tṙech dnech a popuol duch żiwota od bo¬
ha poſlany wgide do nich Y ſtala ſta na¬
ſwych nohach. a bazen welika ſpadla¬
ḡt na ty ktery ſu ge widieli A vſlyſſeli 
ſu hlas weſiky s nebe an die gima. W
stupta ſem Y wſlupila na nebe w uobla
cze Y widieli ſu ge nepṙatele gich.A w¬
tu hodinu ſtalo ſe zemie trzeſenie welike
a deſata ſtrana nieſta ḡt padla. a z mor¬ 
dewano ḡt tie zemie trzeſeni lidi ſedm cż¬ 
ſyczow a gini bali ſu ſe.a wzdali ſlawu
bohu nebeſke vcS ieda druha pominula
a a y trzetie bieda rychle przigide.A ſed¬
my a nczel w trubu za trubyy ſtali ſe hla¬
ſowe w nebi rzkuce Sċnieno ḡt kralow¬ 
ſtwie tohoto ſwieta pana naſſeeho y Kryſta¬
czeo a budeṫ kralowati na wieky wiekow 
amen.A cżtrniezczietma ſlarcow kterzi
pṙed obliczecze bożi ſedie na ſwych ſtoli
tech. padli ſu na ſwe twaṙy.a klanieli
ſe bohu rzkucze Dieky czinimie tobie pa¬
ne boze wſſemohuczy genż ſy a genz
ſy byl.a genż przycżiti maſsktery ſy¬
prziyal mocz ſwu weliku a kralowal ſy
a rozhniewali ſu ſe narodo we a prziſſel</Unicode>
            </TextEquiv>
        </TextRegion>
    </Page>
</PcGts>
