<?xml version="1.0" encoding="UTF-8" standalone="yes"?>
<PcGts xmlns="http://schema.primaresearch.org/PAGE/gts/pagecontent/2013-07-15" xmlns:xsi="http://www.w3.org/2001/XMLSchema-instance" xsi:schemaLocation="http://schema.primaresearch.org/PAGE/gts/pagecontent/2013-07-15 http://schema.primaresearch.org/PAGE/gts/pagecontent/2013-07-15/pagecontent.xsd">
    <Metadata>
        <Creator>prov=READ-COOP:name=PyLaia@TranskribusPlatform:version=2.19.0:model_id=58856:lm=none:date=27_11_2024_20:17</Creator>
        <Created>2024-11-22T17:31:56.920+01:00</Created>
        <LastChange>2024-12-10T15:39:53.008+01:00</LastChange>
        <TranskribusMetadata docId="5363448" pageId="84627001" pageNr="1148" tsid="211444169" status="GT" userId="100969" imgUrl="https://files.transkribus.eu/Get?id=ZNALMHOLVNVYEWWQZPOXDYGV&amp;fileType=view" xmlUrl="https://files.transkribus.eu/Get?id=TFGYZCUAPVCONBKZFAQDEEDB" imageId="69899167"/>
    </Metadata>
    <Page imageFilename="DTL_547662-1149.jpeg" imageWidth="2530" imageHeight="3955">
        <ReadingOrder>
            <OrderedGroup id="ro_1734605781678" caption="Regions reading order">
                <RegionRefIndexed index="0" regionRef="r"/>
                <RegionRefIndexed index="1" regionRef="tr_2"/>
                <RegionRefIndexed index="2" regionRef="tr_3"/>
            </OrderedGroup>
        </ReadingOrder>
        <TextRegion id="r" custom="readingOrder {index:0;}">
            <Coords points="959,152 1254,152 1254,239 959,239"/>
            <TextLine id="l" custom="readingOrder {index:0;}">
                <Coords points="977,233 1233,234 1230,232 1213,257 1183,219 977,203"/>
                <Baseline points="977,233 1233,234 1230,232"/>
                <TextEquiv>
                    <Unicode>k Zidom</Unicode>
                </TextEquiv>
            </TextLine>
            <TextEquiv>
                <Unicode></Unicode>
            </TextEquiv>
        </TextRegion>
        <TextRegion orientation="0.0" id="tr_2" custom="readingOrder {index:1;}">
            <Coords points="167,347 167,3311 1107,3311 1107,347"/>
            <TextLine id="tr_2_tl_1" custom="readingOrder {index:0;} abbrev {offset:10; length:2;expansion:geſt;}">
                <Coords points="176,411 303,384 423,412 989,398 1043,388 1044,299 778,330 424,294 177,314"/>
                <Baseline points="182,385 225,385 268,385 311,383 355,382 398,380 441,380 484,381 528,380 571,382 614,381 657,379 701,379 744,379 787,378 830,376 874,376 917,376 960,376 1003,376 1047,376"/>
                <TextEquiv>
                    <Unicode>ſſtieh To ḡt bylo znamenano duchem</Unicode>
                </TextEquiv>
            </TextLine>
            <TextLine id="tr_2_tl_2" custom="readingOrder {index:1;}">
                <Coords points="182,473 401,444 495,472 1044,449 1044,399 1002,388 182,408"/>
                <Baseline points="188,453 233,448 278,445 323,444 368,444 414,444 459,439 504,441 549,441 594,444 640,441 685,441 730,438 775,441 820,441 866,438 911,438 956,438 1001,441 1047,435"/>
                <TextEquiv>
                    <Unicode>ſwatym · že geſſtie nebyla zgewena</Unicode>
                </TextEquiv>
            </TextLine>
            <TextLine id="tr_2_tl_3" custom="readingOrder {index:2;} abbrev {offset:33; length:6;expansion:zakonem;}">
                <Coords points="167,537 1043,513 1044,448 168,473"/>
                <Baseline points="173,516 216,512 260,509 304,507 347,506 391,505 435,506 478,504 522,504 566,504 610,503 653,501 697,501 741,501 784,501 828,501 872,501 915,501 959,501 1003,501 1047,498"/>
                <TextEquiv>
                    <Unicode>czeſta k nebi dokawad ſtanek pod zakonē</Unicode>
                </TextEquiv>
            </TextLine>
            <TextLine id="tr_2_tl_4" custom="readingOrder {index:3;} abbrev {offset:13; length:3;expansion:genž;} abbrev {offset:34; length:3; continued:true;expansion:nynieyſſieho;}">
                <Coords points="182,601 364,572 1015,585 1040,514 183,529"/>
                <Baseline points="188,576 230,573 273,570 315,570 358,568 401,567 443,569 486,568 529,567 571,566 614,564 657,563 699,562 742,564 785,564 827,563 870,561 913,561 955,561 998,564 1041,561"/>
                <TextEquiv>
                    <Unicode>ſtarym trwal gēž byl podobenſtwie ny¬</Unicode>
                </TextEquiv>
            </TextLine>
            <TextLine id="tr_2_tl_5" custom="readingOrder {index:4;} abbrev {offset:0; length:9; continued:true;expansion:nynieyſſieho;} textStyle {offset:8; length:1;superscript:true;} abbrev {offset:17; length:5;expansion:noweho;} textStyle {offset:21; length:1;superscript:true;}">
                <Coords points="161,644 1034,649 1035,591 970,568 719,567 664,609 439,575 162,598"/>
                <Baseline points="167,638 210,636 254,634 297,633 341,632 384,629 428,629 471,629 515,629 558,628 602,626 646,625 689,623 733,623 776,623 820,623 863,623 907,623 950,623 994,620 1038,620"/>
                <TextEquiv>
                    <Unicode>nieyſſieo zakona noweo · Podle kterehož</Unicode>
                </TextEquiv>
            </TextLine>
            <TextLine id="tr_2_tl_6" custom="readingOrder {index:5;}">
                <Coords points="167,705 660,688 779,721 1032,696 1047,651 168,656"/>
                <Baseline points="173,695 216,698 260,697 304,695 347,694 391,692 435,692 478,692 522,691 566,689 610,688 653,685 697,684 741,686 784,683 828,683 872,683 915,683 959,683 1003,683 1047,680"/>
                <TextEquiv>
                    <Unicode>darowe a obieti obietugi ſe geſſto nemo¬</Unicode>
                </TextEquiv>
            </TextLine>
            <TextLine id="tr_2_tl_7" custom="readingOrder {index:6;} abbrev {offset:13; length:9;expansion:dokonaleho;} textStyle {offset:21; length:1;superscript:true;} abbrev {offset:32; length:3;expansion:toho;} textStyle {offset:34; length:1;superscript:true;}">
                <Coords points="167,778 1031,767 1023,692 779,721 168,713"/>
                <Baseline points="173,758 216,755 259,755 302,755 345,755 388,755 431,755 474,754 517,752 560,752 604,751 647,749 690,749 733,749 776,749 819,749 862,749 905,746 948,746 991,743 1035,737"/>
                <TextEquiv>
                    <Unicode>hu ſwiedomie dokonaleo vcžiniti too ktož</Unicode>
                </TextEquiv>
            </TextLine>
            <TextLine id="tr_2_tl_8" custom="readingOrder {index:7;} abbrev {offset:4; length:3;expansion:nim;}">
                <Coords points="169,853 532,817 981,835 1039,813 1040,764 170,780"/>
                <Baseline points="176,817 219,821 262,821 305,818 349,817 392,816 435,814 478,813 522,811 565,810 608,809 651,811 695,811 738,811 781,810 824,808 868,811 911,811 954,808 997,805 1041,805"/>
                <TextEquiv>
                    <Unicode>pod nī ſluži toliko w pokrmiech a w napo¬</Unicode>
                </TextEquiv>
            </TextLine>
            <TextLine id="tr_2_tl_9" custom="readingOrder {index:8;}">
                <Coords points="170,909 286,881 1027,897 1040,815 170,855"/>
                <Baseline points="176,883 219,883 262,881 305,880 349,878 392,877 435,877 478,876 522,874 565,874 608,874 651,874 695,873 738,871 781,871 824,871 868,871 911,871 954,868 997,868 1041,859"/>
                <TextEquiv>
                    <Unicode>gich · a w rozlicżnych vmywadlech a ſp̃¬</Unicode>
                </TextEquiv>
            </TextLine>
            <TextLine id="tr_2_tl_10" custom="readingOrder {index:9;} abbrev {offset:35; length:6; continued:true;expansion:dokonaleyſſieho;}">
                <Coords points="182,956 963,957 1044,939 1045,895 183,909"/>
                <Baseline points="188,943 233,944 278,943 323,941 368,940 414,940 459,937 504,937 549,937 594,934 640,937 685,937 730,937 775,934 820,934 866,934 911,934 956,928 1001,931 1047,928"/>
                <TextEquiv>
                    <Unicode>wedliwoſtech tieleſnych až do čaſu op̃we¬</Unicode>
                </TextEquiv>
            </TextLine>
            <TextLine id="tr_2_tl_11" custom="readingOrder {index:10;} abbrev {offset:0; length:4; continued:true;expansion:dokonaleyſſieho;} abbrev {offset:18; length:7;expansion:kryſtus;}">
                <Coords points="176,1019 1050,1008 1051,935 177,954"/>
                <Baseline points="182,1011 225,1005 269,1005 312,1004 356,1002 399,1001 443,999 486,999 530,999 573,998 617,996 661,996 704,996 748,996 791,996 835,993 878,993 922,990 965,990 1009,990 1053,982"/>
                <TextEquiv>
                    <Unicode>n̄e vlożenych Ale kryſtˆ přyſtogicy bi¬</Unicode>
                </TextEquiv>
            </TextLine>
            <TextLine id="tr_2_tl_12" custom="readingOrder {index:11;} abbrev {offset:5; length:9;expansion:buduczieho;} textStyle {offset:13; length:1;superscript:true;} abbrev {offset:28; length:9;expansion:ſſirſſieho;} textStyle {offset:36; length:1;superscript:true;} abbrev {offset:40; length:3; continued:true;expansion:dokonaleyſſieho;}">
                <Coords points="193,1081 1044,1074 1031,1005 194,1020"/>
                <Baseline points="199,1068 241,1065 283,1065 326,1065 368,1063 411,1062 453,1062 495,1062 538,1060 580,1059 623,1057 665,1056 707,1057 750,1058 792,1056 835,1056 877,1055 919,1053 962,1056 1004,1053 1047,1050"/>
                <TextEquiv>
                    <Unicode>ſkup buduczieo dobreho · do ſſirſſieo a do¬</Unicode>
                </TextEquiv>
            </TextLine>
            <TextLine id="tr_2_tl_13" custom="readingOrder {index:12;} abbrev {offset:0; length:12; continued:true;expansion:dokonaleyſſieho;} textStyle {offset:11; length:1;superscript:true;}">
                <Coords points="173,1145 1015,1139 1042,1074 647,1091 375,1063 173,1096"/>
                <Baseline points="179,1134 222,1129 265,1128 308,1126 352,1125 395,1125 438,1124 481,1122 525,1122 568,1121 611,1120 654,1122 698,1122 741,1121 784,1119 827,1119 871,1119 914,1119 957,1116 1000,1116 1044,1113"/>
                <TextEquiv>
                    <Unicode>konaleyſſieo ſtanku · ne ruku vdielaneho</Unicode>
                </TextEquiv>
            </TextLine>
            <TextLine id="tr_2_tl_14" custom="readingOrder {index:13;} abbrev {offset:3; length:2;expansion:geſt;}">
                <Coords points="176,1206 1048,1188 1048,1137 967,1121 177,1152"/>
                <Baseline points="182,1196 225,1191 268,1190 312,1188 355,1186 399,1185 442,1185 485,1185 529,1185 572,1184 616,1183 659,1185 702,1185 746,1184 789,1182 833,1182 876,1182 919,1179 963,1179 1006,1176 1050,1170"/>
                <TextEquiv>
                    <Unicode>to ḡt ne tohoto ſtwořenie ani ſkrze krew</Unicode>
                </TextEquiv>
            </TextLine>
            <TextLine id="tr_2_tl_15" custom="readingOrder {index:14;}">
                <Coords points="178,1264 965,1264 1051,1245 1052,1187 720,1189 662,1220 543,1188 179,1205"/>
                <Baseline points="185,1256 228,1251 271,1250 315,1248 358,1246 402,1245 445,1247 488,1247 532,1246 575,1243 619,1242 662,1244 705,1244 749,1243 792,1241 836,1241 879,1238 922,1241 966,1238 1009,1238 1053,1238"/>
                <TextEquiv>
                    <Unicode>kozlowu · neb teleczy · ale ſkrze wlaſtni</Unicode>
                </TextEquiv>
            </TextLine>
            <TextLine id="tr_2_tl_16" custom="readingOrder {index:15;}">
                <Coords points="171,1333 1051,1322 1026,1246 173,1261"/>
                <Baseline points="179,1316 222,1313 266,1310 310,1309 353,1308 397,1309 441,1307 484,1307 528,1307 572,1307 616,1306 659,1304 703,1304 747,1304 790,1304 834,1304 878,1304 921,1301 965,1301 1009,1301 1053,1298"/>
                <TextEquiv>
                    <Unicode>krew wſſel gednu do ſwatynie wiecżne</Unicode>
                </TextEquiv>
            </TextLine>
            <TextLine id="tr_2_tl_17" custom="readingOrder {index:16;}">
                <Coords points="178,1385 1043,1377 1029,1314 350,1338 297,1313 179,1340"/>
                <Baseline points="185,1376 228,1373 271,1375 314,1374 357,1373 400,1373 443,1373 486,1373 529,1372 572,1370 616,1370 659,1369 702,1367 745,1367 788,1366 831,1364 874,1364 917,1364 960,1361 1003,1361 1047,1355"/>
                <TextEquiv>
                    <Unicode>wykupenie nalezl Neb poñewadž krew</Unicode>
                </TextEquiv>
            </TextLine>
            <TextLine id="tr_2_tl_18" custom="readingOrder {index:17;} abbrev {offset:34; length:5; continued:true;expansion:ſkropenim;}">
                <Coords points="178,1451 961,1443 1049,1433 1050,1392 179,1385"/>
                <Baseline points="185,1438 228,1438 271,1436 315,1435 358,1435 402,1434 445,1432 488,1432 532,1432 575,1431 619,1429 662,1429 705,1429 749,1428 792,1426 836,1426 879,1423 922,1423 966,1423 1009,1417 1053,1420"/>
                <TextEquiv>
                    <Unicode>kozlowa a bykowa a popel ialowice ſkro¬</Unicode>
                </TextEquiv>
            </TextLine>
            <TextLine id="tr_2_tl_19" custom="readingOrder {index:18;} abbrev {offset:0; length:4; continued:true;expansion:ſkropenim;}">
                <Coords points="181,1523 1032,1509 1033,1451 949,1438 183,1451"/>
                <Baseline points="188,1501 230,1501 272,1498 315,1498 357,1493 399,1494 442,1495 484,1495 526,1495 569,1493 611,1492 653,1491 696,1489 738,1490 780,1491 823,1488 865,1485 907,1483 950,1480 992,1477 1035,1477"/>
                <TextEquiv>
                    <Unicode>penī poſſkwrnienych poſwiecuge k wy¬</Unicode>
                </TextEquiv>
            </TextLine>
            <TextLine id="tr_2_tl_20" custom="readingOrder {index:19;} abbrev {offset:11; length:9;expansion:tieleſnemu;} textStyle {offset:19; length:1;superscript:true;} abbrev {offset:23; length:5;expansion:Mnohem;}">
                <Coords points="177,1571 884,1571 1032,1555 1049,1514 454,1499 178,1525"/>
                <Baseline points="185,1561 228,1563 271,1562 314,1561 358,1561 401,1560 444,1557 487,1555 531,1554 574,1553 617,1555 660,1554 704,1552 747,1551 790,1549 833,1549 877,1549 920,1546 963,1546 1006,1543 1050,1543"/>
                <TextEquiv>
                    <Unicode>cžiſſtieni tieleſnev · Mnohē wiecze krew</Unicode>
                </TextEquiv>
            </TextLine>
            <TextLine id="tr_2_tl_21" custom="readingOrder {index:20;} abbrev {offset:32; length:6;expansion:ſwateho;} textStyle {offset:37; length:1;superscript:true;}">
                <Coords points="177,1636 697,1618 836,1645 1045,1612 1047,1550 179,1571"/>
                <Baseline points="185,1626 228,1626 271,1624 314,1621 357,1620 400,1620 443,1620 486,1617 529,1613 572,1612 616,1614 659,1614 702,1614 745,1614 788,1613 831,1610 874,1608 917,1608 960,1608 1003,1608 1047,1605"/>
                <TextEquiv>
                    <Unicode>kryſtowa · kteryžto ſkrze ducha ſwateo</Unicode>
                </TextEquiv>
            </TextLine>
            <TextLine id="tr_2_tl_22" custom="readingOrder {index:21;} abbrev {offset:17; length:14;expansion:nepoſſkwrňeneho;} textStyle {offset:30; length:1;superscript:true;}">
                <Coords points="193,1701 1005,1684 1049,1679 1050,1631 194,1636"/>
                <Baseline points="199,1686 241,1686 284,1684 327,1683 369,1683 412,1683 455,1681 497,1680 540,1680 583,1680 626,1679 668,1677 711,1676 754,1674 796,1674 839,1674 882,1673 924,1670 967,1665 1010,1665 1006,1670"/>
                <TextEquiv>
                    <Unicode>ſam ſe obietowal nepoſſkwrňeneo bo¬</Unicode>
                </TextEquiv>
            </TextLine>
            <TextLine id="tr_2_tl_23" custom="readingOrder {index:22;}">
                <Coords points="185,1762 1056,1745 1057,1679 1024,1676 186,1705"/>
                <Baseline points="191,1749 234,1746 277,1743 321,1740 364,1741 408,1743 451,1742 494,1740 538,1740 581,1740 625,1740 668,1740 711,1740 755,1739 798,1737 842,1734 885,1734 928,1734 972,1728 1015,1731 1059,1731"/>
                <TextEquiv>
                    <Unicode>hu wyčiſſtiuge ſwiedom̌e naſſe od ſkut¬</Unicode>
                </TextEquiv>
            </TextLine>
            <TextLine id="tr_2_tl_24" custom="readingOrder {index:23;} abbrev {offset:12; length:6;expansion:abychom;}">
                <Coords points="182,1823 896,1826 1053,1805 1055,1740 183,1762"/>
                <Baseline points="188,1811 231,1808 274,1806 318,1805 361,1805 405,1805 448,1805 491,1805 535,1805 578,1805 622,1805 665,1805 708,1804 752,1801 795,1799 839,1799 882,1796 925,1793 969,1796 1012,1793 1056,1796"/>
                <TextEquiv>
                    <Unicode>kow mrtwych abychō ſluzili bohu žiwe¬</Unicode>
                </TextEquiv>
            </TextLine>
            <TextLine id="tr_2_tl_25" custom="readingOrder {index:24;} abbrev {offset:5; length:5;expansion:protož;} abbrev {offset:10; length:6;expansion:noweho;} textStyle {offset:14; length:1;superscript:true;}">
                <Coords points="176,1878 987,1883 1050,1862 1051,1821 366,1837 267,1809 176,1833"/>
                <Baseline points="182,1871 225,1869 269,1869 312,1871 356,1871 399,1870 443,1868 486,1867 530,1865 573,1865 617,1865 661,1864 704,1863 748,1864 791,1862 835,1862 878,1859 922,1856 965,1856 1009,1853 1053,1850"/>
                <TextEquiv>
                    <Unicode>mu A ꝓtož noweo zakona ſmircze geſt ·</Unicode>
                </TextEquiv>
            </TextLine>
            <TextLine id="tr_2_tl_26" custom="readingOrder {index:25;}">
                <Coords points="175,1950 1056,1930 1050,1863 989,1890 231,1876 176,1901"/>
                <Baseline points="182,1937 225,1934 269,1934 313,1934 357,1933 401,1931 445,1930 488,1928 532,1928 576,1928 620,1928 664,1928 708,1928 752,1925 795,1922 839,1922 883,1919 927,1922 971,1925 1015,1922 1059,1922"/>
                <TextEquiv>
                    <Unicode>aby ſmrt mezy to wſtupila k wyplaceni</Unicode>
                </TextEquiv>
            </TextLine>
            <TextLine id="tr_2_tl_27" custom="readingOrder {index:26;} abbrev {offset:33; length:5;expansion:prwnim;}">
                <Coords points="182,2017 860,1988 1047,2011 1048,1951 183,1948"/>
                <Baseline points="188,1996 231,1996 274,1994 317,1993 360,1993 403,1993 446,1991 489,1990 532,1990 575,1989 619,1986 662,1984 705,1984 748,1985 791,1986 834,1984 877,1984 920,1984 963,1984 1006,1984 1050,1981"/>
                <TextEquiv>
                    <Unicode>tiech přeſtupeni kteraž byla pod prwnī</Unicode>
                </TextEquiv>
            </TextLine>
            <TextLine id="tr_2_tl_28" custom="readingOrder {index:27;} abbrev {offset:0; length:6;expansion:zakonem;}">
                <Coords points="182,2084 1063,2049 1063,2004 1015,1991 911,2018 865,1993 183,2015"/>
                <Baseline points="188,2059 231,2056 275,2056 319,2056 363,2056 407,2055 451,2052 494,2051 538,2052 582,2050 626,2050 670,2049 714,2047 758,2047 801,2047 845,2047 889,2047 933,2041 977,2044 1021,2044 1065,2041"/>
                <TextEquiv>
                    <Unicode>zakonē · a tak zaſlibenie pṙiyali kterziž ſu</Unicode>
                </TextEquiv>
            </TextLine>
            <TextLine id="tr_2_tl_29" custom="readingOrder {index:28;} abbrev {offset:9; length:8;expansion:wiecžneho;} textStyle {offset:16; length:1;superscript:true;}">
                <Coords points="186,2138 1048,2138 1103,2130 1105,2028 1007,2075 821,2050 761,2077 187,2076"/>
                <Baseline points="194,2119 239,2118 285,2117 330,2116 376,2116 422,2116 467,2116 513,2116 559,2116 604,2114 650,2113 696,2111 741,2110 787,2110 833,2107 878,2110 924,2110 970,2107 1015,2107 1061,2101 1107,2101"/>
                <TextEquiv>
                    <Unicode>powolani wiecžneo diedictwie Neb kdež</Unicode>
                </TextEquiv>
            </TextLine>
            <TextLine id="tr_2_tl_30" custom="readingOrder {index:29;} abbrev {offset:35; length:2;expansion:geſt;}">
                <Coords points="185,2199 963,2197 1053,2182 1055,2138 907,2115 186,2138"/>
                <Baseline points="191,2184 234,2181 277,2181 320,2181 364,2179 407,2178 450,2177 493,2175 537,2175 580,2175 623,2175 666,2174 710,2173 753,2173 796,2175 839,2173 883,2170 926,2170 969,2170 1012,2170 1056,2170"/>
                <TextEquiv>
                    <Unicode>ſe diege porucženſtwie · potrzebie ḡt a¬</Unicode>
                </TextEquiv>
            </TextLine>
            <TextLine id="tr_2_tl_31" custom="readingOrder {index:30;} abbrev {offset:17; length:3;expansion:toho;} textStyle {offset:19; length:1;superscript:true;}">
                <Coords points="182,2253 503,2269 921,2237 973,2262 1056,2239 1057,2180 182,2199"/>
                <Baseline points="188,2238 231,2240 275,2241 318,2241 362,2241 405,2242 449,2242 492,2239 536,2240 579,2238 623,2237 667,2235 710,2235 754,2235 797,2235 841,2235 884,2232 928,2232 971,2229 1015,2232 1059,2226"/>
                <TextEquiv>
                    <Unicode>by ſmrt przyſſla too ktož cžini porucžen¬</Unicode>
                </TextEquiv>
            </TextLine>
            <TextLine id="tr_2_tl_32" custom="readingOrder {index:31;}">
                <Coords points="187,2330 1053,2303 1053,2256 939,2240 502,2269 189,2250"/>
                <Baseline points="194,2304 237,2304 280,2304 323,2304 366,2304 409,2301 452,2300 495,2301 538,2301 581,2301 625,2300 668,2297 711,2296 754,2297 797,2295 840,2295 883,2295 926,2292 969,2289 1012,2292 1056,2292"/>
                <TextEquiv>
                    <Unicode>ſtwie · a tak porucženſtwie ſmrti bywa</Unicode>
                </TextEquiv>
            </TextLine>
            <TextLine id="tr_2_tl_33" custom="readingOrder {index:32;}">
                <Coords points="185,2396 401,2365 1050,2375 1044,2300 186,2333"/>
                <Baseline points="191,2364 234,2366 277,2367 320,2365 363,2364 406,2364 449,2362 492,2362 535,2364 578,2364 622,2364 665,2363 708,2360 751,2358 794,2358 837,2357 880,2355 923,2355 966,2355 1009,2355 1053,2352"/>
                <TextEquiv>
                    <Unicode>potwrzeno · ginak nenie platno dokudž</Unicode>
                </TextEquiv>
            </TextLine>
            <TextLine id="tr_2_tl_34" custom="readingOrder {index:33;} abbrev {offset:4; length:2;expansion:geſt;} abbrev {offset:39; length:2; continued:true;expansion:protož;}">
                <Coords points="182,2450 1044,2439 1045,2379 899,2358 183,2395"/>
                <Baseline points="188,2426 233,2426 278,2426 323,2426 368,2428 414,2424 459,2426 504,2423 549,2426 594,2423 640,2423 685,2420 730,2420 775,2420 820,2417 866,2417 911,2417 956,2414 1001,2414 1047,2411"/>
                <TextEquiv>
                    <Unicode>žiw ḡt ten genž porucženſtwie včinil · ꝓ¬</Unicode>
                </TextEquiv>
            </TextLine>
            <TextLine id="tr_2_tl_35" custom="readingOrder {index:34;} abbrev {offset:0; length:3; continued:true;expansion:protož;}">
                <Coords points="178,2499 914,2503 1042,2492 1055,2439 179,2452"/>
                <Baseline points="185,2489 228,2489 272,2489 315,2489 359,2488 402,2486 446,2486 489,2486 533,2486 576,2486 620,2486 664,2486 707,2485 751,2483 794,2483 838,2480 881,2480 925,2477 968,2474 1012,2474 1056,2477"/>
                <TextEquiv>
                    <Unicode>tož y zakon ſtary bez krwe nebyl potwr¬</Unicode>
                </TextEquiv>
            </TextLine>
            <TextLine id="tr_2_tl_36" custom="readingOrder {index:35;}">
                <Coords points="185,2573 1052,2561 1053,2486 521,2519 186,2501"/>
                <Baseline points="191,2549 234,2552 277,2552 320,2552 364,2550 407,2548 450,2546 493,2546 537,2547 580,2549 623,2548 666,2546 710,2546 753,2545 796,2543 839,2543 883,2543 926,2543 969,2540 1012,2540 1056,2537"/>
                <TextEquiv>
                    <Unicode>zen Neb když cžtena byla wſſeczka přika¬</Unicode>
                </TextEquiv>
            </TextLine>
            <TextLine id="tr_2_tl_37" custom="readingOrder {index:36;}">
                <Coords points="182,2638 1050,2614 1050,2565 976,2553 183,2574"/>
                <Baseline points="188,2614 231,2614 274,2614 317,2612 361,2611 404,2611 447,2611 490,2611 534,2611 577,2609 620,2606 663,2607 707,2605 750,2604 793,2602 836,2602 880,2605 923,2602 966,2599 1009,2599 1053,2596"/>
                <TextEquiv>
                    <Unicode>zani zakona od moyžieſſe wſſemu lidu ·</Unicode>
                </TextEquiv>
            </TextLine>
            <TextLine id="tr_2_tl_38" custom="readingOrder {index:37;}">
                <Coords points="178,2678 1027,2681 1057,2677 1058,2611 178,2637"/>
                <Baseline points="185,2671 228,2674 272,2673 316,2672 359,2674 403,2673 447,2671 490,2671 534,2671 578,2671 622,2671 665,2670 709,2668 753,2668 796,2667 840,2662 884,2665 927,2665 971,2662 1015,2659 1059,2659"/>
                <TextEquiv>
                    <Unicode>wzaw krew teleczy a kozlowu s wodu a s</Unicode>
                </TextEquiv>
            </TextLine>
            <TextLine id="tr_2_tl_39" custom="readingOrder {index:38;}">
                <Coords points="185,2745 1050,2741 1050,2676 988,2667 185,2697"/>
                <Baseline points="191,2734 234,2736 277,2735 320,2734 363,2734 406,2734 449,2734 492,2734 535,2734 578,2734 622,2733 665,2731 708,2732 751,2734 794,2733 837,2730 880,2728 923,2725 966,2725 1009,2725 1053,2725"/>
                <TextEquiv>
                    <Unicode>wlnu cžrwczowu a yzopem tiech knih y</Unicode>
                </TextEquiv>
            </TextLine>
            <TextLine id="tr_2_tl_40" custom="readingOrder {index:39;} abbrev {offset:0; length:5;expansion:wſſeho;} textStyle {offset:4; length:1;superscript:true;} abbrev {offset:31; length:2;expansion:geſt;}">
                <Coords points="178,2803 1053,2798 1053,2748 956,2735 636,2763 178,2747"/>
                <Baseline points="185,2793 228,2793 272,2794 315,2796 359,2796 402,2796 446,2796 489,2796 533,2796 576,2796 620,2796 664,2796 707,2795 751,2794 794,2796 838,2793 881,2790 925,2787 968,2784 1012,2784 1056,2778"/>
                <TextEquiv>
                    <Unicode>wſſeo lidu pokropil rzka Tatoṫ ḡt krew</Unicode>
                </TextEquiv>
            </TextLine>
            <TextLine id="tr_2_tl_41" custom="readingOrder {index:40;}">
                <Coords points="176,2881 1055,2859 1056,2798 177,2815"/>
                <Baseline points="182,2856 225,2859 269,2859 313,2859 356,2858 400,2855 444,2854 487,2856 531,2856 575,2856 619,2856 662,2856 706,2856 750,2856 793,2856 837,2853 881,2850 924,2847 968,2850 1012,2850 1056,2844"/>
                <TextEquiv>
                    <Unicode>zakona kteryž wydal wam buoh Take</Unicode>
                </TextEquiv>
            </TextLine>
            <TextLine id="tr_2_tl_42" custom="readingOrder {index:41;}">
                <Coords points="177,2945 977,2931 1063,2916 1064,2852 178,2878"/>
                <Baseline points="185,2925 229,2922 273,2922 317,2921 361,2919 405,2919 449,2919 493,2919 537,2919 581,2918 625,2916 669,2916 713,2916 757,2916 801,2916 845,2915 889,2910 933,2913 977,2907 1021,2904 1065,2901"/>
                <TextEquiv>
                    <Unicode>ſtanku y wſſech nadob geſſto k ſlužbie</Unicode>
                </TextEquiv>
            </TextLine>
            <TextLine id="tr_2_tl_43" custom="readingOrder {index:42;}">
                <Coords points="185,3009 523,2985 732,3008 784,2981 916,3007 1056,2980 1057,2924 186,2947"/>
                <Baseline points="191,2987 234,2985 277,2984 321,2984 364,2984 408,2983 451,2980 494,2977 538,2976 581,2977 625,2976 668,2978 711,2978 755,2977 798,2975 842,2975 885,2974 928,2969 972,2972 1015,2966 1059,2966"/>
                <TextEquiv>
                    <Unicode>prziſluſſiely krwi pokropil · a wſſeczky</Unicode>
                </TextEquiv>
            </TextLine>
            <TextLine id="tr_2_tl_44" custom="readingOrder {index:43;}">
                <Coords points="181,3055 1056,3044 1032,2975 916,3007 807,2982 764,3007 182,3009"/>
                <Baseline points="188,3041 231,3043 275,3043 318,3042 362,3044 405,3044 449,3044 492,3043 536,3040 579,3038 623,3039 667,3040 710,3038 754,3039 797,3041 841,3038 884,3038 928,3035 971,3035 1015,3029 1059,3026"/>
                <TextEquiv>
                    <Unicode>wiecy temierz krwi podle zakona čiſtie ſe</Unicode>
                </TextEquiv>
            </TextLine>
            <TextLine id="tr_2_tl_45" custom="readingOrder {index:44;} abbrev {offset:26; length:7;expansion:hřiechom;}">
                <Coords points="177,3120 1011,3119 1063,3102 1064,3047 178,3062"/>
                <Baseline points="185,3104 229,3105 273,3107 317,3107 361,3106 405,3105 449,3107 493,3106 537,3103 581,3101 625,3101 669,3101 713,3101 757,3101 801,3101 845,3098 889,3098 933,3095 977,3095 1021,3092 1065,3089"/>
                <TextEquiv>
                    <Unicode>a bez krwe wylitie nebywa hřiechō otpu¬</Unicode>
                </TextEquiv>
            </TextLine>
            <TextLine id="tr_2_tl_46" custom="readingOrder {index:45;} abbrev {offset:11; length:5;expansion:protož;}">
                <Coords points="191,3185 1043,3168 1057,3104 192,3116"/>
                <Baseline points="197,3166 240,3168 283,3169 326,3169 369,3167 412,3166 455,3166 498,3166 541,3166 584,3165 628,3165 671,3165 714,3164 757,3164 800,3163 843,3161 886,3161 929,3161 972,3158 1015,3155 1059,3155"/>
                <TextEquiv>
                    <Unicode>ſſtienie · ꝓtož muſyli przikladowe zagi¬</Unicode>
                </TextEquiv>
            </TextLine>
            <TextLine id="tr_2_tl_47" custom="readingOrder {index:46;}">
                <Coords points="195,3248 1080,3230 1081,3182 1007,3154 588,3197 197,3175"/>
                <Baseline points="202,3232 246,3232 290,3231 334,3229 378,3229 422,3229 466,3229 510,3229 554,3229 598,3229 642,3226 686,3226 730,3226 774,3226 818,3223 862,3223 906,3220 950,3220 994,3220 1038,3217 1083,3217"/>
                <TextEquiv>
                    <Unicode>ſte nebeſkych wiecij ťemito obietmi čiſſťe¬</Unicode>
                </TextEquiv>
            </TextLine>
            <TextLine id="tr_2_tl_48" custom="readingOrder {index:47;}">
                <Coords points="176,3300 231,3333 430,3342 733,3298 865,3330 1058,3302 1051,3228 177,3255"/>
                <Baseline points="182,3292 226,3294 270,3293 314,3295 358,3296 402,3297 446,3295 490,3295 534,3295 578,3294 622,3292 666,3292 710,3289 754,3289 798,3286 842,3286 886,3286 930,3283 974,3286 1018,3286 1062,3280"/>
                <TextEquiv>
                    <Unicode>ni byti · ale ſam y nebeſke wiecy lepſſimi</Unicode>
                </TextEquiv>
            </TextLine>
            <TextEquiv>
                <Unicode>ſſtieh To ḡt bylo znamenano duchem 
ſwatym ze geſſtie ne byla zgewena
czeſta k nebi do kiwad ſtanes pod zakonē 
ſtarym trwa gzeż byl podobenſtwieny¬
nieyſſiee zakona nowe.Podle kterehoz 
darowe a obieti obietugi ſe geſſto nemo¬
hu ſwiedomie dokonalao vczinitż to ktoż 
podni ſlużi tokiko w pokrmiech a w napo¬
gich a wrozlicżnych vmywadlech a ſp¬
wedli woſtech tieleſnych az do ċaſu opwe¬
nē ylozenych Ale kryſta pṙyſtogicy bi¬ 
ſpupo buduczieo dobreho do ſſirſſie a do 
konale yſſie ſlanka. ne ruku y dielaneho
to ḡt ne tohoto ſtwoṙenie ani ſtrze krew¬ 
ko zlowu. neb teleczy.ale ſkrze wlaſtni
krew wſſel gednu do ſwatynē wiecżne 
wykupenie nalezl Neb ponewadż krew¬
ko zlowa a bykdwa a popel ialowite ſkro¬
peni poſſkwrnienych poſwiecugek wy¬
cziſſtiem tieleſnev mh nohe wiecze krew¬ 
kryſtowa kteryzto ſkrze ducha swate 
ſam ſe obietowal nepoſſkwrneneo b 
hu w yċiſſtiuge ſwiedonie niſſe od ſkut¬
kow mrtwych abycho ſluzili bohu ziwwe
mu A ꝓtko zakona ſmircze geſt 
aby ſmrt mezy to wſtupila k wyplaceni
tiech pṙeſtupeni kteraż byla pod prwní
zakone. a tak zaſlikenie pṙiyali kterziż ſu
powolani wiecżnēo diedictwie Neb kdez ¬ 
ſe diecze poruczenſtwie. potrzebie ḡt a 
by ſmrt przyſſla to ktoż cżini porucżen
ſtwie.a tas porucżenſtwie ſmrti bywa¬
potwrzeno ginak nenie plalno do krdż
ziw ḡt ten genż porucżenſtwíe vċinnil .o¬ 
tož y zakon ſtary bez krwe nebyl potwr¬
zen Neb kdyzż cztena byla wſſeczku pṙikr¬
zani zakona od moyzieſſe wſſemu Adu.
wzaw krew teleczy a kozlowu s wodu a s¬
wlnu cżrwczowu a yzopeni tiech knih y
wſſeo Idu pokropil rzka Tatoċ ḡt krew¬ 
zakona kteryż wydal wam buoh Take¬
ſlanku y wſſech na dob geſſto sſluzbie.
prziſluſſiely krwi pokropil. a wſſeczky
wiec y temierz krwi podle zakona ciſtie ſe
a kez krwe w ylitie nebywa hṙiecho otpu¬
ſſtienie. Ꝓtoż muſyli przikladowe zageſt 
ſle nekeſkych wſech ċemito obiecni ċiſſṙe
ni byti Ale ſam y nekeſke wiecy lepſſimi</Unicode>
            </TextEquiv>
        </TextRegion>
        <TextRegion orientation="0.0" id="tr_3" custom="readingOrder {index:2;}">
            <Coords points="1808,297 1114,310 1047,3297 2044,3297 2075,296"/>
            <TextLine id="tr_3_tl_2" custom="readingOrder {index:0;}">
                <Coords points="1132,379 2028,388 2029,310 1908,282 1202,279 1133,308"/>
                <Baseline points="1140,367 1184,370 1229,373 1273,373 1318,370 1363,373 1407,370 1452,373 1496,373 1541,373 1586,370 1630,370 1675,370 1719,367 1764,367 1809,367 1853,367 1898,364 1942,367 1987,367 2032,364"/>
                <TextEquiv>
                    <Unicode>obietmi nežli tiemito Neb newſſel gežiš</Unicode>
                </TextEquiv>
            </TextLine>
            <TextLine id="tr_3_tl_3" custom="readingOrder {index:1;} abbrev {offset:27; length:4;expansion:genž;}">
                <Coords points="1140,440 2025,451 2025,401 1985,383 1923,407 1788,378 1140,390"/>
                <Baseline points="1146,432 1190,432 1234,432 1278,433 1322,435 1366,435 1410,434 1454,432 1498,432 1542,432 1586,432 1630,432 1674,432 1718,429 1762,429 1806,429 1850,432 1894,432 1938,429 1982,432 2026,426"/>
                <TextEquiv>
                    <Unicode>do ſwatyňe ruku vdielane · gēż byla pṙy¬</Unicode>
                </TextEquiv>
            </TextLine>
            <TextLine id="tr_3_tl_4" custom="readingOrder {index:2;} abbrev {offset:5; length:6;expansion:prawych;}">
                <Coords points="1133,507 1844,521 1950,496 2023,526 2023,452 1133,435"/>
                <Baseline points="1140,495 1184,495 1228,494 1272,492 1317,495 1361,495 1405,498 1450,498 1494,495 1538,495 1583,498 1627,495 1671,495 1715,492 1760,495 1804,495 1848,492 1893,492 1937,492 1981,492 2026,486"/>
                <TextEquiv>
                    <Unicode>klad p̃wych · ale w ſame nebe aby ſtal ny¬</Unicode>
                </TextEquiv>
            </TextLine>
            <TextLine id="tr_3_tl_5" custom="readingOrder {index:3;} abbrev {offset:9; length:8;expansion:obličegem;} abbrev {offset:18; length:4;expansion:božim;}">
                <Coords points="1137,570 2027,567 2027,529 1945,503 1137,511"/>
                <Baseline points="1143,558 1187,555 1231,555 1275,555 1320,558 1364,558 1408,558 1453,558 1497,558 1541,558 1586,555 1630,555 1674,558 1718,558 1763,555 1807,558 1851,558 1896,558 1940,558 1984,555 2029,555"/>
                <TextEquiv>
                    <Unicode>nie pṙed obličegē božī za nas Ani take a¬</Unicode>
                </TextEquiv>
            </TextLine>
            <TextLine id="tr_3_tl_6" custom="readingOrder {index:4;} abbrev {offset:26; length:5;expansion:ſameho;} textStyle {offset:30; length:1;superscript:true;}">
                <Coords points="1131,625 2021,630 2021,569 1988,564 1131,568"/>
                <Baseline points="1137,617 1181,615 1225,617 1269,617 1314,617 1358,620 1402,620 1447,620 1491,620 1535,620 1580,620 1624,620 1668,617 1712,617 1757,617 1801,617 1845,617 1890,617 1934,617 1978,617 2023,614"/>
                <TextEquiv>
                    <Unicode>by čaſtokrat obietowal ſe ſameo yako bi¬</Unicode>
                </TextEquiv>
            </TextLine>
            <TextLine id="tr_3_tl_7" custom="readingOrder {index:5;}">
                <Coords points="1148,696 2011,704 2011,641 1974,626 1653,650 1330,627 1301,651 1148,627"/>
                <Baseline points="1155,677 1200,677 1245,677 1290,679 1335,680 1381,680 1426,683 1471,683 1516,683 1561,680 1607,680 1652,680 1697,680 1742,677 1787,677 1833,680 1878,680 1923,680 1968,674 2014,665"/>
                <TextEquiv>
                    <Unicode>ſkup wchazel do ſwatyňe ſwatych každy</Unicode>
                </TextEquiv>
            </TextLine>
            <TextLine id="tr_3_tl_8" custom="readingOrder {index:6;}">
                <Coords points="1133,745 2023,760 2023,699 1986,691 1133,700"/>
                <Baseline points="1140,737 1184,740 1228,740 1272,740 1317,743 1361,746 1405,746 1450,746 1494,743 1538,743 1583,740 1627,740 1671,737 1715,737 1760,737 1804,740 1848,740 1893,742 1937,743 1981,743 2026,740"/>
                <TextEquiv>
                    <Unicode>rok s cyzy krwi Neb kdyby Kryſta cža¬</Unicode>
                </TextEquiv>
            </TextLine>
            <TextLine id="tr_3_tl_9" custom="readingOrder {index:7;} abbrev {offset:7; length:5;expansion:ſameho;} textStyle {offset:11; length:1;superscript:true;}">
                <Coords points="1146,821 2025,815 2025,762 1995,753 1146,755"/>
                <Baseline points="1152,799 1195,799 1239,799 1283,802 1326,805 1370,805 1414,805 1457,805 1501,803 1545,802 1589,802 1632,802 1676,802 1720,802 1763,800 1807,799 1851,799 1894,801 1938,802 1982,804 2026,799"/>
                <TextEquiv>
                    <Unicode>ſto ſe ſameo obietowal · muſyl by cžaſto¬</Unicode>
                </TextEquiv>
            </TextLine>
            <TextLine id="tr_3_tl_10" custom="readingOrder {index:8;}">
                <Coords points="1144,875 1613,877 1652,908 1711,873 1998,890 2019,817 1142,823"/>
                <Baseline points="1149,862 1192,862 1236,862 1280,862 1323,862 1367,865 1411,865 1454,865 1498,865 1542,865 1586,865 1629,865 1673,863 1717,864 1760,865 1804,865 1848,865 1891,865 1935,865 1979,865 2023,865"/>
                <TextEquiv>
                    <Unicode>krat ot počatka ſwieta trpieti Ale nynie</Unicode>
                </TextEquiv>
            </TextLine>
            <TextLine id="tr_3_tl_11" custom="readingOrder {index:9;} abbrev {offset:19; length:4;expansion:gednu;} textStyle {offset:22; length:1;superscript:true;} abbrev {offset:34; length:2;expansion:geſt;}">
                <Coords points="1142,952 2027,941 2027,897 1980,875 1711,873 1646,911 1610,880 1142,890"/>
                <Baseline points="1149,922 1193,925 1237,922 1281,925 1325,925 1369,925 1413,928 1457,928 1501,928 1545,925 1589,925 1633,925 1677,925 1721,925 1765,925 1809,925 1853,927 1897,928 1941,926 1985,927 2029,928"/>
                <TextEquiv>
                    <Unicode>při ſkonani ſwieta gedv obietowan ḡt a¬</Unicode>
                </TextEquiv>
            </TextLine>
            <TextLine id="tr_3_tl_12" custom="readingOrder {index:10;}">
                <Coords points="1142,1004 2023,1005 2010,936 1142,952"/>
                <Baseline points="1149,990 1192,982 1236,985 1280,988 1324,990 1368,988 1412,990 1455,988 1499,988 1543,988 1587,988 1631,988 1675,988 1719,988 1762,989 1806,989 1850,988 1894,988 1938,989 1982,989 2026,993"/>
                <TextEquiv>
                    <Unicode>by ſkrze ſwe obietowanie zkazyl hṙiech</Unicode>
                </TextEquiv>
            </TextLine>
            <TextLine id="tr_3_tl_13" custom="readingOrder {index:11;} abbrev {offset:16; length:2;expansion:geſt;} abbrev {offset:19; length:4;expansion:lidem;}">
                <Coords points="1137,1065 2027,1057 2027,1004 1996,999 1137,1003"/>
                <Baseline points="1143,1050 1187,1050 1231,1047 1275,1047 1320,1050 1364,1050 1408,1053 1453,1050 1497,1047 1541,1050 1586,1050 1630,1047 1674,1047 1718,1044 1763,1047 1807,1050 1851,1048 1896,1049 1940,1050 1984,1050 2029,1050"/>
                <TextEquiv>
                    <Unicode>a iakož vloženo ḡt lidē aby gednu mřeli</Unicode>
                </TextEquiv>
            </TextLine>
            <TextLine id="tr_3_tl_14" custom="readingOrder {index:12;} abbrev {offset:4; length:4;expansion:potom;} abbrev {offset:25; length:6;expansion:kryſtus;} abbrev {offset:38; length:2; continued:true;expansion:obietowan;}">
                <Coords points="1137,1127 2033,1127 2010,1058 1137,1065"/>
                <Baseline points="1143,1113 1187,1113 1232,1110 1276,1113 1321,1113 1366,1113 1410,1113 1455,1113 1499,1113 1544,1113 1589,1113 1633,1110 1678,1110 1722,1113 1767,1113 1812,1110 1856,1107 1901,1110 1945,1113 1990,1110 2035,1107"/>
                <TextEquiv>
                    <Unicode>ale potō ſud bude · tak y kryſtˆ gednu o¬</Unicode>
                </TextEquiv>
            </TextLine>
            <TextLine id="tr_3_tl_15" custom="readingOrder {index:13;} abbrev {offset:0; length:7; continued:true;expansion:obietowan;}">
                <Coords points="1133,1184 1833,1202 2026,1172 2026,1131 1941,1121 1133,1129"/>
                <Baseline points="1140,1173 1184,1173 1228,1173 1273,1173 1317,1176 1362,1176 1406,1176 1451,1176 1495,1176 1540,1176 1584,1173 1628,1173 1673,1173 1717,1170 1762,1173 1806,1173 1851,1173 1895,1173 1940,1173 1984,1170 2029,1167"/>
                <TextEquiv>
                    <Unicode>bietowā k ſhlazeni mnohych hṙechow</Unicode>
                </TextEquiv>
            </TextLine>
            <TextLine id="tr_3_tl_16" custom="readingOrder {index:14;} abbrev {offset:0; length:4;expansion:potom;} abbrev {offset:38; length:2;expansion:ten;}">
                <Coords points="1142,1258 2029,1254 2017,1174 1829,1203 1142,1182"/>
                <Baseline points="1149,1229 1193,1235 1237,1235 1281,1235 1325,1235 1369,1235 1413,1238 1458,1238 1502,1238 1546,1238 1590,1235 1634,1235 1678,1235 1722,1233 1767,1232 1811,1232 1855,1232 1899,1232 1943,1234 1987,1233 2032,1235"/>
                <TextEquiv>
                    <Unicode>potō pak podruhe bez hṙiechu vkaže ſe ṫē</Unicode>
                </TextEquiv>
            </TextLine>
            <TextLine id="tr_3_tl_18" custom="readingOrder {index:15;} abbrev {offset:27; length:2;expansion:Capitola;}">
                <Coords points="1140,1302 1206,1321 1298,1306 1537,1324 1707,1305 1708,1265 1438,1242 1365,1265 1320,1242 1274,1267 1226,1242 1141,1256"/>
                <Baseline points="1146,1298 1174,1298 1202,1296 1230,1296 1258,1298 1287,1298 1315,1298 1343,1298 1371,1299 1399,1301 1428,1299 1456,1298 1484,1298 1512,1298 1540,1298 1569,1298 1597,1297 1625,1295 1653,1293 1681,1291 1710,1289"/>
                <TextEquiv>
                    <Unicode>ktož čakagi ho k ſpaſeni · Ca X ·</Unicode>
                </TextEquiv>
            </TextLine>
            <TextLine id="tr_3_tl_19" custom="readingOrder {index:16;} abbrev {offset:24; length:5; continued:true;expansion:buduczieho;}">
                <Coords points="1299,1364 1507,1392 1621,1366 1681,1386 2025,1365 2026,1312 1954,1325 1923,1298 1850,1321 1691,1297 1542,1324 1300,1312"/>
                <Baseline points="1307,1361 1343,1361 1379,1362 1415,1363 1451,1361 1487,1361 1523,1361 1559,1361 1595,1360 1631,1358 1668,1358 1704,1356 1740,1357 1776,1358 1812,1358 1848,1358 1884,1358 1920,1358 1956,1358 1992,1357 2029,1355"/>
                <TextEquiv>
                    <Unicode>Tien zagiſte mage zakon budu¬</Unicode>
                </TextEquiv>
            </TextLine>
            <TextLine id="tr_3_tl_20" custom="readingOrder {index:17;} abbrev {offset:0; length:5; continued:true;expansion:buduczieho;} textStyle {offset:4; length:1;superscript:true;} abbrev {offset:6; length:6;expansion:dobreho;} textStyle {offset:11; length:1;superscript:true;}">
                <Coords points="1285,1429 2033,1441 2012,1365 1842,1389 1285,1371"/>
                <Baseline points="1292,1411 1329,1418 1366,1420 1403,1420 1440,1421 1477,1423 1514,1423 1552,1421 1589,1420 1626,1419 1663,1417 1700,1417 1737,1417 1774,1417 1812,1417 1849,1418 1886,1419 1923,1417 1960,1417 1997,1417 2035,1414"/>
                <TextEquiv>
                    <Unicode>czieo dobreo nezawierage w ſobie</Unicode>
                </TextEquiv>
            </TextLine>
            <TextLine id="tr_3_tl_21" custom="readingOrder {index:18;}">
                <Coords points="1298,1490 1526,1505 1598,1484 1727,1517 1782,1492 2029,1500 2029,1450 1977,1430 1926,1451 1871,1424 1620,1450 1556,1425 1298,1434"/>
                <Baseline points="1304,1477 1340,1482 1376,1483 1413,1484 1449,1486 1486,1486 1522,1483 1558,1481 1595,1480 1631,1480 1668,1480 1704,1480 1740,1480 1777,1482 1813,1483 1850,1483 1886,1483 1922,1483 1959,1483 1995,1482 1994,1485"/>
                <TextEquiv>
                    <Unicode>dokonaloſti · po wſſeczka leta tie¬</Unicode>
                </TextEquiv>
            </TextLine>
            <TextLine id="tr_3_tl_22" custom="readingOrder {index:19;}">
                <Coords points="1140,1563 2030,1570 2030,1502 1981,1490 1370,1510 1140,1460"/>
                <Baseline points="1146,1543 1190,1546 1234,1543 1278,1543 1323,1546 1367,1546 1411,1546 1456,1546 1500,1546 1544,1546 1589,1546 1633,1546 1677,1543 1721,1543 1766,1543 1810,1546 1854,1544 1899,1543 1943,1543 1987,1543 2032,1543"/>
                <TextEquiv>
                    <Unicode>mi gistymi obietmi kterež obietugi bez</Unicode>
                </TextEquiv>
            </TextLine>
            <TextLine id="tr_3_tl_23" custom="readingOrder {index:20;}">
                <Coords points="1146,1629 2026,1628 2002,1558 1146,1561"/>
                <Baseline points="1152,1608 1195,1608 1239,1607 1283,1606 1327,1608 1371,1608 1415,1608 1458,1608 1502,1608 1546,1607 1590,1605 1634,1605 1678,1605 1722,1605 1765,1605 1809,1608 1853,1608 1897,1605 1941,1605 1985,1602 1994,1604"/>
                <TextEquiv>
                    <Unicode>przeſtanie nemuož nikdy przeſtupugi¬</Unicode>
                </TextEquiv>
            </TextLine>
            <TextLine id="tr_3_tl_24" custom="readingOrder {index:21;}">
                <Coords points="1152,1679 2038,1677 2038,1623 1997,1617 1941,1641 1152,1630"/>
                <Baseline points="1158,1665 1202,1665 1246,1668 1290,1668 1334,1668 1378,1668 1422,1668 1467,1668 1511,1668 1555,1668 1599,1668 1643,1668 1687,1668 1731,1666 1776,1667 1820,1668 1864,1666 1908,1665 1952,1667 1996,1666 2041,1665"/>
                <TextEquiv>
                    <Unicode>czych dokonalych vcžiniti · ginak pṙeſta¬</Unicode>
                </TextEquiv>
            </TextLine>
            <TextLine id="tr_3_tl_25" custom="readingOrder {index:22;} abbrev {offset:18; length:4;expansion:proto;} abbrev {offset:28; length:8;expansion:nižadneho;} textStyle {offset:35; length:1;superscript:true;}">
                <Coords points="1148,1742 2029,1754 2029,1695 1956,1679 1457,1701 1148,1675"/>
                <Baseline points="1155,1728 1198,1728 1242,1725 1286,1728 1330,1731 1374,1728 1418,1731 1461,1731 1505,1731 1549,1729 1593,1730 1637,1731 1681,1731 1725,1729 1768,1728 1812,1728 1856,1728 1900,1728 1944,1730 1997,1731 1996,1733"/>
                <TextEquiv>
                    <Unicode>lo by obietowanie ꝓto že by nižadneo ne¬</Unicode>
                </TextEquiv>
            </TextLine>
            <TextLine id="tr_3_tl_26" custom="readingOrder {index:23;} abbrev {offset:6; length:4;expansion:potom;}">
                <Coords points="1140,1798 2030,1809 2030,1753 1982,1738 1140,1745"/>
                <Baseline points="1146,1790 1190,1790 1234,1790 1278,1790 1323,1793 1367,1790 1411,1790 1456,1790 1500,1790 1544,1793 1589,1793 1633,1790 1677,1790 1721,1790 1766,1790 1810,1790 1854,1790 1899,1790 1943,1790 1987,1792 2032,1790"/>
                <TextEquiv>
                    <Unicode>mieli potō ſwiedomie hrzyecha cżinitelee</Unicode>
                </TextEquiv>
            </TextLine>
            <TextLine id="tr_3_tl_27" custom="readingOrder {index:24;}">
                <Coords points="1146,1866 1697,1860 1782,1890 1823,1862 2025,1865 2006,1802 1146,1805"/>
                <Baseline points="1152,1856 1195,1856 1239,1855 1283,1853 1326,1854 1370,1855 1414,1853 1457,1854 1501,1855 1545,1853 1589,1853 1632,1853 1676,1853 1720,1853 1763,1850 1807,1850 1851,1850 1894,1853 1938,1850 1982,1853 2026,1853"/>
                <TextEquiv>
                    <Unicode>tiech obieti gſuce gednu wycżiſſtieni A¬</Unicode>
                </TextEquiv>
            </TextLine>
            <TextLine id="tr_3_tl_28" custom="readingOrder {index:25;}">
                <Coords points="1148,1929 1958,1937 2033,1919 2034,1868 1149,1865"/>
                <Baseline points="1155,1916 1199,1914 1243,1916 1287,1916 1331,1916 1375,1916 1419,1917 1463,1918 1507,1916 1551,1916 1595,1917 1639,1919 1683,1916 1727,1916 1771,1916 1815,1913 1859,1913 1903,1913 1947,1913 1991,1913 2035,1907"/>
                <TextEquiv>
                    <Unicode>le ſkrze ty obieti wzpominaňe hṙiechow</Unicode>
                </TextEquiv>
            </TextLine>
            <TextLine id="tr_3_tl_29" custom="readingOrder {index:26;}">
                <Coords points="1142,1990 2029,1994 2029,1938 1987,1923 1788,1948 1142,1931"/>
                <Baseline points="1149,1978 1193,1978 1237,1978 1281,1978 1325,1979 1369,1980 1413,1978 1458,1978 1502,1978 1546,1978 1590,1976 1634,1978 1678,1976 1722,1978 1767,1976 1811,1976 1855,1976 1899,1976 1943,1976 1987,1973 2032,1967"/>
                <TextEquiv>
                    <Unicode>na každe leto ďege ſe Neb nepodobne by¬</Unicode>
                </TextEquiv>
            </TextLine>
            <TextLine id="tr_3_tl_30" custom="readingOrder {index:27;}">
                <Coords points="1146,2045 2030,2059 2030,1993 1963,1980 1577,2013 1146,1991"/>
                <Baseline points="1152,2038 1196,2041 1240,2041 1284,2042 1328,2043 1372,2040 1416,2038 1460,2039 1504,2041 1548,2041 1592,2041 1636,2041 1680,2041 1724,2041 1768,2038 1812,2038 1856,2038 1900,2038 1944,2038 1988,2038 2032,2035"/>
                <TextEquiv>
                    <Unicode>lo aby krew bykowa neb kozlowa ſhladi¬</Unicode>
                </TextEquiv>
            </TextLine>
            <TextLine id="tr_3_tl_31" custom="readingOrder {index:28;} abbrev {offset:13; length:4;expansion:Protož;}">
                <Coords points="1152,2111 2036,2117 2036,2056 1930,2044 1384,2074 1152,2050"/>
                <Baseline points="1158,2101 1202,2104 1246,2101 1290,2104 1334,2101 1378,2101 1422,2104 1466,2104 1510,2104 1554,2101 1598,2101 1642,2101 1686,2101 1730,2099 1774,2098 1818,2100 1862,2099 1906,2098 1950,2098 1994,2100 2038,2101"/>
                <TextEquiv>
                    <Unicode>la hřiechy · ꝓtož kryſtus wſſed na ſwiet</Unicode>
                </TextEquiv>
            </TextLine>
            <TextLine id="tr_3_tl_32" custom="readingOrder {index:29;}">
                <Coords points="1147,2182 2035,2181 2010,2109 1965,2133 1905,2108 1148,2116"/>
                <Baseline points="1155,2161 1199,2164 1243,2164 1287,2167 1331,2167 1375,2167 1419,2167 1464,2164 1508,2164 1552,2164 1596,2164 1640,2164 1684,2164 1728,2164 1773,2164 1817,2162 1861,2161 1905,2159 1949,2160 1993,2161 2038,2161"/>
                <TextEquiv>
                    <Unicode>die Obieti a obietowanie nechtiel ſy · ale</Unicode>
                </TextEquiv>
            </TextLine>
            <TextLine id="tr_3_tl_33" custom="readingOrder {index:30;}">
                <Coords points="1145,2239 2042,2231 2030,2184 1887,2171 1146,2183"/>
                <Baseline points="1152,2226 1196,2229 1241,2229 1285,2229 1330,2229 1375,2226 1419,2226 1464,2226 1508,2223 1553,2226 1598,2226 1642,2226 1687,2226 1731,2223 1776,2223 1821,2223 1865,2223 1910,2223 1954,2223 1999,2223 2044,2220"/>
                <TextEquiv>
                    <Unicode>tielo prziprawils mi Zapalne obieti za</Unicode>
                </TextEquiv>
            </TextLine>
            <TextLine id="tr_3_tl_34" custom="readingOrder {index:31;} abbrev {offset:31; length:4;expansion:Protož;} abbrev {offset:42; length:2;expansion:ſem;}">
                <Coords points="1146,2295 1181,2319 2033,2304 2011,2231 1146,2243"/>
                <Baseline points="1152,2286 1196,2290 1240,2291 1284,2289 1328,2289 1372,2288 1416,2286 1461,2286 1505,2286 1549,2289 1593,2289 1637,2289 1681,2286 1725,2286 1770,2283 1814,2286 1858,2286 1902,2286 1946,2283 1990,2286 2035,2280"/>
                <TextEquiv>
                    <Unicode>hrziech nelibily ſu ſe tobie · ꝓtož rzekl ſē</Unicode>
                </TextEquiv>
            </TextLine>
            <TextLine id="tr_3_tl_35" custom="readingOrder {index:32;} abbrev {offset:29; length:2;expansion:geſt;}">
                <Coords points="1148,2364 2033,2373 2033,2304 1188,2318 1148,2293"/>
                <Baseline points="1155,2349 1199,2346 1243,2346 1287,2349 1331,2352 1375,2352 1419,2349 1463,2352 1507,2349 1551,2352 1595,2349 1639,2349 1683,2349 1727,2349 1771,2347 1815,2346 1859,2346 1903,2348 1947,2349 1991,2349 2035,2349"/>
                <TextEquiv>
                    <Unicode>ay gdu na počatku knih pſano ḡt o mňe</Unicode>
                </TextEquiv>
            </TextLine>
            <TextLine id="tr_3_tl_36" custom="readingOrder {index:33;}">
                <Coords points="1148,2418 2027,2421 2027,2376 1935,2352 1761,2382 1148,2364"/>
                <Baseline points="1155,2411 1198,2410 1242,2408 1286,2408 1329,2409 1373,2410 1417,2409 1460,2410 1504,2409 1548,2410 1592,2408 1635,2408 1679,2408 1723,2408 1766,2405 1810,2405 1854,2405 1897,2408 1941,2408 1985,2408 2029,2405"/>
                <TextEquiv>
                    <Unicode>abych činil bože wuoli twu · ſwrchu po¬</Unicode>
                </TextEquiv>
            </TextLine>
            <TextLine id="tr_3_tl_37" custom="readingOrder {index:34;}">
                <Coords points="1152,2488 2033,2484 2033,2420 1152,2429"/>
                <Baseline points="1158,2471 1201,2471 1245,2471 1289,2471 1333,2471 1377,2471 1421,2471 1464,2471 1508,2472 1552,2473 1596,2471 1640,2472 1684,2474 1728,2471 1771,2471 1815,2471 1859,2471 1903,2471 1947,2468 1991,2471 2035,2468"/>
                <TextEquiv>
                    <Unicode>wiediew že obieti a obietowanie a zapal¬</Unicode>
                </TextEquiv>
            </TextLine>
            <TextLine id="tr_3_tl_38" custom="readingOrder {index:35;}">
                <Coords points="1148,2544 2029,2552 2015,2478 1972,2502 1148,2488"/>
                <Baseline points="1155,2534 1198,2534 1242,2534 1286,2534 1330,2534 1374,2534 1418,2534 1461,2534 1505,2532 1549,2533 1593,2534 1637,2534 1681,2534 1725,2534 1768,2532 1812,2529 1856,2530 1900,2531 1944,2531 1988,2531 2032,2534"/>
                <TextEquiv>
                    <Unicode>nych obieti za hrziech nechťel ſy · aniž ſe</Unicode>
                </TextEquiv>
            </TextLine>
            <TextLine id="tr_3_tl_39" custom="readingOrder {index:36;} abbrev {offset:31; length:6;expansion:ſtareho;} textStyle {offset:36; length:1;superscript:true;}">
                <Coords points="1148,2612 2033,2607 2033,2550 1943,2540 1148,2544"/>
                <Baseline points="1155,2599 1199,2596 1243,2596 1287,2595 1331,2594 1375,2595 1419,2593 1463,2593 1507,2594 1551,2596 1595,2595 1639,2593 1683,2596 1727,2596 1771,2593 1815,2593 1859,2593 1903,2593 1947,2593 1991,2593 2035,2590"/>
                <TextEquiv>
                    <Unicode>tobie libi což ſe podle zakona ſtareo obietu¬</Unicode>
                </TextEquiv>
            </TextLine>
            <TextLine id="tr_3_tl_40" custom="readingOrder {index:37;} abbrev {offset:5; length:4;expansion:protož;} abbrev {offset:15; length:2;expansion:ſem;}">
                <Coords points="1148,2679 2029,2667 2017,2604 1148,2620"/>
                <Baseline points="1155,2662 1198,2658 1242,2656 1286,2656 1330,2656 1374,2656 1418,2655 1461,2654 1505,2656 1549,2656 1593,2656 1637,2656 1681,2656 1725,2659 1768,2656 1812,2653 1856,2653 1900,2653 1944,2653 1988,2653 2032,2653"/>
                <TextEquiv>
                    <Unicode>ge · ꝓtož řekl ſē ay beruṫ ſe aṫ bych cżinil</Unicode>
                </TextEquiv>
            </TextLine>
            <TextLine id="tr_3_tl_41" custom="readingOrder {index:38;}">
                <Coords points="1146,2729 2033,2734 2033,2678 1885,2661 1763,2687 1146,2679"/>
                <Baseline points="1152,2722 1196,2719 1240,2719 1284,2719 1328,2718 1372,2717 1416,2718 1461,2716 1505,2716 1549,2719 1593,2716 1637,2718 1681,2713 1725,2716 1770,2719 1814,2719 1858,2716 1902,2716 1946,2716 1990,2716 2035,2716"/>
                <TextEquiv>
                    <Unicode>bože wuoli twu Otgima prwni aby dru¬</Unicode>
                </TextEquiv>
            </TextLine>
            <TextLine id="tr_3_tl_42" custom="readingOrder {index:39;}">
                <Coords points="1146,2801 2036,2798 2036,2740 1987,2727 1828,2751 1779,2720 1711,2747 1146,2731"/>
                <Baseline points="1152,2778 1196,2778 1240,2778 1284,2778 1329,2778 1373,2778 1417,2778 1462,2778 1506,2778 1550,2778 1595,2778 1639,2778 1683,2778 1727,2778 1772,2778 1816,2778 1860,2778 1905,2778 1949,2778 1993,2778 2038,2775"/>
                <TextEquiv>
                    <Unicode>hu vſtawil W kterežto wuoli poſwiecze¬</Unicode>
                </TextEquiv>
            </TextLine>
            <TextLine id="tr_3_tl_43" custom="readingOrder {index:40;}">
                <Coords points="1142,2851 1938,2849 2029,2876 2029,2804 1903,2785 1142,2801"/>
                <Baseline points="1149,2841 1193,2841 1237,2841 1281,2841 1325,2841 1369,2840 1413,2839 1458,2841 1502,2841 1546,2841 1590,2841 1634,2841 1678,2841 1722,2841 1767,2841 1811,2838 1855,2838 1899,2838 1943,2841 1987,2841 2032,2838"/>
                <TextEquiv>
                    <Unicode>ni ſme ſkrze obietowanie ťela gežiſſe kry¬</Unicode>
                </TextEquiv>
            </TextLine>
            <TextLine id="tr_3_tl_44" custom="readingOrder {index:41;} abbrev {offset:30; length:2;expansion:geſt;}">
                <Coords points="1152,2926 2033,2916 2033,2872 1963,2853 1152,2853"/>
                <Baseline points="1158,2904 1201,2904 1245,2904 1289,2904 1333,2904 1377,2904 1421,2904 1464,2904 1508,2902 1552,2903 1596,2904 1640,2902 1684,2901 1728,2903 1771,2904 1815,2902 1859,2903 1903,2904 1947,2904 1991,2904 2035,2907"/>
                <TextEquiv>
                    <Unicode>ſta gednu a každy kniez hotow ḡt na kaž¬</Unicode>
                </TextEquiv>
            </TextLine>
            <TextLine id="tr_3_tl_45" custom="readingOrder {index:42;}">
                <Coords points="1148,2978 2033,2980 2033,2933 1974,2910 1148,2923"/>
                <Baseline points="1155,2966 1199,2965 1243,2966 1287,2965 1331,2964 1375,2964 1419,2964 1463,2964 1507,2966 1551,2966 1595,2966 1639,2964 1683,2966 1727,2966 1771,2964 1815,2964 1859,2964 1903,2964 1947,2964 1991,2964 2035,2961"/>
                <TextEquiv>
                    <Unicode>dy den přiſluhuge a gednoſtayne obie¬</Unicode>
                </TextEquiv>
            </TextLine>
            <TextLine id="tr_3_tl_46" custom="readingOrder {index:43;}">
                <Coords points="1148,3033 2023,3038 1985,2969 1762,2996 1148,2978"/>
                <Baseline points="1155,3026 1198,3029 1242,3028 1285,3026 1329,3026 1372,3026 1416,3027 1459,3028 1503,3026 1546,3027 1590,3028 1634,3026 1677,3025 1721,3024 1764,3026 1808,3026 1851,3023 1895,3023 1938,3023 1982,3023 1991,3020"/>
                <TextEquiv>
                    <Unicode>ti obietuge kterežto nikdy nemohu s li¬</Unicode>
                </TextEquiv>
            </TextLine>
            <TextLine id="tr_3_tl_47" custom="readingOrder {index:44;}">
                <Coords points="1146,3101 2030,3097 2030,3044 1922,3032 1861,3056 1146,3032"/>
                <Baseline points="1152,3086 1196,3089 1240,3089 1284,3089 1328,3089 1372,3089 1416,3089 1460,3089 1504,3089 1548,3088 1592,3086 1636,3086 1680,3086 1724,3089 1768,3089 1812,3089 1856,3086 1900,3089 1944,3086 1988,3086 2032,3083"/>
                <TextEquiv>
                    <Unicode>dij ſnimati hrziechow Ale tento za hrzie¬</Unicode>
                </TextEquiv>
            </TextLine>
            <TextLine id="tr_3_tl_48" custom="readingOrder {index:45;}">
                <Coords points="1142,3158 1272,3182 2029,3161 2029,3103 1999,3098 1142,3116"/>
                <Baseline points="1149,3152 1193,3152 1237,3152 1281,3152 1325,3152 1369,3152 1413,3151 1458,3150 1502,3152 1546,3152 1590,3152 1634,3152 1678,3152 1722,3152 1767,3149 1811,3149 1855,3152 1899,3152 1943,3149 1987,3149 2032,3143"/>
                <TextEquiv>
                    <Unicode>chy gednu obietowaw obiet · ſedi na wie¬</Unicode>
                </TextEquiv>
            </TextLine>
            <TextLine id="tr_3_tl_49" custom="readingOrder {index:46;}">
                <Coords points="1152,3228 2020,3222 2020,3166 1980,3157 1152,3169"/>
                <Baseline points="1158,3214 1201,3214 1244,3214 1287,3214 1331,3214 1374,3214 1417,3214 1460,3214 1504,3214 1547,3214 1590,3214 1633,3213 1677,3211 1720,3211 1763,3212 1806,3214 1850,3211 1893,3211 1936,3211 1979,3211 1992,3214"/>
                <TextEquiv>
                    <Unicode>ky na prawicy božie · giž gineho necže¬</Unicode>
                </TextEquiv>
            </TextLine>
            <TextLine id="tr_3_tl_50" custom="readingOrder {index:47;}">
                <Coords points="1140,3304 1948,3318 2025,3297 2026,3236 1141,3231"/>
                <Baseline points="1146,3280 1190,3280 1234,3280 1278,3281 1322,3283 1366,3283 1410,3282 1454,3280 1498,3280 1542,3279 1586,3277 1630,3277 1674,3277 1718,3274 1762,3277 1806,3277 1850,3277 1894,3277 1938,3274 1982,3274 1986,3275"/>
                <TextEquiv>
                    <Unicode>kage · než aby položeni byli neprzate¬</Unicode>
                </TextEquiv>
            </TextLine>
            <TextEquiv>
                <Unicode>Rzidom
obietm nezli tiemito Neb ne wſſel geżiṡ
do ſwatyne ruka vdielane gēz byla pṙy¬ 
klad pwych ale w ſame nebe aby ſtalny¬
nie pṙed obliċecē bozi zanas Ani czke a 
by taſlokrat obietowal ſe ſameo yako bi¬ 
ſkup wchazei do ſwatyne ſwatych kuzdy
rok s cyz y krwi Neb kdys y Kryſta cza¬
ſto ſe ſameo obietowal. mu ſyl s y czaſto¬ 
krat ot poċatku ſwieto trpieti. Ale nynie
pṙiſtonani ſwieta ged obietowan ḡt a 
by ſkrze ſwe obietowanie zkzzyi hṙiech
a iakoz vlożeno ḡt ſide aby gednu mṙeli 
ale potoſud bude.tak y kryſta gednu o
bietowa k ſhla zeni mnoh ych hṙechow¬
poto pak podruhe kezhṙiechu vkaze ſe ċe¬
Ca. iz
ktoz takaczi ho s ſpaſen.
T ien zagiſte mage zakon budu
zieo dobreo neza wierae w ſobie. 
dokonaloſti.po wſſeczka leta tie¬
hi gistymi obietmi kterez obietgi bez
przeſtnie nemuoznikdy przeſlupuczi
czych dokonalych vcziniti. ginak pṙeſla¬
ſoby obietowanie ꝓtka żeṡ y nizadneo ne¬ 
mieli portō ſwiedomie hrzyecha cżinitelee 
tiech obiecz gſuce gednu wycziſſlieni.A
ſſe ſkrze ty obieti wzpominane hṙiechow¬
na kużde ſeto decze ſe Neb nepodobne by¬
lo aby kzew bykowa neb kozlowa ſhladi
ſa hṙiechy. Ꝓtoż kryſtus wſſed na ſwiet 
die Obieti a obietowanie nechtiel ſy a ſe¬
tie o prziprawilomi Rzapalne obieti za
hrziech nelibily ſu ſe tobie.Ꝓtoż rzekl ſe 
a y gdi na poċatku knih pſano ḡt onne¬ 
abych ċinil boże w uoli twu ſwrchu po¬
wiediew ze obieti a obietowanie a zapaſ¬
nych obieti zahrziech nechtel ſy aniz ſe
tobie ſibicoz ſe podle zakona ſtazeo obieru 
ge. Ꝓtoż ṙekl ſe ay keruṫ ſe atbych cżinil 
boze w uoli twu Otgima prwni aby dru¬
hu vſtawil.W ktereżto wuoli po ſwiecze
ni ſme ſkrze obietowane ċela geżiſſe kzy¬
ſta gednu a kuzdy kniez hotow ḡt na kaz¬ 
dy den pṙiſluhuge a gednoſta yne obie¬
ti obietuge ktereżto nikdy nemohu sſ¬
diz ſ nimati hrziechow. Ale tento zahrzie¬
chy gednu obietowaw obiet.ſedi na wie¬
ky na prawicy bozie giz gineho necże
hage neż aby polożeni byli neprzate</Unicode>
            </TextEquiv>
        </TextRegion>
    </Page>
</PcGts>
