<?xml version="1.0" encoding="UTF-8" standalone="yes"?>
<PcGts xmlns="http://schema.primaresearch.org/PAGE/gts/pagecontent/2013-07-15" xmlns:xsi="http://www.w3.org/2001/XMLSchema-instance" xsi:schemaLocation="http://schema.primaresearch.org/PAGE/gts/pagecontent/2013-07-15 http://schema.primaresearch.org/PAGE/gts/pagecontent/2013-07-15/pagecontent.xsd">
    <Metadata>
        <Creator>prov=READ-COOP:name=PyLaia@TranskribusPlatform:version=2.19.0:model_id=58856:lm=none:date=25_11_2024_10:41</Creator>
        <Created>2024-11-22T17:31:52.978+01:00</Created>
        <LastChange>2024-12-10T15:05:23.573+01:00</LastChange>
        <TranskribusMetadata docId="5363448" pageId="84625983" pageNr="566" tsid="211431591" status="GT" userId="100969" imgUrl="https://files.transkribus.eu/Get?id=HGUEQXVNHVPQSTAYPNYCFLMZ&amp;fileType=view" xmlUrl="https://files.transkribus.eu/Get?id=AEUJUYQFSDDQQIZKHFJTTRNF" imageId="69898177"/>
    </Metadata>
    <Page imageFilename="DTL_547662-0567.jpeg" imageWidth="2530" imageHeight="3955">
        <ReadingOrder>
            <OrderedGroup id="ro_1734605780196" caption="Regions reading order">
                <RegionRefIndexed index="0" regionRef="tr_1"/>
                <RegionRefIndexed index="1" regionRef="r_158"/>
                <RegionRefIndexed index="2" regionRef="tr_2"/>
            </OrderedGroup>
        </ReadingOrder>
        <TextRegion orientation="0.0" id="tr_1" custom="readingOrder {index:0;}">
            <Coords points="209,332 217,3345 1014,3357 1122,309"/>
            <TextLine id="tr_1_tl_1" custom="readingOrder {index:0;}">
                <Coords points="1028,272 1044,265 1064,272 1116,255 1144,264 1182,248 1201,263 1230,260 1226,170 1171,185 1131,158 1122,166 1075,160 1061,169 1023,163"/>
                <Baseline points="1032,226 1057,228 1082,229 1107,231 1132,232 1157,232 1182,233 1207,235 1232,232"/>
                <TextEquiv>
                    <Unicode>Zaltarz</Unicode>
                </TextEquiv>
            </TextLine>
            <TextLine id="tr_1_tl_2" custom="readingOrder {index:1;}">
                <Coords points="210,439 1075,420 1076,358 929,336 659,359 506,334 427,372 212,351"/>
                <Baseline points="217,423 260,423 303,421 346,420 389,418 432,415 475,414 518,412 561,411 604,411 647,410 690,409 733,411 776,411 819,411 862,411 905,411 948,411 991,411 1034,411 1077,405"/>
                <TextEquiv>
                    <Unicode>Neb geſt pohynul w boleſti žiwot moy</Unicode>
                </TextEquiv>
            </TextLine>
            <TextLine id="tr_1_tl_4" custom="readingOrder {index:2;} abbrev {offset:33; length:2;expansion:gest;}">
                <Coords points="214,508 529,479 1111,507 1147,419 214,452"/>
                <Baseline points="220,486 266,486 312,484 359,480 405,479 452,477 498,476 545,474 591,474 638,476 684,475 730,474 777,472 823,473 870,474 916,474 963,474 1009,477 1056,477 1102,474 1149,477"/>
                <TextEquiv>
                    <Unicode>a letha ma w kwielenich Zemdlena ḡt</Unicode>
                </TextEquiv>
            </TextLine>
            <TextLine id="tr_1_tl_6" custom="readingOrder {index:3;}">
                <Coords points="216,564 1002,558 1078,546 1079,493 217,505"/>
                <Baseline points="223,549 265,546 308,544 351,541 394,540 437,538 480,537 522,537 565,538 608,540 651,539 694,537 737,537 780,537 822,537 865,537 908,537 951,540 994,540 1037,540 1080,537"/>
                <TextEquiv>
                    <Unicode>w chudobie ſyla ma : a koſti me zkormu¬</Unicode>
                </TextEquiv>
            </TextLine>
            <TextLine id="tr_1_tl_8" custom="readingOrder {index:4;}">
                <Coords points="216,627 1078,613 1070,544 216,564"/>
                <Baseline points="223,608 265,610 308,606 351,605 394,603 437,602 480,602 522,600 565,598 608,596 651,596 694,597 737,599 780,599 822,599 865,599 908,599 951,599 994,599 1037,599 1080,596"/>
                <TextEquiv>
                    <Unicode>czeny gſu • Nade wſſeczky neprzately</Unicode>
                </TextEquiv>
            </TextLine>
            <TextLine id="tr_1_tl_10" custom="readingOrder {index:5;}">
                <Coords points="224,693 314,668 1073,685 1074,624 917,606 226,631"/>
                <Baseline points="232,665 274,668 316,668 358,668 401,665 443,662 485,662 527,662 570,662 612,662 654,660 696,660 739,662 781,662 823,662 865,662 908,661 950,659 992,659 1034,659 1077,659"/>
                <TextEquiv>
                    <Unicode>ſwe vczinien ſem ohyzdau ſauſeduom</Unicode>
                </TextEquiv>
            </TextLine>
            <TextLine id="tr_1_tl_12" custom="readingOrder {index:6;}">
                <Coords points="226,756 1079,731 1079,682 1000,672 226,693"/>
                <Baseline points="232,728 274,728 316,731 359,728 401,725 444,727 486,726 528,725 571,725 613,725 656,725 698,725 740,725 783,725 825,725 868,725 910,725 952,725 995,725 1037,725 1080,719"/>
                <TextEquiv>
                    <Unicode>ſwym przewelmi : a ſtrach znamym</Unicode>
                </TextEquiv>
            </TextLine>
            <TextLine id="tr_1_tl_14" custom="readingOrder {index:7;}">
                <Coords points="216,825 382,796 1026,807 1078,795 1079,737 217,753"/>
                <Baseline points="223,791 265,791 308,791 351,791 394,791 437,789 480,788 522,786 565,785 608,785 651,785 694,786 737,787 780,785 822,785 865,785 908,785 951,788 994,788 1037,785 1080,785"/>
                <TextEquiv>
                    <Unicode>ſwym • Kterzi widali mie wen utiekali</Unicode>
                </TextEquiv>
            </TextLine>
            <TextLine id="tr_1_tl_16" custom="readingOrder {index:8;}">
                <Coords points="215,871 1075,863 1063,795 216,828"/>
                <Baseline points="223,856 265,856 308,854 351,853 393,851 436,850 479,850 521,848 564,849 607,848 650,847 692,847 735,848 778,849 820,848 863,849 906,847 948,847 991,847 1034,847 1077,847"/>
                <TextEquiv>
                    <Unicode>ode mne : a w zapomenutie ſem dani iakž¬</Unicode>
                </TextEquiv>
            </TextLine>
            <TextLine id="tr_1_tl_18" custom="readingOrder {index:9;}">
                <Coords points="220,932 975,913 1080,938 1080,861 1036,856 220,888"/>
                <Baseline points="226,922 268,917 311,916 354,914 397,911 440,912 483,911 525,910 568,910 611,910 654,910 697,910 740,910 783,910 825,910 868,910 911,910 954,910 997,910 1040,910 1083,913"/>
                <TextEquiv>
                    <Unicode>to vmrly od ſrdcze • Vcžinien ſem iakž¬</Unicode>
                </TextEquiv>
            </TextLine>
            <TextLine id="tr_1_tl_20" custom="readingOrder {index:10;}">
                <Coords points="222,995 1081,988 1081,938 1025,918 222,933"/>
                <Baseline points="229,985 271,982 314,980 357,977 399,974 442,975 485,976 527,976 570,974 613,973 656,973 698,973 741,973 784,974 826,975 869,973 912,973 954,973 997,973 1040,973 1083,973"/>
                <TextEquiv>
                    <Unicode>to nadoba ztluċena : neb ſem ſlychal ha¬</Unicode>
                </TextEquiv>
            </TextLine>
            <TextLine id="tr_1_tl_22" custom="readingOrder {index:11;}">
                <Coords points="214,1057 959,1061 1085,1049 1086,987 215,994"/>
                <Baseline points="220,1044 263,1042 306,1039 350,1038 393,1037 437,1035 480,1035 524,1035 567,1034 611,1033 654,1035 697,1034 741,1032 784,1032 828,1032 871,1032 915,1035 958,1035 1002,1035 1045,1035 1089,1032"/>
                <TextEquiv>
                    <Unicode>nienie mnohych przebywagicych wuo¬</Unicode>
                </TextEquiv>
            </TextLine>
            <TextLine id="tr_1_tl_24" custom="readingOrder {index:12;} abbrev {offset:38; length:3;expansion:proti;}">
                <Coords points="222,1118 1083,1107 1083,1047 1054,1045 222,1067"/>
                <Baseline points="229,1107 271,1104 314,1102 357,1101 400,1101 443,1099 486,1098 528,1096 571,1096 614,1098 657,1097 700,1095 743,1095 786,1095 828,1096 871,1098 914,1098 957,1098 1000,1098 1043,1098 1086,1101"/>
                <TextEquiv>
                    <Unicode>koli • Na to kdeż ſe ſchazeſi ſpolkem ꝓti</Unicode>
                </TextEquiv>
            </TextLine>
            <TextLine id="tr_1_tl_26" custom="readingOrder {index:13;}">
                <Coords points="226,1176 1080,1174 1081,1121 1038,1108 227,1128"/>
                <Baseline points="232,1164 274,1167 317,1164 359,1164 402,1164 444,1162 487,1161 529,1159 572,1160 614,1159 657,1158 700,1158 742,1159 785,1161 827,1161 870,1160 912,1158 955,1158 997,1161 1040,1158 1046,1160"/>
                <TextEquiv>
                    <Unicode>mnie : aby odyali duſſi mu radili ſu ſe</Unicode>
                </TextEquiv>
            </TextLine>
            <TextLine id="tr_1_tl_28" custom="readingOrder {index:14;}">
                <Coords points="222,1235 1081,1229 1081,1172 1049,1169 222,1179"/>
                <Baseline points="229,1214 271,1222 314,1223 357,1223 399,1223 442,1223 485,1223 527,1221 570,1220 613,1220 656,1220 698,1220 741,1220 784,1220 826,1219 869,1218 912,1221 954,1223 997,1223 1040,1220 1083,1220"/>
                <TextEquiv>
                    <Unicode>Ia pak w tie ſem doufal hoſpodine •</Unicode>
                </TextEquiv>
            </TextLine>
            <TextLine id="tr_1_tl_30" custom="readingOrder {index:15;}">
                <Coords points="220,1295 949,1307 1080,1290 1081,1239 221,1242"/>
                <Baseline points="226,1289 268,1289 311,1289 354,1287 397,1286 440,1286 483,1286 525,1286 568,1286 611,1285 654,1282 697,1280 740,1280 783,1281 825,1283 868,1283 911,1283 954,1286 997,1283 1040,1286 1083,1283"/>
                <TextEquiv>
                    <Unicode>rzekl ſem buoh muoy gſy ty w rukau</Unicode>
                </TextEquiv>
            </TextLine>
            <TextLine id="tr_1_tl_32" custom="readingOrder {index:16;}">
                <Coords points="226,1362 1079,1353 1072,1297 226,1317"/>
                <Baseline points="232,1349 274,1349 316,1346 359,1346 401,1346 444,1348 486,1347 528,1346 571,1344 613,1345 656,1346 698,1345 740,1343 783,1343 825,1342 868,1341 910,1344 952,1346 995,1346 1037,1346 1080,1346"/>
                <TextEquiv>
                    <Unicode>twych vſudkowe mogi • Wyſwoboď</Unicode>
                </TextEquiv>
            </TextLine>
            <TextLine id="tr_1_tl_34" custom="readingOrder {index:17;}">
                <Coords points="220,1431 1085,1422 1071,1352 886,1382 775,1350 700,1375 220,1368"/>
                <Baseline points="226,1411 269,1411 312,1411 355,1411 398,1411 441,1409 484,1410 527,1409 570,1408 613,1408 656,1408 699,1408 742,1406 785,1406 828,1409 871,1410 914,1409 957,1411 1000,1411 1043,1411 1086,1411"/>
                <TextEquiv>
                    <Unicode>mie z ruky neprzatel mych : od tiech</Unicode>
                </TextEquiv>
            </TextLine>
            <TextLine id="tr_1_tl_36" custom="readingOrder {index:18;}">
                <Coords points="226,1486 1090,1491 1080,1421 226,1425"/>
                <Baseline points="232,1471 275,1474 318,1472 361,1471 404,1471 447,1471 490,1471 533,1471 576,1471 619,1470 662,1467 705,1465 748,1466 791,1469 834,1471 877,1471 920,1471 963,1471 1006,1471 1049,1471 1092,1468"/>
                <TextEquiv>
                    <Unicode>kterziz mi ſe prottwie • Zaſwieť twaṙ</Unicode>
                </TextEquiv>
            </TextLine>
            <TextLine id="tr_1_tl_38" custom="readingOrder {index:19;}">
                <Coords points="231,1560 1092,1554 1092,1493 1003,1481 231,1493"/>
                <Baseline points="238,1528 280,1534 323,1534 366,1537 409,1535 452,1534 495,1534 537,1534 580,1534 623,1532 666,1531 709,1531 752,1531 795,1531 837,1532 880,1534 923,1534 966,1534 1009,1534 1052,1534 1095,1531"/>
                <TextEquiv>
                    <Unicode>ſwu nad ſluzebnikem ſwym ſpaſena</Unicode>
                </TextEquiv>
            </TextLine>
            <TextLine id="tr_1_tl_40" custom="readingOrder {index:20;}">
                <Coords points="226,1604 1086,1610 1086,1553 1053,1540 983,1571 852,1539 226,1559"/>
                <Baseline points="232,1596 274,1596 317,1594 360,1593 403,1593 446,1593 489,1595 531,1596 574,1594 617,1593 660,1593 703,1592 746,1590 789,1590 831,1591 874,1594 917,1596 960,1593 1003,1593 1046,1593 1089,1593"/>
                <TextEquiv>
                    <Unicode>mie vcžin w miloſrdenſtwi ſwem. Ho¬</Unicode>
                </TextEquiv>
            </TextLine>
            <TextLine id="tr_1_tl_42" custom="readingOrder {index:21;}">
                <Coords points="231,1682 1096,1672 1096,1623 977,1597 839,1628 231,1608"/>
                <Baseline points="238,1665 281,1660 324,1659 367,1659 410,1659 453,1657 496,1656 539,1658 582,1659 625,1659 668,1659 711,1659 754,1659 797,1659 840,1659 883,1658 926,1656 969,1659 1012,1656 1055,1656 1098,1653"/>
                <TextEquiv>
                    <Unicode>ſpodine nebuduṫ pohanien : neboṫ ſem</Unicode>
                </TextEquiv>
            </TextLine>
            <TextLine id="tr_1_tl_44" custom="readingOrder {index:22;}">
                <Coords points="229,1747 1095,1730 1083,1666 229,1683"/>
                <Baseline points="235,1719 278,1716 321,1716 364,1719 407,1719 450,1717 493,1718 537,1719 580,1719 623,1719 666,1719 709,1721 752,1722 795,1720 839,1719 882,1720 925,1721 968,1719 1011,1719 1054,1719 1098,1719"/>
                <TextEquiv>
                    <Unicode>wzywal tie • Zahanbeni buďte newier¬</Unicode>
                </TextEquiv>
            </TextLine>
            <TextLine id="tr_1_tl_46" custom="readingOrder {index:23;} abbrev {offset:6; length:8;expansion:prowozeni;}">
                <Coords points="222,1803 1087,1801 1087,1740 1021,1730 222,1748"/>
                <Baseline points="229,1781 272,1781 315,1781 358,1781 401,1781 444,1781 487,1781 530,1781 573,1781 616,1781 659,1783 702,1782 745,1783 788,1783 831,1781 874,1781 917,1781 960,1781 1003,1780 1046,1780 1089,1784"/>
                <TextEquiv>
                    <Unicode>nii a ꝓwozeni budte do pekla : oniemieg¬</Unicode>
                </TextEquiv>
            </TextLine>
            <TextLine id="tr_1_tl_48" custom="readingOrder {index:24;}">
                <Coords points="229,1859 1089,1852 1082,1798 229,1803"/>
                <Baseline points="235,1844 277,1844 320,1841 363,1844 406,1842 449,1843 492,1844 534,1844 577,1844 620,1844 663,1844 706,1844 749,1844 792,1844 834,1844 877,1844 920,1843 963,1841 1006,1842 1049,1844 1092,1844"/>
                <TextEquiv>
                    <Unicode>tez vſta lſtiwa • Kteražto mluwie proti</Unicode>
                </TextEquiv>
            </TextLine>
            <TextLine id="tr_1_tl_50" custom="readingOrder {index:25;}">
                <Coords points="237,1930 1042,1930 1096,1911 1097,1846 980,1880 238,1853"/>
                <Baseline points="244,1907 286,1907 329,1905 372,1904 414,1904 457,1904 500,1906 542,1907 585,1907 628,1907 671,1906 713,1905 756,1907 799,1906 841,1904 884,1903 927,1901 969,1901 1012,1899 1055,1904 1098,1904"/>
                <TextEquiv>
                    <Unicode>ſprawedliwemu neprawoſti : w pyſſe</Unicode>
                </TextEquiv>
            </TextLine>
            <TextLine id="tr_1_tl_52" custom="readingOrder {index:26;}">
                <Coords points="229,1981 1092,1975 1092,1915 229,1934"/>
                <Baseline points="235,1970 278,1970 321,1967 364,1967 407,1967 450,1967 493,1969 536,1970 579,1970 622,1970 665,1968 708,1965 751,1966 794,1966 837,1965 880,1967 923,1968 966,1970 1009,1969 1052,1967 1095,1970"/>
                <TextEquiv>
                    <Unicode>a w nevpṙyemnoſti • Iak geſt welike</Unicode>
                </TextEquiv>
            </TextLine>
            <TextLine id="tr_1_tl_54" custom="readingOrder {index:27;}">
                <Coords points="229,2037 1092,2037 1092,1998 1040,1976 229,1981"/>
                <Baseline points="235,2029 278,2029 321,2029 364,2029 407,2029 450,2031 493,2032 536,2032 579,2030 622,2031 665,2032 708,2030 751,2029 794,2029 837,2029 880,2030 923,2032 966,2032 1009,2032 1052,2031 1095,2029"/>
                <TextEquiv>
                    <Unicode>mnozſtwie ſladkoſti twe hoſpodine kte¬</Unicode>
                </TextEquiv>
            </TextLine>
            <TextLine id="tr_1_tl_56" custom="readingOrder {index:28;}">
                <Coords points="226,2097 339,2122 1092,2102 1085,2034 863,2063 811,2039 226,2051"/>
                <Baseline points="232,2089 275,2089 318,2086 361,2089 404,2092 447,2090 490,2091 534,2092 577,2094 620,2095 663,2093 706,2092 749,2092 792,2092 836,2092 879,2093 922,2094 965,2092 1008,2092 1051,2092 1095,2092"/>
                <TextEquiv>
                    <Unicode>ruž ſy ſkryl bogiczym ſe tebe • Dokonal</Unicode>
                </TextEquiv>
            </TextLine>
            <TextLine id="tr_1_tl_58" custom="readingOrder {index:29;}">
                <Coords points="235,2170 1090,2181 1089,2103 914,2125 235,2101"/>
                <Baseline points="241,2149 283,2152 326,2155 368,2155 411,2155 453,2155 496,2157 538,2158 581,2156 623,2155 666,2155 709,2155 751,2155 794,2156 836,2157 879,2156 921,2158 964,2158 1006,2158 1049,2155 1092,2152"/>
                <TextEquiv>
                    <Unicode>ſy tiem kterziz doufagi w tie : przed obli¬</Unicode>
                </TextEquiv>
            </TextLine>
            <TextLine id="tr_1_tl_60" custom="readingOrder {index:30;}">
                <Coords points="235,2247 1089,2232 1089,2180 1054,2165 235,2176"/>
                <Baseline points="241,2214 283,2214 326,2217 368,2217 411,2215 453,2216 496,2217 538,2217 581,2217 623,2217 666,2217 709,2217 751,2216 794,2215 836,2217 879,2217 921,2216 964,2214 1006,2217 1049,2217 1092,2217"/>
                <TextEquiv>
                    <Unicode>czegem ſynuow ſidſkych • Skrygeſs</Unicode>
                </TextEquiv>
            </TextLine>
            <TextLine id="tr_1_tl_62" custom="readingOrder {index:31;}">
                <Coords points="237,2301 1080,2290 1080,2241 942,2229 237,2241"/>
                <Baseline points="244,2277 288,2277 332,2277 376,2277 420,2280 464,2280 508,2277 553,2280 597,2283 641,2283 685,2278 729,2279 773,2280 818,2280 862,2282 906,2281 950,2282 994,2281 1038,2280 1083,2277"/>
                <TextEquiv>
                    <Unicode>ge w ſchranie twarzy ſwe : od zburze¬</Unicode>
                </TextEquiv>
            </TextLine>
            <TextLine id="tr_1_tl_64" custom="readingOrder {index:32;}">
                <Coords points="229,2347 406,2340 534,2374 1089,2355 1089,2305 981,2288 921,2312 451,2283 399,2315 322,2283 229,2306"/>
                <Baseline points="235,2337 277,2340 320,2340 363,2340 406,2340 449,2342 492,2343 534,2343 577,2343 620,2343 663,2343 706,2343 749,2343 792,2344 834,2345 877,2344 920,2345 963,2343 1006,2343 1049,2343 1092,2340"/>
                <TextEquiv>
                    <Unicode>nie lidu. Tagiti budeſs gich w ſtanu</Unicode>
                </TextEquiv>
            </TextLine>
            <TextLine id="tr_1_tl_66" custom="readingOrder {index:33;}">
                <Coords points="236,2418 1089,2416 1088,2355 1016,2349 911,2382 779,2342 557,2376 235,2356"/>
                <Baseline points="241,2399 283,2396 326,2399 368,2401 411,2400 453,2401 496,2404 538,2405 581,2405 623,2405 666,2405 709,2405 751,2405 794,2405 836,2404 879,2402 921,2402 964,2402 1006,2402 1049,2402 1092,2405"/>
                <TextEquiv>
                    <Unicode>ſwem od odpornoſti iazykuow • Poże¬</Unicode>
                </TextEquiv>
            </TextLine>
            <TextLine id="tr_1_tl_67" custom="readingOrder {index:34;}">
                <Coords points="229,2481 1080,2484 1080,2417 1015,2409 978,2435 229,2416"/>
                <Baseline points="235,2462 277,2462 319,2462 362,2462 404,2462 447,2464 489,2467 531,2468 574,2468 616,2468 659,2467 701,2466 743,2468 786,2468 828,2468 871,2468 913,2468 955,2468 998,2468 1040,2468 1083,2465"/>
                <TextEquiv>
                    <Unicode>hnany hoſpodin neb mi diwne vcżinil</Unicode>
                </TextEquiv>
            </TextLine>
            <TextLine id="tr_1_tl_69" custom="readingOrder {index:35;}">
                <Coords points="226,2531 1086,2553 1085,2484 226,2483"/>
                <Baseline points="232,2522 274,2525 317,2525 360,2525 403,2525 446,2525 489,2527 531,2528 574,2530 617,2531 660,2531 703,2531 746,2531 789,2531 831,2531 874,2532 917,2534 960,2534 1003,2533 1046,2531 1089,2534"/>
                <TextEquiv>
                    <Unicode>miloſrdenſtwíe ſwe : w Mieſtie ohraze¬</Unicode>
                </TextEquiv>
            </TextLine>
            <TextLine id="tr_1_tl_71" custom="readingOrder {index:36;}">
                <Coords points="230,2596 386,2591 459,2621 1072,2607 1071,2556 935,2539 229,2545"/>
                <Baseline points="235,2581 279,2587 323,2587 367,2584 411,2587 455,2590 499,2590 544,2593 588,2593 632,2593 676,2590 720,2592 764,2593 809,2593 853,2593 897,2593 941,2593 985,2593 1029,2593 1074,2587"/>
                <TextEquiv>
                    <Unicode>nem. Ia pak rzekl ſem w zdieſeni my¬</Unicode>
                </TextEquiv>
            </TextLine>
            <TextLine id="tr_1_tl_74" custom="readingOrder {index:37;}">
                <Coords points="241,2663 1050,2663 1090,2688 1089,2619 239,2594"/>
                <Baseline points="247,2644 289,2644 331,2647 373,2647 416,2649 458,2650 500,2652 542,2655 585,2656 627,2656 669,2656 711,2656 754,2656 796,2656 838,2656 880,2656 923,2656 965,2656 1007,2659 1049,2656 1092,2656"/>
                <TextEquiv>
                    <Unicode>ſli ſwe : opowrżen ſem od oblicżege očij</Unicode>
                </TextEquiv>
            </TextLine>
            <TextLine id="tr_1_tl_76" custom="readingOrder {index:38;}">
                <Coords points="229,2723 1096,2727 1095,2685 1050,2663 949,2692 839,2664 229,2675"/>
                <Baseline points="235,2710 278,2707 321,2707 364,2710 407,2710 450,2715 493,2716 537,2716 580,2714 623,2711 666,2714 709,2716 752,2716 795,2718 839,2719 882,2719 925,2719 968,2719 1011,2719 1054,2719 1098,2719"/>
                <TextEquiv>
                    <Unicode>twych • Protoż vſlyſſal ſy hlas modlit¬</Unicode>
                </TextEquiv>
            </TextLine>
            <TextLine id="tr_1_tl_78" custom="readingOrder {index:39;}">
                <Coords points="226,2793 1086,2797 1085,2734 1021,2727 601,2749 226,2718"/>
                <Baseline points="232,2772 274,2769 317,2774 360,2775 402,2775 445,2775 488,2777 530,2780 573,2781 616,2781 659,2781 701,2781 744,2781 787,2781 829,2781 872,2781 915,2781 957,2781 1000,2781 1043,2781 1086,2784"/>
                <TextEquiv>
                    <Unicode>by me : kdyż ſem wolal k tobie. Milug¬</Unicode>
                </TextEquiv>
            </TextLine>
            <TextLine id="tr_1_tl_80" custom="readingOrder {index:40;}">
                <Coords points="229,2843 1089,2853 1072,2792 229,2795"/>
                <Baseline points="235,2832 277,2832 320,2835 363,2835 406,2837 449,2840 492,2841 534,2841 577,2843 620,2844 663,2844 706,2842 749,2842 792,2844 834,2843 877,2841 920,2842 963,2844 1006,2844 1049,2844 1092,2844"/>
                <TextEquiv>
                    <Unicode>te hoſpodina wſſickni ſwieti geho • neb</Unicode>
                </TextEquiv>
            </TextLine>
            <TextLine id="tr_1_tl_82" custom="readingOrder {index:41;}">
                <Coords points="227,2926 1083,2909 1082,2855 226,2841"/>
                <Baseline points="232,2895 274,2898 317,2898 360,2898 402,2900 445,2903 488,2904 530,2906 573,2905 616,2906 659,2905 701,2904 744,2904 787,2904 829,2904 872,2904 915,2904 957,2905 1000,2907 1043,2907 1049,2909"/>
                <TextEquiv>
                    <Unicode>prawdy wyhledawati bude hoſpodin
</Unicode>
                </TextEquiv>
            </TextLine>
            <TextLine id="tr_1_tl_84" custom="readingOrder {index:42;}">
                <Coords points="220,2968 1085,2977 1085,2934 1036,2914 287,2905 220,2932"/>
                <Baseline points="226,2958 269,2958 312,2958 355,2963 398,2964 441,2964 484,2964 527,2968 570,2969 613,2969 656,2969 699,2967 742,2966 785,2966 828,2965 871,2966 914,2969 957,2969 1000,2970 1043,2971 1086,2969"/>
                <TextEquiv>
                    <Unicode>a odplatiť hoynie tiem kterziż puoſobie</Unicode>
                </TextEquiv>
            </TextLine>
            <TextLine id="tr_1_tl_86" custom="readingOrder {index:43;}">
                <Coords points="226,3042 1086,3047 1065,2976 893,3002 713,2974 226,2983"/>
                <Baseline points="232,3014 274,3017 317,3022 360,3023 402,3023 445,3025 488,3028 530,3029 573,3031 616,3032 659,3032 701,3032 744,3032 787,3032 829,3032 872,3032 915,3031 957,3030 1000,3032 1043,3032 1086,3032"/>
                <TextEquiv>
                    <Unicode>pychu. Zmužyle ſobie cžinte a poſylň¬</Unicode>
                </TextEquiv>
            </TextLine>
            <TextLine id="tr_1_tl_88" custom="readingOrder {index:44;}">
                <Coords points="235,3100 1085,3127 1083,3050 1056,3043 936,3068 723,3034 234,3038"/>
                <Baseline points="241,3080 283,3080 325,3083 367,3083 410,3085 452,3088 494,3091 536,3094 579,3095 621,3094 663,3093 705,3095 748,3094 790,3092 832,3091 874,3086 917,3090 959,3095 1001,3095 1043,3095 1086,3095"/>
                <TextEquiv>
                    <Unicode>ſe ſrdcze waſſe : wſſiczkni kterziz doufa¬</Unicode>
                </TextEquiv>
            </TextLine>
            <TextLine id="tr_1_tl_89" custom="readingOrder {index:45;}">
                <Coords points="229,3145 336,3168 429,3155 513,3174 596,3152 595,3109 577,3105 509,3114 444,3095 427,3106 405,3084 363,3107 316,3091 228,3098"/>
                <Baseline points="235,3140 261,3142 287,3143 313,3145 339,3147 365,3149 391,3149 417,3149 443,3149 469,3150 495,3151 521,3152 547,3152 573,3149 599,3146"/>
                <TextEquiv>
                    <Unicode>te w hoſpodina •</Unicode>
                </TextEquiv>
            </TextLine>
            <TextLine id="tr_1_tl_92" custom="readingOrder {index:46;} abbrev {offset:24; length:6;expansion:prwniem;}">
                <Coords points="222,3205 499,3245 1095,3220 1094,3154 1058,3150 795,3177 725,3147 530,3174 222,3156"/>
                <Baseline points="229,3196 272,3205 315,3208 359,3211 402,3211 446,3211 489,3213 533,3214 576,3216 620,3217 663,3219 706,3220 750,3218 793,3217 837,3217 880,3219 924,3218 967,3217 1011,3217 1054,3217 1098,3217"/>
                <TextEquiv>
                    <Unicode>W žalmu trzitczatem a w prwniē mlu¬</Unicode>
                </TextEquiv>
            </TextLine>
            <TextLine id="tr_1_tl_94" custom="readingOrder {index:47;}">
                <Coords points="226,3282 936,3321 1085,3303 1083,3239 224,3219"/>
                <Baseline points="232,3265 274,3265 317,3268 360,3273 402,3276 445,3279 488,3280 530,3284 573,3286 616,3286 659,3288 701,3288 744,3286 787,3286 829,3285 872,3283 915,3283 957,3283 1000,3283 1043,3283 1086,3280"/>
                <TextEquiv>
                    <Unicode>wi prorok o pokani a toto naprzed die-</Unicode>
                </TextEquiv>
            </TextLine>
            <TextEquiv>
                <Unicode>.Baſta rz¬
Neb geſt pohynul w boleſti żiwot nidy
Tahoſlaweni kterynmž otpu¬
a lethama w kwielenich Rzemdlena ḡt P 
ſſtieny ſu neprawoſti a gich z
w chudobie ſyla ma a koſtime z korinu
to pṙikrycz ſu hṙiechowe.Bla¬
czeny gſu Nade wſſeczby neprzately
hoſlaweny muz gemuż neobratil s zle
ſwe vczinien ſem ohyzdau ſauſeduom
mu hoſpodin hrziechu aniż geſt w du¬
ſwym przewelmi a ſtrach znamym
chu geho ſſti Be ſem mlcżal zetlely
ſwym.Kterzi widali mie wen utiekali
ſu koſti me kdyz ſem wolal przes czely
ode mne a w zapomenutie ſem dani iakz¬
den Nebo dnem y noczy obtiezila ſe
to ymrly od ſrdczePczinieni ſem iakž
geſt nade mnu ruky twa obraczen ſem¬
to na doba ztluċena neb ſem ſlychal ha¬
w biedie ſwe kdy mie yakżto trn bodlo
nienie mnoh ych przes y wagicych wuo¬
ſwiedomie. rziech ſwudy oznamil ſe
koſi Na to kdeż ſe ſchazeſi ſpolkeni ꝓti 
tobie a neprawoſti ſwe ne zakryl ſem
mniel aby odyali duſſi mu radili ſu ſe
Rzekl ſem wyznawatz budu proti ſo¬
Ia pak w tie ſem doufal hoſpodine.
bie neſprawedlnoſt ſwu hoſpodinu.a
rzekl ſem buoh muoy gſy ty w rukau
tys odpuſtil newieru hrziecha mieho
twych y ſudkowe mogi.Wyſwobod
Batot ſe modliti bude k tobie wſſeliky
mie z ruky neprzatel mycha od tiech
ſwaty w czaſu przihodnem. A wſſak
kterziz mi ſe prottwie.Baſwieċ twaṙ.
kdyż ſe rozwodnie wody mnohe s nimt¬
ſwu nad ſluzebnikem ſwym ſpaſena
ſe neprzibliżie.Ty gſy vtocziſſtie nie¬
mie uczin w miloſrdenſtwi ſuem. Ho¬
od zamutku kteryz mie obkliczil  po¬
ſpodine nebuduṫ pohanien neboṫ ſem
tieſſenie nie wyproſt mie od tiech genż
w zywal tże.Bahanbeni budte newier¬
ſu ostupiſi mne Rozum tobie dana
niz a pwo zeni budte do pekla o niemie cz¬
nauczim tie na czeſtie keru kraczeti bu¬
tez vſtalſtiwa. Kterazto mluwie proti
de ſs ustrnuṫ nad tebu oczima ſwyma¬
ſprawedliwemu neprawoſti w pyſſe¬
Nechtzectez byti yakzto kudij a niezek.
a w ney pṙye mnoſti Iak czeſt welike
kterziz nemagi rozumu. Pohlawi a
mnozſt wie ſladkoſti twe hoſpodine kte¬
y zdau czeliſti tiech ſewrzy kterziz ne pṙi¬
ruz ſy ſkryl bogiczym ſe tebe.Dokonal
ſtupugi k tobie Mnoha trapenie.hṙie¬
ſy tzeni kterziz doufagi w te z przed obli¬
ſſnika do ufagiczieho pak w hoſpodina¬
czegem ſynuow ſidſkych  Skry geſs
miloſrdenſtwie obklici. Teſſte ſe w ho¬
ge w ſchranie twarzy ſweez od zburze¬
ſpodi. a wſelte ſe ſpwedliwij.a z wrſe¬
nie iidu. Tacziti budeſs gzich w ſtanu
beni budte wſſiczkni pṙieneho ſrdcze
ſwen od odpornoſti iazykuow. Poże
hnany hoſpodin neb mi diwne.vcżinil
W zalmu trzidczatin a druhem. na po¬
miloſrdenſtwíe ſwe w Mieſtie ohraze¬
mina prorok aby wiernc chwaſu wzda¬
neni.Ia pak rzekl ſem w zdieſenimy¬
waſi bohu
S ſeſte ſe ſprawedliwiw hoſpo¬
ſlz ſw? opowrżen ſem od oblicżece och¬
dinu na y przemeṫ ſluſſie ſpo¬
twych.Protoż uſlyſſal ſy hlo modlit
Alecznnie chwala. Chwalu wzda¬
by me? kdyż ſem wolal k tobie.Milug.
wdyte hoſpodinu na huſlech a na žaſta
te hoſpodina wſſickni ſwieti geho. neb
rz y R odeſyeti ſtrunach pro zpiewucżte
prawdy wyhledawatz bude hoſpodin
gena .Bpiewaytemu pieſen nowu.
a odplatič hoynie tiem kterziż puo ſobie.
dobrze pro zpiewugtemij w zwucznych
pychu. Rnuzyle ſobie czinte a poſyln¬
hlaſiech. Nebṫ przieſiie geſt ſlowo pa¬
ſe ſrdcze waſſez wſſiczkni kterziz doufa¬
te w hoſpodina
niez a wſſickni ſkutko we geho y wierze
Mluget miloſrdenſtwie y ſaud  milo¬
W żalml trzitczateni a w pṙnie mlu¬
ſrdenſtwie panze plnaczeſt zemie Sſo¬
wi prorok o pokini a toto naprzed die
pI ∙</Unicode>
            </TextEquiv>
        </TextRegion>
        <TextRegion id="r_158" custom="readingOrder {index:1;}">
            <Coords points="1135,321 2117,321 2104,3278 1138,3300"/>
            <TextLine id="tr_1_tl_3" custom="readingOrder {index:0;}">
                <Coords points="1346,421 1462,445 1544,423 1589,443 2041,439 2040,374 1915,371 1762,320 1665,367 1346,349"/>
                <Baseline points="1352,414 1386,416 1421,417 1455,417 1490,417 1525,420 1559,420 1594,420 1628,420 1663,420 1698,420 1732,421 1767,423 1801,423 1836,423 1871,423 1905,423 1940,423 1974,423 2009,425 2044,420"/>
                <TextEquiv>
                    <Unicode>Lahoſlaweni kterymž otpu¬</Unicode>
                </TextEquiv>
            </TextLine>
            <TextLine id="tr_1_tl_5" custom="readingOrder {index:1;}">
                <Coords points="1358,512 1433,487 1653,514 1740,491 1908,514 2037,493 2036,437 1879,455 1836,431 1775,453 1357,428"/>
                <Baseline points="1364,477 1397,479 1431,482 1465,482 1498,480 1532,482 1566,485 1599,486 1633,486 1667,486 1701,486 1734,486 1768,486 1802,486 1835,488 1869,489 1903,489 1936,489 1970,489 2004,489 2038,489"/>
                <TextEquiv>
                    <Unicode>ſſtieny ſu neprawoſti : a gichž¬</Unicode>
                </TextEquiv>
            </TextLine>
            <TextLine id="tr_1_tl_7" custom="readingOrder {index:2;}">
                <Coords points="1324,570 2062,560 2062,518 1969,494 1904,518 1855,493 1653,514 1464,489 1324,516"/>
                <Baseline points="1331,540 1367,542 1404,543 1441,543 1477,543 1514,543 1551,543 1587,545 1624,546 1661,547 1698,549 1734,549 1771,549 1808,547 1844,547 1881,548 1918,546 1954,549 1991,551 2028,550 2065,552"/>
                <TextEquiv>
                    <Unicode>to pṙikryti ſu hṙiechowe • Bla¬</Unicode>
                </TextEquiv>
            </TextLine>
            <TextLine id="tr_1_tl_9" custom="readingOrder {index:3;}">
                <Coords points="1167,623 2058,629 2056,560 1415,577 1167,546"/>
                <Baseline points="1173,599 1217,602 1261,602 1305,605 1350,608 1394,605 1438,605 1483,608 1527,608 1571,608 1616,611 1660,611 1704,608 1748,611 1793,611 1837,611 1881,611 1926,611 1970,611 2014,611 2059,611"/>
                <TextEquiv>
                    <Unicode>hoſlaweny muž gemuž neobratil k zle¬</Unicode>
                </TextEquiv>
            </TextLine>
            <TextLine id="tr_1_tl_11" custom="readingOrder {index:4;}">
                <Coords points="1164,680 2052,687 2052,629 1983,623 1164,620"/>
                <Baseline points="1170,665 1214,665 1258,665 1302,665 1346,668 1390,671 1434,671 1479,671 1523,668 1567,671 1611,671 1655,671 1699,671 1743,671 1788,671 1832,669 1876,670 1920,673 1964,672 2008,673 2053,671"/>
                <TextEquiv>
                    <Unicode>mu hoſpodin hrziechu : aniż geſt w du¬</Unicode>
                </TextEquiv>
            </TextLine>
            <TextLine id="tr_1_tl_13" custom="readingOrder {index:5;}">
                <Coords points="1169,738 2058,756 2034,687 1169,674"/>
                <Baseline points="1176,725 1220,728 1264,728 1308,731 1352,731 1396,734 1440,731 1485,731 1529,731 1573,731 1617,731 1661,734 1705,732 1749,733 1794,734 1838,734 1882,734 1926,734 1970,734 2014,734 2059,731"/>
                <TextEquiv>
                    <Unicode>chu geho lſti • Ze ſem mlcžal zetlely</Unicode>
                </TextEquiv>
            </TextLine>
            <TextLine id="tr_1_tl_15" custom="readingOrder {index:6;}">
                <Coords points="1180,810 2056,818 2055,753 2019,744 1179,738"/>
                <Baseline points="1185,785 1228,788 1272,791 1316,791 1359,795 1403,796 1447,793 1490,793 1534,791 1578,793 1622,793 1665,793 1709,793 1753,793 1796,793 1840,793 1884,795 1927,796 1971,796 2015,794 2059,791"/>
                <TextEquiv>
                    <Unicode>ſu koſti me : když ſem wolal przes czely</Unicode>
                </TextEquiv>
            </TextLine>
            <TextLine id="tr_1_tl_17" custom="readingOrder {index:7;}">
                <Coords points="1175,863 2058,881 2058,822 1969,802 1803,830 1753,804 1175,811"/>
                <Baseline points="1182,850 1225,850 1269,850 1313,853 1357,856 1401,856 1445,853 1488,856 1532,856 1576,856 1620,854 1664,855 1708,856 1752,854 1795,855 1839,856 1883,856 1927,856 1971,856 2015,856 2059,856"/>
                <TextEquiv>
                    <Unicode>den • Nebo dnem y noczy obtiežila ſe</Unicode>
                </TextEquiv>
            </TextLine>
            <TextLine id="tr_1_tl_19" custom="readingOrder {index:8;}">
                <Coords points="1175,940 2058,940 2058,882 1955,864 1175,861"/>
                <Baseline points="1182,907 1225,913 1269,916 1313,916 1357,916 1401,916 1445,916 1488,916 1532,916 1576,916 1620,916 1664,916 1708,918 1752,919 1795,919 1839,919 1883,919 1927,919 1971,919 2015,919 2059,919"/>
                <TextEquiv>
                    <Unicode>geſt nade mnu ruky twa : obraczen ſem</Unicode>
                </TextEquiv>
            </TextLine>
            <TextLine id="tr_1_tl_21" custom="readingOrder {index:9;}">
                <Coords points="1169,985 2060,992 2059,942 2025,927 1169,943"/>
                <Baseline points="1176,973 1220,976 1264,976 1308,979 1353,979 1397,979 1441,979 1486,979 1530,979 1574,976 1619,979 1663,979 1707,979 1751,979 1796,979 1840,982 1884,982 1929,982 1973,982 2017,982 2062,979"/>
                <TextEquiv>
                    <Unicode>w biedie ſwe : kdy mie yakžto trn bodlo</Unicode>
                </TextEquiv>
            </TextLine>
            <TextLine id="tr_1_tl_23" custom="readingOrder {index:10;} abbrev {offset:34; length:2;expansion:sem;}">
                <Coords points="1181,1059 2059,1072 2059,993 1181,985"/>
                <Baseline points="1187,1038 1230,1038 1274,1038 1318,1041 1362,1041 1405,1041 1449,1041 1493,1039 1537,1038 1580,1038 1624,1038 1668,1038 1712,1040 1755,1041 1799,1041 1843,1043 1887,1044 1930,1042 1974,1041 2018,1041 2062,1041"/>
                <TextEquiv>
                    <Unicode>ſwiedomie • Hrziech ſwuoy oznamil ſē</Unicode>
                </TextEquiv>
            </TextLine>
            <TextLine id="tr_1_tl_25" custom="readingOrder {index:11;}">
                <Coords points="1173,1109 2056,1126 2056,1070 1947,1050 1173,1065"/>
                <Baseline points="1179,1098 1223,1101 1267,1104 1311,1104 1355,1104 1399,1104 1443,1101 1487,1101 1531,1101 1575,1101 1619,1101 1663,1101 1707,1101 1751,1103 1795,1104 1839,1104 1883,1106 1927,1105 1971,1104 2015,1104 2059,1104"/>
                <TextEquiv>
                    <Unicode>tobie : a neprawoſti ſwe ne zakryl ſem</Unicode>
                </TextEquiv>
            </TextLine>
            <TextLine id="tr_1_tl_27" custom="readingOrder {index:12;}">
                <Coords points="1179,1172 2051,1176 2051,1123 2008,1116 1179,1111"/>
                <Baseline points="1185,1164 1228,1164 1271,1164 1315,1164 1358,1164 1402,1164 1445,1164 1488,1162 1532,1163 1575,1164 1619,1164 1662,1164 1705,1164 1749,1166 1792,1167 1836,1167 1879,1167 1922,1166 1966,1165 2009,1166 2053,1164"/>
                <TextEquiv>
                    <Unicode>Rzekl ſem wyznawati budu proti ſo¬</Unicode>
                </TextEquiv>
            </TextLine>
            <TextLine id="tr_1_tl_29" custom="readingOrder {index:13;}">
                <Coords points="1169,1242 2059,1251 2059,1192 1963,1175 1169,1169"/>
                <Baseline points="1176,1226 1220,1226 1264,1226 1308,1226 1353,1226 1397,1226 1441,1226 1486,1223 1530,1223 1574,1226 1619,1226 1663,1226 1707,1229 1751,1229 1796,1229 1840,1226 1884,1229 1929,1229 1973,1229 2017,1229 2062,1223"/>
                <TextEquiv>
                    <Unicode>bie neſprawedlnoſt ſwu hoſpodinu : a</Unicode>
                </TextEquiv>
            </TextLine>
            <TextLine id="tr_1_tl_31" custom="readingOrder {index:14;}">
                <Coords points="1173,1301 2053,1297 2053,1250 1995,1237 1882,1266 1714,1233 1173,1244"/>
                <Baseline points="1179,1289 1222,1286 1266,1287 1310,1288 1354,1287 1398,1288 1442,1286 1485,1287 1529,1289 1573,1289 1617,1289 1661,1289 1705,1289 1749,1289 1792,1292 1836,1292 1880,1292 1924,1292 1968,1292 2012,1289 2056,1283"/>
                <TextEquiv>
                    <Unicode>tys odpuſtil newieru hrziecha mieho •</Unicode>
                </TextEquiv>
            </TextLine>
            <TextLine id="tr_1_tl_33" custom="readingOrder {index:15;}">
                <Coords points="1169,1361 2026,1378 2051,1299 1365,1295 1326,1322 1168,1299"/>
                <Baseline points="1176,1346 1219,1349 1263,1352 1307,1352 1351,1349 1395,1352 1439,1352 1482,1352 1526,1352 1570,1352 1614,1352 1658,1352 1702,1352 1746,1352 1789,1352 1833,1352 1877,1352 1921,1352 1965,1352 2009,1352 2053,1352"/>
                <TextEquiv>
                    <Unicode>Zatoť ſe modliti bude k tobie wſſeliky</Unicode>
                </TextEquiv>
            </TextLine>
            <TextLine id="tr_1_tl_35" custom="readingOrder {index:16;}">
                <Coords points="1181,1432 2059,1424 2052,1360 1181,1372"/>
                <Baseline points="1187,1408 1230,1411 1274,1411 1318,1411 1362,1411 1405,1408 1449,1411 1493,1413 1537,1412 1580,1413 1624,1414 1668,1414 1712,1414 1755,1414 1799,1412 1843,1413 1887,1414 1930,1412 1974,1413 2018,1414 2062,1414"/>
                <TextEquiv>
                    <Unicode>ſwaty w cžaſu przihodnem • A wſſak</Unicode>
                </TextEquiv>
            </TextLine>
            <TextLine id="tr_1_tl_37" custom="readingOrder {index:17;}">
                <Coords points="1175,1479 1309,1504 2059,1489 2059,1435 1823,1418 1737,1444 1175,1431"/>
                <Baseline points="1182,1474 1226,1471 1270,1471 1314,1474 1358,1474 1402,1474 1446,1474 1490,1471 1534,1474 1578,1474 1622,1474 1666,1474 1710,1474 1754,1476 1798,1477 1842,1475 1886,1474 1930,1474 1974,1476 2018,1475 2062,1474"/>
                <TextEquiv>
                    <Unicode>když ſe rozwodnie wody mnohe k nimt</Unicode>
                </TextEquiv>
            </TextLine>
            <TextLine id="tr_1_tl_39" custom="readingOrder {index:18;}">
                <Coords points="1189,1555 2066,1559 2066,1498 1976,1512 1934,1483 1189,1486"/>
                <Baseline points="1196,1537 1239,1537 1283,1534 1326,1534 1370,1534 1414,1537 1457,1537 1501,1535 1544,1534 1588,1536 1632,1535 1675,1536 1719,1537 1762,1537 1806,1537 1850,1537 1893,1537 1937,1537 1980,1537 2024,1537 2068,1537"/>
                <TextEquiv>
                    <Unicode>ſe neprzibližie • Ty gſy vtocžiſſtie me</Unicode>
                </TextEquiv>
            </TextLine>
            <TextLine id="tr_1_tl_41" custom="readingOrder {index:19;}">
                <Coords points="1175,1612 2063,1605 2063,1558 1918,1545 1880,1572 1743,1539 1175,1568"/>
                <Baseline points="1182,1596 1226,1599 1270,1599 1314,1599 1358,1599 1402,1599 1446,1596 1491,1596 1535,1596 1579,1596 1623,1599 1667,1602 1711,1600 1755,1599 1800,1599 1844,1599 1888,1599 1932,1599 1976,1599 2020,1597 2065,1596"/>
                <TextEquiv>
                    <Unicode>od zamutku kteryž mie obklicžil : po¬</Unicode>
                </TextEquiv>
            </TextLine>
            <TextLine id="tr_1_tl_43" custom="readingOrder {index:20;}">
                <Coords points="1179,1674 2056,1687 2040,1608 1575,1629 1179,1602"/>
                <Baseline points="1185,1662 1228,1662 1272,1662 1316,1662 1359,1662 1403,1662 1447,1661 1490,1658 1534,1657 1578,1660 1622,1662 1665,1662 1709,1663 1753,1665 1796,1662 1840,1662 1884,1665 1927,1665 1971,1662 2015,1662 2059,1659"/>
                <TextEquiv>
                    <Unicode>tieſſenie nie wyproſť mie od tiech genž</Unicode>
                </TextEquiv>
            </TextLine>
            <TextLine id="tr_1_tl_45" custom="readingOrder {index:21;}">
                <Coords points="1183,1745 2062,1737 2062,1686 1852,1669 1183,1674"/>
                <Baseline points="1190,1731 1233,1728 1277,1727 1321,1724 1365,1722 1408,1723 1452,1725 1496,1724 1540,1722 1583,1723 1627,1725 1671,1725 1715,1725 1758,1725 1802,1725 1846,1725 1890,1722 1933,1725 1977,1722 2021,1722 2065,1719"/>
                <TextEquiv>
                    <Unicode>ſu ostupiſi mne • Rozum tobie dam a</Unicode>
                </TextEquiv>
            </TextLine>
            <TextLine id="tr_1_tl_47" custom="readingOrder {index:22;}">
                <Coords points="1169,1797 2075,1804 2075,1743 1968,1729 1169,1760"/>
                <Baseline points="1176,1787 1221,1787 1266,1787 1311,1784 1356,1784 1401,1787 1446,1787 1491,1787 1536,1787 1581,1784 1626,1787 1671,1787 1716,1787 1761,1787 1806,1787 1851,1787 1896,1787 1941,1784 1986,1784 2031,1784 2077,1781"/>
                <TextEquiv>
                    <Unicode>naucžim tie na czeſtie kteru kracžeti bu¬</Unicode>
                </TextEquiv>
            </TextLine>
            <TextLine id="tr_1_tl_49" custom="readingOrder {index:23;}">
                <Coords points="1181,1853 2059,1859 2059,1808 1997,1803 1181,1811"/>
                <Baseline points="1187,1847 1230,1845 1274,1847 1318,1847 1362,1848 1405,1850 1449,1849 1493,1847 1537,1847 1580,1848 1624,1850 1668,1850 1712,1850 1755,1850 1799,1850 1843,1850 1887,1847 1930,1847 1974,1844 2018,1844 2062,1844"/>
                <TextEquiv>
                    <Unicode>deſs : vstrnuṫ nad tebu ocžima ſwyma</Unicode>
                </TextEquiv>
            </TextLine>
            <TextLine id="tr_1_tl_51" custom="readingOrder {index:24;}">
                <Coords points="1179,1917 2051,1923 2038,1854 1889,1879 1179,1851"/>
                <Baseline points="1185,1907 1228,1910 1271,1910 1315,1910 1358,1909 1402,1908 1445,1910 1488,1910 1532,1910 1575,1910 1619,1910 1662,1910 1705,1910 1749,1911 1792,1913 1836,1913 1879,1913 1922,1910 1966,1907 2009,1904 2053,1901"/>
                <TextEquiv>
                    <Unicode>Nechtiegtež byti yakžto kuoň a mezek •</Unicode>
                </TextEquiv>
            </TextLine>
            <TextLine id="tr_1_tl_53" custom="readingOrder {index:25;}">
                <Coords points="1175,1998 2000,1993 2069,1986 2070,1939 1889,1916 1337,1946 1176,1913"/>
                <Baseline points="1182,1976 1226,1976 1270,1973 1315,1973 1359,1973 1404,1973 1448,1970 1493,1970 1537,1970 1582,1973 1626,1970 1670,1973 1715,1970 1759,1970 1804,1973 1848,1973 1893,1973 1937,1970 1982,1970 2026,1970 2071,1970"/>
                <TextEquiv>
                    <Unicode>kterziž nemagi rozumu • Wohlawi a</Unicode>
                </TextEquiv>
            </TextLine>
            <TextLine id="tr_1_tl_55" custom="readingOrder {index:26;}">
                <Coords points="1181,2045 2063,2041 2046,1980 1181,1995"/>
                <Baseline points="1187,2035 1230,2035 1274,2035 1318,2034 1362,2032 1406,2032 1450,2032 1494,2032 1538,2032 1582,2031 1626,2030 1669,2032 1713,2031 1757,2027 1801,2032 1845,2035 1889,2035 1933,2032 1977,2029 2021,2026 2065,2029"/>
                <TextEquiv>
                    <Unicode>vzdau cželiſti tiech ſewrzy : kterziž nepři¬</Unicode>
                </TextEquiv>
            </TextLine>
            <TextLine id="tr_1_tl_57" custom="readingOrder {index:27;}">
                <Coords points="1195,2115 2015,2099 2060,2123 2060,2056 2032,2044 1195,2049"/>
                <Baseline points="1202,2098 1245,2098 1288,2098 1331,2096 1374,2095 1417,2095 1460,2095 1503,2095 1546,2095 1589,2094 1632,2092 1675,2092 1718,2093 1761,2095 1804,2094 1847,2093 1890,2095 1933,2095 1976,2095 2019,2092 2062,2089"/>
                <TextEquiv>
                    <Unicode>ſtupugi k tobie • Mnoha trapenie hřie¬</Unicode>
                </TextEquiv>
            </TextLine>
            <TextLine id="tr_1_tl_59" custom="readingOrder {index:28;}">
                <Coords points="1187,2188 1354,2161 2069,2174 2069,2123 1958,2106 1187,2122"/>
                <Baseline points="1193,2161 1236,2161 1280,2161 1324,2160 1368,2158 1412,2157 1456,2155 1500,2156 1544,2158 1588,2158 1632,2157 1675,2155 1719,2158 1763,2155 1807,2155 1851,2158 1895,2155 1939,2155 1983,2155 2027,2155 2071,2155"/>
                <TextEquiv>
                    <Unicode>ſſnika : doufagiczieho pak w hoſpodina</Unicode>
                </TextEquiv>
            </TextLine>
            <TextLine id="tr_1_tl_61" custom="readingOrder {index:29;} abbrev {offset:37; length:3; continued:true;expansion:hoſpodinv;}">
                <Coords points="1181,2241 1789,2227 1836,2254 2065,2230 2066,2180 1181,2184"/>
                <Baseline points="1187,2223 1231,2223 1275,2223 1319,2222 1363,2220 1407,2220 1451,2220 1495,2220 1539,2219 1583,2217 1627,2217 1671,2214 1715,2214 1759,2214 1803,2217 1847,2217 1891,2217 1935,2214 1979,2214 2023,2217 2068,2214"/>
                <TextEquiv>
                    <Unicode>miloſrdenſtwie obkliči • Teſſte ſe w ho¬</Unicode>
                </TextEquiv>
            </TextLine>
            <TextLine id="tr_1_tl_63" custom="readingOrder {index:30;} abbrev {offset:0; length:6; continued:true;expansion:hoſpodinv;} textStyle {offset:5; length:1;superscript:true;} abbrev {offset:20; length:11;expansion:ſprawedliwij;}">
                <Coords points="1188,2305 2067,2299 2068,2235 1189,2239"/>
                <Baseline points="1196,2283 1239,2284 1283,2285 1327,2283 1371,2283 1414,2282 1458,2280 1502,2281 1546,2283 1589,2282 1633,2278 1677,2280 1721,2280 1764,2280 1808,2277 1852,2280 1896,2280 1939,2280 1983,2277 2027,2277 2071,2277"/>
                <TextEquiv>
                    <Unicode>ſpodiv a weſelte ſe ſp̄wedliwij : a zwele¬</Unicode>
                </TextEquiv>
            </TextLine>
            <TextLine id="tr_1_tl_65" custom="readingOrder {index:31;}">
                <Coords points="1183,2365 1445,2354 1509,2388 1621,2356 1945,2355 2045,2395 2061,2297 1183,2308"/>
                <Baseline points="1190,2352 1233,2349 1277,2348 1320,2346 1364,2345 1408,2343 1451,2342 1495,2341 1538,2343 1582,2343 1626,2342 1669,2340 1713,2341 1756,2343 1800,2340 1844,2343 1887,2340 1931,2340 1974,2343 2018,2340 2062,2337"/>
                <TextEquiv>
                    <Unicode>beni budte wſſiczkni přiemeho ſrdcze •</Unicode>
                </TextEquiv>
            </TextLine>
            <TextLine id="tr_1_tl_68" custom="readingOrder {index:32;}">
                <Coords points="1175,2478 2063,2473 2063,2411 2027,2405 1970,2432 1857,2398 1565,2431 1175,2417"/>
                <Baseline points="1182,2471 1226,2470 1270,2469 1314,2470 1358,2468 1402,2467 1446,2466 1491,2467 1535,2465 1579,2465 1623,2468 1667,2468 1711,2468 1755,2468 1800,2468 1844,2465 1888,2465 1932,2465 1976,2465 2020,2465 2065,2465"/>
                <TextEquiv>
                    <Unicode>W žalmu trzidczatem a druhem • napo¬</Unicode>
                </TextEquiv>
            </TextLine>
            <TextLine id="tr_1_tl_70" custom="readingOrder {index:33;}">
                <Coords points="1175,2554 1517,2547 1560,2580 1727,2555 1795,2581 1847,2540 1965,2577 2063,2551 2065,2490 1176,2491"/>
                <Baseline points="1182,2537 1226,2536 1270,2534 1314,2534 1358,2534 1402,2533 1446,2531 1491,2530 1535,2528 1579,2528 1623,2528 1667,2531 1711,2528 1755,2528 1800,2528 1844,2528 1888,2528 1932,2528 1976,2528 2020,2528 2065,2528"/>
                <TextEquiv>
                    <Unicode>mina prorok aby wiernij chwaſu wzda¬</Unicode>
                </TextEquiv>
            </TextLine>
            <TextLine id="tr_1_tl_72" custom="readingOrder {index:34;}">
                <Coords points="1183,2602 1279,2610 1295,2599 1311,2606 1353,2595 1380,2614 1407,2603 1457,2606 1458,2564 1445,2569 1381,2545 1332,2561 1314,2544 1185,2556"/>
                <Baseline points="1190,2599 1216,2597 1243,2596 1270,2596 1297,2595 1324,2593 1351,2591 1378,2590 1405,2590 1432,2589 1459,2587"/>
                <TextEquiv>
                    <Unicode>waſi bohu •</Unicode>
                </TextEquiv>
            </TextLine>
            <TextLine id="tr_1_tl_73" custom="readingOrder {index:35;}">
                <Coords points="1369,2666 2060,2670 2060,2599 2011,2592 1839,2606 1787,2585 1665,2614 1531,2583 1369,2621"/>
                <Baseline points="1376,2656 1410,2653 1444,2652 1478,2650 1513,2650 1547,2650 1581,2651 1616,2653 1650,2653 1684,2653 1719,2653 1753,2653 1787,2653 1821,2653 1856,2653 1890,2653 1924,2650 1959,2650 1993,2650 2027,2650 2062,2650"/>
                <TextEquiv>
                    <Unicode>Eſeſte ſe ſprawedliwiw hoſpo¬</Unicode>
                </TextEquiv>
            </TextLine>
            <TextLine id="tr_1_tl_75" custom="readingOrder {index:36;}">
                <Coords points="1360,2720 1575,2720 1623,2747 1758,2721 1830,2745 1875,2723 2056,2738 2056,2682 1912,2655 1578,2688 1519,2663 1360,2678"/>
                <Baseline points="1367,2716 1401,2716 1436,2716 1470,2716 1505,2716 1540,2716 1574,2716 1609,2716 1643,2716 1678,2716 1713,2715 1747,2713 1782,2713 1816,2713 1851,2713 1886,2713 1920,2713 1955,2713 1989,2713 2024,2713 2059,2713"/>
                <TextEquiv>
                    <Unicode>dinu : na vprzemeṫ ſluſſie ſpo¬</Unicode>
                </TextEquiv>
            </TextLine>
            <TextLine id="tr_1_tl_77" custom="readingOrder {index:37;}">
                <Coords points="1316,2805 1378,2784 2065,2791 2065,2732 1829,2745 1759,2723 1626,2748 1316,2719"/>
                <Baseline points="1322,2772 1359,2772 1396,2776 1433,2778 1471,2778 1508,2778 1545,2778 1583,2775 1620,2777 1657,2778 1695,2778 1732,2778 1769,2778 1806,2778 1844,2778 1881,2777 1918,2775 1956,2775 1993,2775 2030,2775 2068,2772"/>
                <TextEquiv>
                    <Unicode>lecžnnie chwala • Chwalu wzda¬</Unicode>
                </TextEquiv>
            </TextLine>
            <TextLine id="tr_1_tl_79" custom="readingOrder {index:38;}">
                <Coords points="1181,2868 2065,2860 2065,2796 2030,2782 1181,2799"/>
                <Baseline points="1187,2838 1231,2841 1275,2841 1319,2840 1363,2837 1407,2836 1451,2838 1495,2838 1539,2838 1583,2838 1627,2841 1671,2838 1715,2838 1759,2838 1803,2841 1847,2841 1891,2841 1935,2838 1979,2838 2023,2838 2068,2835"/>
                <TextEquiv>
                    <Unicode>wayte hoſpodinu na huſlech a na žalta¬</Unicode>
                </TextEquiv>
            </TextLine>
            <TextLine id="tr_1_tl_81" custom="readingOrder {index:39;}">
                <Coords points="1183,2923 2063,2924 2065,2860 2015,2856 1185,2871"/>
                <Baseline points="1190,2907 1233,2902 1277,2904 1321,2903 1365,2901 1409,2901 1453,2902 1497,2904 1541,2904 1585,2903 1629,2901 1672,2901 1716,2901 1760,2901 1804,2901 1848,2901 1892,2901 1936,2901 1980,2895 2024,2898 2068,2895"/>
                <TextEquiv>
                    <Unicode>rzy : o deſyeti ſtrunach prozpiewugte</Unicode>
                </TextEquiv>
            </TextLine>
            <TextLine id="tr_1_tl_83" custom="readingOrder {index:40;}">
                <Coords points="1179,2985 2051,2970 2051,2925 1983,2916 1179,2931"/>
                <Baseline points="1185,2966 1228,2966 1271,2968 1315,2966 1358,2964 1402,2963 1445,2962 1488,2964 1532,2964 1575,2964 1619,2964 1662,2964 1705,2964 1749,2964 1792,2964 1836,2964 1879,2964 1922,2961 1966,2958 2009,2958 2053,2952"/>
                <TextEquiv>
                    <Unicode>gemu • Zpiewayte mu pieſen nowu •</Unicode>
                </TextEquiv>
            </TextLine>
            <TextLine id="tr_1_tl_85" custom="readingOrder {index:41;}">
                <Coords points="1181,3040 2065,3045 2065,2961 1912,2990 1181,2989"/>
                <Baseline points="1187,3026 1231,3026 1275,3029 1319,3029 1363,3026 1407,3026 1451,3026 1495,3026 1539,3023 1583,3023 1627,3023 1671,3025 1715,3026 1759,3024 1803,3023 1847,3023 1891,3023 1935,3023 1979,3021 2023,3022 2068,3026"/>
                <TextEquiv>
                    <Unicode>dobrze prozpiewugte mu w zwucžnych</Unicode>
                </TextEquiv>
            </TextLine>
            <TextLine id="tr_1_tl_87" custom="readingOrder {index:42;}">
                <Coords points="1175,3106 2006,3110 2065,3102 2066,3046 1175,3046"/>
                <Baseline points="1182,3092 1226,3092 1270,3092 1314,3092 1359,3092 1403,3089 1447,3086 1492,3086 1536,3089 1580,3089 1625,3089 1669,3089 1713,3086 1757,3083 1802,3083 1846,3086 1890,3083 1935,3083 1979,3083 2023,3083 2068,3083"/>
                <TextEquiv>
                    <Unicode>hlaſiech • Nebṫ przie mie geſt ſlowo pa¬</Unicode>
                </TextEquiv>
            </TextLine>
            <TextLine id="tr_1_tl_90" custom="readingOrder {index:43;}">
                <Coords points="1172,3167 2068,3153 2068,3099 1958,3091 1733,3120 1173,3106"/>
                <Baseline points="1179,3155 1223,3155 1268,3155 1312,3155 1357,3152 1402,3152 1446,3152 1491,3155 1535,3152 1580,3149 1625,3149 1669,3149 1714,3146 1758,3146 1803,3149 1848,3146 1892,3146 1937,3143 1981,3143 2026,3146 2071,3143"/>
                <TextEquiv>
                    <Unicode>nie : a wſſickni ſkutkowe geho v wierze</Unicode>
                </TextEquiv>
            </TextLine>
            <TextLine id="tr_1_tl_91" custom="readingOrder {index:44;}">
                <Coords points="1187,3225 2063,3218 2043,3152 1187,3169"/>
                <Baseline points="1193,3214 1236,3214 1280,3214 1323,3214 1367,3214 1411,3214 1454,3214 1498,3214 1541,3214 1585,3214 1629,3213 1672,3211 1716,3211 1759,3211 1803,3211 1847,3214 1890,3211 1934,3208 1977,3205 2021,3205 2065,3205"/>
                <TextEquiv>
                    <Unicode>Milugeť miloſrdenſtwie y ſaud : milo¬</Unicode>
                </TextEquiv>
            </TextLine>
            <TextLine id="tr_1_tl_93" custom="readingOrder {index:45;}">
                <Coords points="1186,3321 2065,3285 2066,3222 2001,3212 1498,3249 1188,3224"/>
                <Baseline points="1193,3283 1236,3280 1280,3280 1324,3280 1368,3280 1411,3280 1455,3280 1499,3280 1543,3279 1586,3277 1630,3276 1674,3273 1718,3270 1761,3268 1805,3271 1849,3271 1893,3271 1936,3271 1980,3271 2024,3268 2068,3265"/>
                <TextEquiv>
                    <Unicode>ſrdenſtwie panie plna geſt zemie • Sſo¬</Unicode>
                </TextEquiv>
            </TextLine>
            <TextLine id="tr_1_tl_95" custom="readingOrder {index:46;}">
                <Coords points="1900,3371 1911,3374 1929,3365 1947,3369 1974,3361 1993,3371 2003,3365 2023,3370 2022,3282 2011,3279 1979,3286 1969,3278 1946,3286 1924,3275 1913,3283 1898,3284"/>
                <Baseline points="1906,3327 1936,3330 1966,3331 1996,3331 2026,3328"/>
                <TextEquiv>
                    <Unicode></Unicode>
                </TextEquiv>
            </TextLine>
            <TextEquiv>
                <Unicode></Unicode>
            </TextEquiv>
        </TextRegion>
        <TextRegion orientation="0.0" id="tr_2" custom="readingOrder {index:2;}">
            <Coords points="2116,102 2116,473 2364,473 2364,102"/>
            <TextEquiv>
                <Unicode></Unicode>
            </TextEquiv>
        </TextRegion>
    </Page>
</PcGts>
