<?xml version="1.0" encoding="UTF-8" standalone="yes"?>
<PcGts xmlns="http://schema.primaresearch.org/PAGE/gts/pagecontent/2013-07-15" xmlns:xsi="http://www.w3.org/2001/XMLSchema-instance" xsi:schemaLocation="http://schema.primaresearch.org/PAGE/gts/pagecontent/2013-07-15 http://schema.primaresearch.org/PAGE/gts/pagecontent/2013-07-15/pagecontent.xsd">
    <Metadata>
        <Creator>prov=READ-COOP:name=PyLaia@TranskribusPlatform:version=2.20.0:model_id=239049:lm=none:date=11_12_2024_12:38</Creator>
        <Created>2024-11-22T17:31:52.493+01:00</Created>
        <LastChange>2024-12-12T22:43:22.173+01:00</LastChange>
        <TranskribusMetadata docId="5363448" pageId="84625928" pageNr="502" tsid="212144318" status="GT" userId="100969" imgUrl="https://files.transkribus.eu/Get?id=NTNCXZCUEQPCLDCIIGWYHSIC&amp;fileType=view" xmlUrl="https://files.transkribus.eu/Get?id=XSWGOWRLXOEKIDUDOZKGYKOK" imageId="69898028"/>
    </Metadata>
    <Page imageFilename="DTL_547662-0503.jpeg" imageWidth="2530" imageHeight="3955">
        <ReadingOrder>
            <OrderedGroup id="ro_1734605779906" caption="Regions reading order">
                <RegionRefIndexed index="0" regionRef="r_2"/>
                <RegionRefIndexed index="1" regionRef="r_14"/>
                <RegionRefIndexed index="2" regionRef="r_612"/>
            </OrderedGroup>
        </ReadingOrder>
        <TextRegion id="r_2" custom="readingOrder {index:0;}">
            <Coords points="1003,120 1217,120 1217,215 1003,215"/>
            <TextLine id="l_122" custom="readingOrder {index:0;}">
                <Coords points="1006,177 1061,203 1129,192 1182,203 1211,192 1211,121 1184,125 1149,112 1125,115 1106,99 1083,115 1040,107 1006,118"/>
                <Baseline points="1012,159 1212,159 1214,159"/>
                <TextEquiv>
                    <Unicode>Yudith</Unicode>
                </TextEquiv>
            </TextLine>
            <TextEquiv>
                <Unicode></Unicode>
            </TextEquiv>
        </TextRegion>
        <TextRegion id="r_14" custom="readingOrder {index:1;}">
            <Coords points="190,281 1081,281 1081,3256 190,3256"/>
            <TextLine id="l_129" custom="readingOrder {index:0;}">
                <Coords points="192,379 1074,359 1074,308 1010,280 793,302 584,264 193,314"/>
                <Baseline points="199,342 1076,335"/>
                <TextEquiv>
                    <Unicode>w gednotu : y wſtupili na tyto wſſecky</Unicode>
                </TextEquiv>
            </TextLine>
            <TextLine id="l_136" custom="readingOrder {index:1;} abbrev {offset:27; length:10;expansion:Ieruzalemem;}">
                <Coords points="191,428 1075,423 1057,357 192,379"/>
                <Baseline points="197,410 1078,401"/>
                <TextEquiv>
                    <Unicode>hory : a opiet zaſe wladnu Ieruzalemē</Unicode>
                </TextEquiv>
            </TextLine>
            <TextLine id="l_145" custom="readingOrder {index:2;}">
                <Coords points="193,502 957,475 1071,507 1064,420 453,414 276,453 194,429"/>
                <Baseline points="199,474 1075,458"/>
                <TextEquiv>
                    <Unicode>kdeżto gſu ſwate wieczy gich : Protož</Unicode>
                </TextEquiv>
            </TextLine>
            <TextLine id="l_154" custom="readingOrder {index:3;}">
                <Coords points="190,563 1075,545 1075,507 955,475 191,515"/>
                <Baseline points="197,536 1078,524"/>
                <TextEquiv>
                    <Unicode>nynie pane muoy zeptay ſe geſtli ktera</Unicode>
                </TextEquiv>
            </TextLine>
            <TextLine id="l_163" custom="readingOrder {index:4;}">
                <Coords points="190,624 546,600 675,624 721,594 1076,618 1076,572 1001,541 190,574"/>
                <Baseline points="196,595 1078,585"/>
                <TextEquiv>
                    <Unicode>neprawoſt gich · przed twarzy boha</Unicode>
                </TextEquiv>
            </TextLine>
            <TextLine id="l_172" custom="readingOrder {index:5;}">
                <Coords points="189,688 507,659 564,687 679,661 1075,677 1076,626 970,608 348,608 190,643"/>
                <Baseline points="196,658 1078,642"/>
                <TextEquiv>
                    <Unicode>gich : boiugmež proti nim nebo podda¬</Unicode>
                </TextEquiv>
            </TextLine>
            <TextLine id="l_181" custom="readingOrder {index:6;}">
                <Coords points="184,758 501,723 814,753 1075,730 1075,677 971,664 185,685"/>
                <Baseline points="192,721 1078,705"/>
                <TextEquiv>
                    <Unicode>da podda ge tobie pan buoh gich a bu¬</Unicode>
                </TextEquiv>
            </TextLine>
            <TextLine id="l_190" custom="readingOrder {index:7;}">
                <Coords points="190,792 1077,800 1077,731 1024,725 190,758"/>
                <Baseline points="196,776 1080,764"/>
                <TextEquiv>
                    <Unicode>duṫ podmaneni pod gho moċy twe A</Unicode>
                </TextEquiv>
            </TextLine>
            <TextLine id="l_199" custom="readingOrder {index:8;}">
                <Coords points="193,877 1077,849 1060,810 944,788 193,816"/>
                <Baseline points="199,844 1080,832"/>
                <TextEquiv>
                    <Unicode>pakli lid tento nerozhniewal pana boha</Unicode>
                </TextEquiv>
            </TextLine>
            <TextLine id="l_208" custom="readingOrder {index:9;}">
                <Coords points="194,938 366,911 1018,931 1066,910 1067,870 195,878"/>
                <Baseline points="201,904 1070,889"/>
                <TextEquiv>
                    <Unicode>ſweho · nebudem moczy odolati gim ·</Unicode>
                </TextEquiv>
            </TextLine>
            <TextLine id="l_248" custom="readingOrder {index:10;}">
                <Coords points="195,985 1072,975 1028,925 823,913 197,938"/>
                <Baseline points="202,965 1073,957 1071,959"/>
                <TextEquiv>
                    <Unicode>nebo pan buoh gich branitiṫ bude ge a</Unicode>
                </TextEquiv>
            </TextLine>
            <TextLine id="l_255" custom="readingOrder {index:11;}">
                <Coords points="194,1059 915,1032 1069,1064 1069,998 937,963 859,990 194,984"/>
                <Baseline points="201,1023 1071,1022"/>
                <TextEquiv>
                    <Unicode>budem w pohanieni wſſie zemi : Teh¬</Unicode>
                </TextEquiv>
            </TextLine>
            <TextLine id="l_265" custom="readingOrder {index:12;}">
                <Coords points="193,1103 1045,1111 1063,1066 920,1034 194,1051"/>
                <Baseline points="199,1085 1065,1078"/>
                <TextEquiv>
                    <Unicode>dy ſtalo ſe geſt · když przeſtal mluwiti</Unicode>
                </TextEquiv>
            </TextLine>
            <TextLine id="l_275" custom="readingOrder {index:13;}">
                <Coords points="188,1174 1035,1182 1068,1170 1069,1113 189,1114"/>
                <Baseline points="194,1146 1071,1141"/>
                <TextEquiv>
                    <Unicode>Achior ſlowa tato : rozhniewali ſe wſſic¬</Unicode>
                </TextEquiv>
            </TextLine>
            <TextLine id="l_289" custom="readingOrder {index:14;}">
                <Coords points="193,1234 956,1241 1068,1232 1069,1177 193,1179"/>
                <Baseline points="199,1206 1071,1202 1071,1200"/>
                <TextEquiv>
                    <Unicode>kni kniežata Olofernowi · a myſlili za¬</Unicode>
                </TextEquiv>
            </TextLine>
            <TextLine id="l_299" custom="readingOrder {index:15;}">
                <Coords points="195,1298 1059,1292 1059,1231 1027,1228 195,1235"/>
                <Baseline points="202,1270 1060,1266"/>
                <TextEquiv>
                    <Unicode>biti ho · rzkucze geden k druhemu: Y</Unicode>
                </TextEquiv>
            </TextLine>
            <TextLine id="l_318" custom="readingOrder {index:16;}">
                <Coords points="195,1364 1061,1359 1061,1306 947,1290 195,1309"/>
                <Baseline points="202,1324 1060,1326 1060,1323 1060,1323"/>
                <TextEquiv>
                    <Unicode>kto geſt tento geſſto prawi · že by ſyno¬</Unicode>
                </TextEquiv>
            </TextLine>
            <TextLine id="l_328" custom="readingOrder {index:17;}">
                <Coords points="195,1406 1060,1412 1003,1347 195,1372"/>
                <Baseline points="202,1386 1063,1388"/>
                <TextEquiv>
                    <Unicode>we Yzrahelſſtii mohli odolati krali Na¬</Unicode>
                </TextEquiv>
            </TextLine>
            <TextLine id="l_360" custom="readingOrder {index:18;}">
                <Coords points="173,1458 257,1489 619,1464 721,1494 1036,1486 1059,1416 173,1416"/>
                <Baseline points="179,1457 1062,1447"/>
                <TextEquiv>
                    <Unicode>bochodonozorowi y woyſkam geho · li¬</Unicode>
                </TextEquiv>
            </TextLine>
            <TextLine id="l_374" custom="readingOrder {index:19;}">
                <Coords points="194,1539 1063,1540 1063,1495 1009,1475 194,1475"/>
                <Baseline points="201,1521 1065,1521 1065,1520"/>
                <TextEquiv>
                    <Unicode>dee bez odienie · mdlii · a nevmiegicze</Unicode>
                </TextEquiv>
            </TextLine>
            <TextLine id="l_381" custom="readingOrder {index:20;}">
                <Coords points="193,1606 1068,1592 1038,1541 193,1539"/>
                <Baseline points="199,1580 1071,1583"/>
                <TextEquiv>
                    <Unicode>boiowati : Protož aṫ pozna Achior že</Unicode>
                </TextEquiv>
            </TextLine>
            <TextLine id="l_388" custom="readingOrder {index:21;} abbrev {offset:13; length:7;expansion:potahnem;}">
                <Coords points="194,1664 1038,1677 1059,1602 194,1601"/>
                <Baseline points="201,1644 1062,1636"/>
                <TextEquiv>
                    <Unicode>klama nami : potahnē na hory · a když</Unicode>
                </TextEquiv>
            </TextLine>
            <TextLine id="l_395" custom="readingOrder {index:22;}">
                <Coords points="197,1740 487,1718 947,1741 986,1713 1050,1731 1051,1676 198,1677"/>
                <Baseline points="204,1717 1054,1706"/>
                <TextEquiv>
                    <Unicode>zgimani budu moczni gich · tehdy y on</Unicode>
                </TextEquiv>
            </TextLine>
            <TextLine id="l_402" custom="readingOrder {index:23;}">
                <Coords points="200,1781 1055,1788 1055,1733 986,1713 948,1741 498,1716 200,1741"/>
                <Baseline points="206,1773 1058,1764"/>
                <TextEquiv>
                    <Unicode>mecżem proboden bude : aṫ wiedie wſſic¬</Unicode>
                </TextEquiv>
            </TextLine>
            <TextLine id="l_409" custom="readingOrder {index:24;} abbrev {offset:33; length:2;expansion:gest;}">
                <Coords points="198,1849 1051,1846 1042,1781 979,1809 198,1780"/>
                <Baseline points="204,1833 1054,1830"/>
                <TextEquiv>
                    <Unicode>kni narodowe : že Nabochodonozor ḡt</Unicode>
                </TextEquiv>
            </TextLine>
            <TextLine id="l_416" custom="readingOrder {index:25;}">
                <Coords points="194,1912 1049,1922 1037,1850 194,1849"/>
                <Baseline points="201,1893 1051,1895"/>
                <TextEquiv>
                    <Unicode>buoh zemie · a krom nieho ginehoṫ ne¬</Unicode>
                </TextEquiv>
            </TextLine>
            <TextLine id="l_423" custom="readingOrder {index:26;}">
                <Coords points="200,1998 325,1990 380,1958 476,1985 687,1980 719,1954 746,1977 851,1975 844,1914 704,1916 673,1945 607,1905 469,1907 370,1946 268,1912 200,1927"/>
                <Baseline points="206,1952 854,1955"/>
                <TextEquiv>
                    <Unicode>nie · Capitola · VI ·</Unicode>
                </TextEquiv>
            </TextLine>
            <TextLine id="l_430" custom="readingOrder {index:27;}">
                <Coords points="334,2029 626,2029 709,2057 794,2031 1035,2032 1035,1950 945,1985 890,1958 852,1982 715,1957 693,1980 476,1985 334,1959"/>
                <Baseline points="341,2023 1038,2018"/>
                <TextEquiv>
                    <Unicode>ehdy ſtalo ſe geſt · když ſu pṙe¬</Unicode>
                </TextEquiv>
            </TextLine>
            <TextLine id="l_437" custom="readingOrder {index:28;}">
                <Coords points="351,2103 1051,2098 1050,2042 1016,2031 973,2050 793,2031 710,2058 350,2023"/>
                <Baseline points="356,2072 1053,2078"/>
                <TextEquiv>
                    <Unicode>ſtali mluwiti : Rozhniewaw ſe</Unicode>
                </TextEquiv>
            </TextLine>
            <TextLine id="l_444" custom="readingOrder {index:29;}">
                <Coords points="294,2170 568,2145 662,2175 1034,2164 1034,2102 973,2089 854,2114 348,2093 295,2116"/>
                <Baseline points="301,2143 1036,2138"/>
                <TextEquiv>
                    <Unicode>naramnie Olofernes · rzekl ge</Unicode>
                </TextEquiv>
            </TextLine>
            <TextLine id="l_451" custom="readingOrder {index:30;}">
                <Coords points="193,2207 1046,2218 1020,2158 737,2179 193,2142"/>
                <Baseline points="199,2191 1049,2196"/>
                <TextEquiv>
                    <Unicode>k Achiorowi : že ſy nam prorokowal</Unicode>
                </TextEquiv>
            </TextLine>
            <TextLine id="l_458" custom="readingOrder {index:31;}">
                <Coords points="198,2278 977,2297 1035,2289 1035,2234 197,2225"/>
                <Baseline points="204,2249 1038,2264"/>
                <TextEquiv>
                    <Unicode>rzka: Ze lid Yzrabelſky obranien bude</Unicode>
                </TextEquiv>
            </TextLine>
            <TextLine id="l_465" custom="readingOrder {index:32;}">
                <Coords points="203,2327 1038,2342 1014,2280 203,2285"/>
                <Baseline points="210,2319 1040,2320"/>
                <TextEquiv>
                    <Unicode>od boha ſweho · aṫ okaži tobie že nenie</Unicode>
                </TextEquiv>
            </TextLine>
            <TextLine id="l_472" custom="readingOrder {index:33;}">
                <Coords points="203,2404 1044,2418 1029,2341 898,2364 202,2327"/>
                <Baseline points="210,2373 1047,2379"/>
                <TextEquiv>
                    <Unicode>boha gedine Nabochodonozor · když</Unicode>
                </TextEquiv>
            </TextLine>
            <TextLine id="l_479" custom="readingOrder {index:34;}">
                <Coords points="200,2468 1049,2466 1049,2418 1001,2408 200,2415"/>
                <Baseline points="206,2439 1051,2437"/>
                <TextEquiv>
                    <Unicode>ge zmordugem wſſeczky iako gednoho</Unicode>
                </TextEquiv>
            </TextLine>
            <TextLine id="l_486" custom="readingOrder {index:35;} abbrev {offset:23; length:5;expansion:mecżem;}">
                <Coords points="162,2511 233,2537 1035,2547 1043,2469 834,2450 800,2477 415,2481 249,2454 160,2492"/>
                <Baseline points="168,2501 1047,2514"/>
                <TextEquiv>
                    <Unicode>cżlowieka · tehdy y ty mecżē a ſſyrſkych</Unicode>
                </TextEquiv>
            </TextLine>
            <TextLine id="l_493" custom="readingOrder {index:36;}">
                <Coords points="195,2582 955,2611 1044,2591 1044,2550 837,2548 797,2521 618,2549 194,2527"/>
                <Baseline points="202,2561 1047,2567"/>
                <TextEquiv>
                    <Unicode>zamordowan budes · a weſſken lid yzra¬</Unicode>
                </TextEquiv>
            </TextLine>
            <TextLine id="l_500" custom="readingOrder {index:37;}">
                <Coords points="198,2650 1050,2665 1050,2599 198,2582"/>
                <Baseline points="204,2627 1051,2632"/>
                <TextEquiv>
                    <Unicode>helſky s tebu zahynutim pomine · a po¬</Unicode>
                </TextEquiv>
            </TextLine>
            <TextLine id="l_522" custom="readingOrder {index:38;} abbrev {offset:24; length:2;expansion:gest;}">
                <Coords points="197,2712 1008,2732 1064,2706 1064,2666 195,2650"/>
                <Baseline points="202,2691 1036,2696 1067,2692 1067,2692 1062,2696"/>
                <TextEquiv>
                    <Unicode>znaſs že Nabochodonozor ḡt pan wſſie</Unicode>
                </TextEquiv>
            </TextLine>
            <TextLine id="l_529" custom="readingOrder {index:39;}">
                <Coords points="195,2768 1050,2782 1050,2719 195,2723"/>
                <Baseline points="202,2749 1053,2753"/>
                <TextEquiv>
                    <Unicode>zemie · Tehdaž když boiowniczy mogi</Unicode>
                </TextEquiv>
            </TextLine>
            <TextLine id="l_536" custom="readingOrder {index:40;}">
                <Coords points="193,2842 1069,2840 1057,2783 193,2781"/>
                <Baseline points="199,2809 1071,2820"/>
                <TextEquiv>
                    <Unicode>protknu mecżem boky twe · a gſa pro¬</Unicode>
                </TextEquiv>
            </TextLine>
            <TextLine id="l_568" custom="readingOrder {index:41;}">
                <Coords points="194,2891 1035,2917 1052,2849 193,2842"/>
                <Baseline points="199,2871 1056,2889"/>
                <TextEquiv>
                    <Unicode>boden mecżem padneſs mezy ranieny¬</Unicode>
                </TextEquiv>
            </TextLine>
            <TextLine id="l_575" custom="readingOrder {index:42;}">
                <Coords points="195,2957 1045,2972 1044,2911 1014,2904 653,2927 603,2896 194,2891"/>
                <Baseline points="202,2935 1047,2950"/>
                <TextEquiv>
                    <Unicode>mi lidu Yzrahelſkeho · a nepowſtaneſs</Unicode>
                </TextEquiv>
            </TextLine>
            <TextLine id="l_582" custom="readingOrder {index:43;}">
                <Coords points="195,3019 982,3039 1042,3032 1041,2965 789,2988 194,2956"/>
                <Baseline points="201,3001 1045,3012"/>
                <TextEquiv>
                    <Unicode>wiecz · až y ſhlazen budeſs s nimi · A</Unicode>
                </TextEquiv>
            </TextLine>
            <TextLine id="l_589" custom="readingOrder {index:44;}">
                <Coords points="194,3082 1044,3092 1044,3037 1015,3028 194,3027"/>
                <Baseline points="201,3070 1047,3072"/>
                <TextEquiv>
                    <Unicode>pakli prorocztwie twe maſs za prawee</Unicode>
                </TextEquiv>
            </TextLine>
            <TextLine id="l_596" custom="readingOrder {index:45;}">
                <Coords points="194,3138 1050,3157 1048,3093 1018,3087 796,3111 193,3080"/>
                <Baseline points="199,3116 1051,3139"/>
                <TextEquiv>
                    <Unicode>nezmieňug ſe twarz twa · a zbledienie</Unicode>
                </TextEquiv>
            </TextLine>
            <TextLine id="l_603" custom="readingOrder {index:46;}">
                <Coords points="192,3219 878,3245 1051,3233 1050,3164 190,3138"/>
                <Baseline points="197,3187 1054,3205"/>
                <TextEquiv>
                    <Unicode>kterež geſt na twarzi twe odſtupiž od te¬</Unicode>
                </TextEquiv>
            </TextLine>
            <TextEquiv>
                <Unicode></Unicode>
            </TextEquiv>
        </TextRegion>
        <TextRegion id="r_612" custom="readingOrder {index:2;}">
            <Coords points="1127,271 2052,271 2052,3290 1127,3290"/>
            <TextLine id="l_620" custom="readingOrder {index:0;}">
                <Coords points="1125,362 2028,371 2027,310 1954,294 1124,296"/>
                <Baseline points="1132,364 2030,366"/>
                <TextEquiv>
                    <Unicode>be : Geſtli że pak mniſs · že by tato ſlo¬</Unicode>
                </TextEquiv>
            </TextLine>
            <TextLine id="l_627" custom="readingOrder {index:1;}">
                <Coords points="1132,414 1476,446 2029,436 2002,368 1132,380"/>
                <Baseline points="1138,408 2032,413"/>
                <TextEquiv>
                    <Unicode>wa ma nemohla ſe naplniti Ale zwieſs</Unicode>
                </TextEquiv>
            </TextLine>
            <TextLine id="l_634" custom="readingOrder {index:2;}">
                <Coords points="1133,488 2028,501 2027,438 1133,432"/>
                <Baseline points="1140,468 2030,481"/>
                <TextEquiv>
                    <Unicode>że ſpolu ſ nimi tiech wieczii zkuſyſs · ay</Unicode>
                </TextEquiv>
            </TextLine>
            <TextLine id="l_641" custom="readingOrder {index:3;}">
                <Coords points="1137,558 2040,547 2039,515 1912,494 1136,490"/>
                <Baseline points="1143,532 2041,548"/>
                <TextEquiv>
                    <Unicode>z teto hodiny budeſs lidu gich przitowa¬</Unicode>
                </TextEquiv>
            </TextLine>
            <TextLine id="l_648" custom="readingOrder {index:4;}">
                <Coords points="1135,614 1971,631 2034,616 2033,560 1133,560"/>
                <Baseline points="1140,595 2037,606"/>
                <TextEquiv>
                    <Unicode>rziſſen · aby když oni hodnie mym me¬</Unicode>
                </TextEquiv>
            </TextLine>
            <TextLine id="l_659" custom="readingOrder {index:5;}">
                <Coords points="1139,678 1972,699 2031,675 2011,615 1139,618"/>
                <Baseline points="1145,657 2030,668 2030,666"/>
                <TextEquiv>
                    <Unicode>cżem mordowani budu aby ty take tuž</Unicode>
                </TextEquiv>
            </TextLine>
            <TextLine id="l_666" custom="readingOrder {index:6;}">
                <Coords points="1133,737 2020,742 2020,679 1133,679"/>
                <Baseline points="1140,719 2023,721"/>
                <TextEquiv>
                    <Unicode>pomſtu wzal : Tehdy Olofernes przi¬</Unicode>
                </TextEquiv>
            </TextLine>
            <TextLine id="l_673" custom="readingOrder {index:7;}">
                <Coords points="1137,799 2018,798 2017,745 1970,739 1720,762 1136,739"/>
                <Baseline points="1143,774 2021,785"/>
                <TextEquiv>
                    <Unicode>kazal ſlužebnikom ſwym · aby yali A¬</Unicode>
                </TextEquiv>
            </TextLine>
            <TextLine id="l_684" custom="readingOrder {index:8;}">
                <Coords points="1132,858 2032,862 2032,806 1982,801 1132,800"/>
                <Baseline points="1138,848 2035,850 2030,848"/>
                <TextEquiv>
                    <Unicode>chyora · a wedli gey do Mieſta betulie</Unicode>
                </TextEquiv>
            </TextLine>
            <TextLine id="l_691" custom="readingOrder {index:9;}">
                <Coords points="1137,923 2014,948 2023,869 1136,859"/>
                <Baseline points="1143,901 2026,912"/>
                <TextEquiv>
                    <Unicode>a dali gey w ruce ſynow Izrahelſkych</Unicode>
                </TextEquiv>
            </TextLine>
            <TextLine id="l_698" custom="readingOrder {index:10;}">
                <Coords points="1132,981 1888,999 2020,993 2020,947 1131,919"/>
                <Baseline points="1138,965 2023,972"/>
                <TextEquiv>
                    <Unicode>A wzawſſe gey ſlužebnicy Oloferno¬</Unicode>
                </TextEquiv>
            </TextLine>
            <TextLine id="l_705" custom="readingOrder {index:11;}">
                <Coords points="1130,1033 2026,1064 2025,991 1980,985 1130,986"/>
                <Baseline points="1136,1032 2028,1043"/>
                <TextEquiv>
                    <Unicode>wi · ſſli ſu przes pole : a když przibližili</Unicode>
                </TextEquiv>
            </TextLine>
            <TextLine id="l_712" custom="readingOrder {index:12;}">
                <Coords points="1130,1119 1387,1097 2010,1130 2009,1068 1931,1049 1381,1066 1129,1036"/>
                <Baseline points="1136,1087 2012,1103"/>
                <TextEquiv>
                    <Unicode>ſe k horam wybiehli proti nim pracżata</Unicode>
                </TextEquiv>
            </TextLine>
            <TextLine id="l_719" custom="readingOrder {index:13;}">
                <Coords points="1130,1174 2014,1173 1982,1112 1130,1119"/>
                <Baseline points="1136,1152 2017,1158"/>
                <TextEquiv>
                    <Unicode>ale oni vchyliwſſe ſe od ſtrany huory ·</Unicode>
                </TextEquiv>
            </TextLine>
            <TextLine id="l_726" custom="readingOrder {index:14;}">
                <Coords points="1141,1227 2018,1231 2007,1174 1141,1176"/>
                <Baseline points="1147,1218 2021,1227"/>
                <TextEquiv>
                    <Unicode>vwazali ſu Achyora k drzewu za rucze</Unicode>
                </TextEquiv>
            </TextLine>
            <TextLine id="l_742" custom="readingOrder {index:15;}">
                <Coords points="1133,1296 2023,1297 2014,1231 1669,1253 1132,1228"/>
                <Baseline points="1140,1276 2026,1289 2028,1287 2028,1287"/>
                <TextEquiv>
                    <Unicode>y za nohy · a tak ſwazawſſe gey hauž¬</Unicode>
                </TextEquiv>
            </TextLine>
            <TextLine id="l_749" custom="readingOrder {index:16;}">
                <Coords points="1138,1358 2020,1367 2019,1318 1971,1292 1137,1296"/>
                <Baseline points="1143,1345 2023,1360"/>
                <TextEquiv>
                    <Unicode>wemi nechali ho a nawratili ſe zaſe ku</Unicode>
                </TextEquiv>
            </TextLine>
            <TextLine id="l_756" custom="readingOrder {index:17;}">
                <Coords points="1121,1418 2013,1414 2013,1358 1121,1362"/>
                <Baseline points="1127,1409 2015,1413"/>
                <TextEquiv>
                    <Unicode>panu ſwemu : Tehdy ſynowe Yzra¬</Unicode>
                </TextEquiv>
            </TextLine>
            <TextLine id="l_763" custom="readingOrder {index:18;}">
                <Coords points="1130,1475 2027,1481 2027,1417 2000,1415 1130,1425"/>
                <Baseline points="1136,1464 2030,1471"/>
                <TextEquiv>
                    <Unicode>helſſtii wyſſedſſe z betulii prziſſli gſu</Unicode>
                </TextEquiv>
            </TextLine>
            <TextLine id="l_770" custom="readingOrder {index:19;}">
                <Coords points="1124,1537 2022,1541 2020,1485 1122,1478"/>
                <Baseline points="1129,1518 2023,1538"/>
                <TextEquiv>
                    <Unicode>k niemu · kterehož rozwazawſſe prziwe¬</Unicode>
                </TextEquiv>
            </TextLine>
            <TextLine id="l_777" custom="readingOrder {index:20;} abbrev {offset:38; length:2; continued:true;expansion:prostrzed;}">
                <Coords points="1128,1599 2018,1603 2017,1551 1958,1542 1488,1565 1440,1533 1128,1535"/>
                <Baseline points="1134,1586 2021,1597"/>
                <TextEquiv>
                    <Unicode>dli do bethulii : a poſtawiwſſe gey v ꝓ¬</Unicode>
                </TextEquiv>
            </TextLine>
            <TextLine id="l_784" custom="readingOrder {index:21;} abbrev {offset:0; length:6; continued:true;expansion:prostrzed;}">
                <Coords points="1128,1668 1903,1672 2013,1663 2034,1626 1127,1598"/>
                <Baseline points="1134,1642 2037,1655"/>
                <TextEquiv>
                    <Unicode>ſtrzed lidu · tazali ſe ho · czo ge toho že</Unicode>
                </TextEquiv>
            </TextLine>
            <TextLine id="l_795" custom="readingOrder {index:22;}">
                <Coords points="1131,1726 2017,1747 2003,1658 1131,1666"/>
                <Baseline points="1137,1708 2020,1715 2020,1717"/>
                <TextEquiv>
                    <Unicode>ſu ho tu ſwazaneho nechali Aſſyrſſtii</Unicode>
                </TextEquiv>
            </TextLine>
            <TextLine id="l_802" custom="readingOrder {index:23;}">
                <Coords points="1132,1790 1988,1802 2033,1750 1133,1727"/>
                <Baseline points="1139,1769 2034,1765"/>
                <TextEquiv>
                    <Unicode>W tiech dnech biechu tam kniežata Ozi¬</Unicode>
                </TextEquiv>
            </TextLine>
            <TextLine id="l_813" custom="readingOrder {index:24;}">
                <Coords points="1131,1841 2011,1843 2011,1800 1941,1790 1131,1798"/>
                <Baseline points="1137,1835 2013,1835 2018,1828"/>
                <TextEquiv>
                    <Unicode>aſs syn michuow z pokolenie Symeo¬</Unicode>
                </TextEquiv>
            </TextLine>
            <TextLine id="l_871" custom="readingOrder {index:25;} abbrev {offset:37; length:2; continued:true;expansion:protož;}">
                <Coords points="1131,1911 2008,1916 2008,1869 1907,1844 1131,1855"/>
                <Baseline points="1137,1891 2011,1902"/>
                <TextEquiv>
                    <Unicode>na · a karim kteryž ſlul Gothomiel · ꝓ¬</Unicode>
                </TextEquiv>
            </TextLine>
            <TextLine id="l_878" custom="readingOrder {index:26;} abbrev {offset:0; length:3; continued:true;expansion:protož;}">
                <Coords points="1124,1973 2010,1974 2010,1923 1884,1905 1767,1931 1124,1923"/>
                <Baseline points="1131,1957 2013,1957"/>
                <TextEquiv>
                    <Unicode>tož y proſtrzedku ſtarſſich a v proſtrzed</Unicode>
                </TextEquiv>
            </TextLine>
            <TextLine id="l_885" custom="readingOrder {index:27;} abbrev {offset:0; length:5;expansion:wſſeho;} textStyle {offset:4; length:1;superscript:true;}">
                <Coords points="1123,2037 1927,2050 2026,2023 2025,1980 1937,1963 1887,1988 1122,1973"/>
                <Baseline points="1129,2011 2028,2020"/>
                <TextEquiv>
                    <Unicode>wſſeo lidu Achior wyprawowal wſſec¬</Unicode>
                </TextEquiv>
            </TextLine>
            <TextLine id="l_892" custom="readingOrder {index:28;}">
                <Coords points="1123,2097 2005,2100 1992,2029 1123,2037"/>
                <Baseline points="1129,2077 2007,2077"/>
                <TextEquiv>
                    <Unicode>ky wieczy ktereż mluwil · když ho tazal</Unicode>
                </TextEquiv>
            </TextLine>
            <TextLine id="l_899" custom="readingOrder {index:29;}">
                <Coords points="1123,2156 1694,2148 1794,2174 2020,2138 1975,2094 1123,2104"/>
                <Baseline points="1129,2136 2022,2138"/>
                <TextEquiv>
                    <Unicode>Olofernes · a kterak lid Olofernuow</Unicode>
                </TextEquiv>
            </TextLine>
            <TextLine id="l_906" custom="readingOrder {index:30;}">
                <Coords points="1123,2215 2020,2228 1999,2149 1123,2172"/>
                <Baseline points="1129,2199 2022,2199"/>
                <TextEquiv>
                    <Unicode>chtiel gey pro takowu rzecż zabiti · A</Unicode>
                </TextEquiv>
            </TextLine>
            <TextLine id="l_913" custom="readingOrder {index:31;}">
                <Coords points="1124,2278 2017,2272 2017,2229 1974,2218 1124,2215"/>
                <Baseline points="1131,2266 2020,2264"/>
                <TextEquiv>
                    <Unicode>kterak rozhniewaw ſe Olofernes pro ta¬</Unicode>
                </TextEquiv>
            </TextLine>
            <TextLine id="l_920" custom="readingOrder {index:32;}">
                <Coords points="1124,2349 2033,2328 2033,2284 1994,2275 1124,2279"/>
                <Baseline points="1131,2321 2034,2321"/>
                <TextEquiv>
                    <Unicode>kowu wiecz kazal mie dati ſidu Izrahel¬</Unicode>
                </TextEquiv>
            </TextLine>
            <TextLine id="l_927" custom="readingOrder {index:33;}">
                <Coords points="1123,2415 2015,2401 2015,2344 1911,2337 1123,2354"/>
                <Baseline points="1129,2392 2018,2392"/>
                <TextEquiv>
                    <Unicode>ſkemu · aby když by przemohl lid Yzra¬</Unicode>
                </TextEquiv>
            </TextLine>
            <TextLine id="l_934" custom="readingOrder {index:34;}">
                <Coords points="1124,2465 2025,2468 2025,2410 1890,2398 1124,2414"/>
                <Baseline points="1131,2445 2028,2449"/>
                <TextEquiv>
                    <Unicode>heſſky · y mne take Achyora rozlicżny¬</Unicode>
                </TextEquiv>
            </TextLine>
            <TextLine id="l_941" custom="readingOrder {index:35;}">
                <Coords points="1132,2536 2007,2523 2007,2477 1946,2462 1132,2476"/>
                <Baseline points="1139,2518 2009,2512"/>
                <TextEquiv>
                    <Unicode>mi mukami kazal ſhladiti · proto že ſem</Unicode>
                </TextEquiv>
            </TextLine>
            <TextLine id="l_948" custom="readingOrder {index:36;}">
                <Coords points="1132,2594 2019,2596 2020,2517 1806,2550 1605,2522 1133,2536"/>
                <Baseline points="1139,2581 2022,2569"/>
                <TextEquiv>
                    <Unicode>rzekl · Buoh nebeſky geſtit obrancze</Unicode>
                </TextEquiv>
            </TextLine>
            <TextLine id="l_955" custom="readingOrder {index:37;}">
                <Coords points="1131,2661 2023,2651 2023,2598 1992,2588 1131,2594"/>
                <Baseline points="1137,2640 2024,2636"/>
                <TextEquiv>
                    <Unicode>gich · A když Achyor wſſeczky tyto</Unicode>
                </TextEquiv>
            </TextLine>
            <TextLine id="l_962" custom="readingOrder {index:38;}">
                <Coords points="1135,2723 2015,2720 2015,2661 1907,2641 1862,2666 1659,2642 1135,2662"/>
                <Baseline points="1141,2709 2016,2703"/>
                <TextEquiv>
                    <Unicode>rzeċy wyprawil : weſſkeren lid padl na</Unicode>
                </TextEquiv>
            </TextLine>
            <TextLine id="l_969" custom="readingOrder {index:39;}">
                <Coords points="1129,2779 2015,2771 2015,2721 1947,2705 1129,2730"/>
                <Baseline points="1135,2768 2018,2762"/>
                <TextEquiv>
                    <Unicode>twarz klaniegicze ſe panu bohu · a ſpo¬</Unicode>
                </TextEquiv>
            </TextLine>
            <TextLine id="l_980" custom="readingOrder {index:40;}">
                <Coords points="1119,2831 2025,2835 2025,2776 1119,2796"/>
                <Baseline points="1125,2821 2028,2821 2028,2821"/>
                <TextEquiv>
                    <Unicode>lecżnym placżem y kwielenim gedno¬</Unicode>
                </TextEquiv>
            </TextLine>
            <TextLine id="l_987" custom="readingOrder {index:41;} abbrev {offset:31; length:4;expansion:bohem;}">
                <Coords points="1127,2900 2025,2898 2005,2826 1128,2852"/>
                <Baseline points="1133,2890 2028,2884"/>
                <TextEquiv>
                    <Unicode>myſlnie proſby ſwe przed panem bohē</Unicode>
                </TextEquiv>
            </TextLine>
            <TextLine id="l_1003" custom="readingOrder {index:42;}">
                <Coords points="1131,2962 2019,2958 2019,2892 1131,2909"/>
                <Baseline points="1137,2947 2022,2947 2026,2941 2022,2933"/>
                <TextEquiv>
                    <Unicode>wylewali rzkucze : Pane bože nebe y ze¬</Unicode>
                </TextEquiv>
            </TextLine>
            <TextLine id="l_1010" custom="readingOrder {index:43;}">
                <Coords points="1127,3032 2015,3031 2016,2952 1128,2972"/>
                <Baseline points="1133,3014 2018,3008"/>
                <TextEquiv>
                    <Unicode>mie pohled na pychu gich · a wzhledni</Unicode>
                </TextEquiv>
            </TextLine>
            <TextLine id="l_1017" custom="readingOrder {index:44;}">
                <Coords points="1129,3087 2026,3079 2026,3032 1941,3011 1851,3039 1310,3014 1129,3043"/>
                <Baseline points="1135,3073 2028,3059"/>
                <TextEquiv>
                    <Unicode>na naſſi pokoru · a twarzi twych ſwa¬</Unicode>
                </TextEquiv>
            </TextLine>
            <TextLine id="l_1024" custom="readingOrder {index:45;}">
                <Coords points="1135,3156 1876,3163 2013,3135 2015,3074 1136,3092"/>
                <Baseline points="1141,3140 2016,3122"/>
                <TextEquiv>
                    <Unicode>tych pozorug · a okažiž že neopauſſtieſs</Unicode>
                </TextEquiv>
            </TextLine>
            <TextLine id="l_1031" custom="readingOrder {index:46;}">
                <Coords points="1129,3217 1332,3248 1532,3219 1811,3237 1991,3216 2027,3158 1130,3159"/>
                <Baseline points="1135,3203 2028,3191"/>
                <TextEquiv>
                    <Unicode>tiech kterziž w tie dovfagi • a poniżugeš</Unicode>
                </TextEquiv>
            </TextLine>
            <TextEquiv>
                <Unicode></Unicode>
            </TextEquiv>
        </TextRegion>
    </Page>
</PcGts>
