<?xml version="1.0" encoding="UTF-8" standalone="yes"?>
<PcGts xmlns="http://schema.primaresearch.org/PAGE/gts/pagecontent/2013-07-15" xmlns:xsi="http://www.w3.org/2001/XMLSchema-instance" xsi:schemaLocation="http://schema.primaresearch.org/PAGE/gts/pagecontent/2013-07-15 http://schema.primaresearch.org/PAGE/gts/pagecontent/2013-07-15/pagecontent.xsd">
    <Metadata>
        <Creator>prov=READ-COOP:name=PyLaia@TranskribusPlatform:version=2.20.0:model_id=58856:lm=none:date=04_12_2024_12:36</Creator>
        <Created>2024-11-22T17:31:54.806+01:00</Created>
        <LastChange>2024-12-05T22:11:12.516+01:00</LastChange>
        <TranskribusMetadata docId="5363448" pageId="84626453" pageNr="840" tsid="210342427" status="GT" userId="100969" imgUrl="https://files.transkribus.eu/Get?id=SZTTXLQUKWEVGSVMXJJNYIGH&amp;fileType=view" xmlUrl="https://files.transkribus.eu/Get?id=HNEYQZYARLMRMIOCHJIIZZJT" imageId="69898630"/>
    </Metadata>
    <Page imageFilename="DTL_547662-0841.jpeg" imageWidth="2530" imageHeight="3955">
        <ReadingOrder>
            <OrderedGroup id="ro_1734605780692" caption="Regions reading order">
                <RegionRefIndexed index="0" regionRef="tr_1"/>
                <RegionRefIndexed index="1" regionRef="r"/>
            </OrderedGroup>
        </ReadingOrder>
        <TextRegion orientation="0.0" id="tr_1" custom="readingOrder {index:0;}">
            <Coords points="196,275 214,3240 1133,3283 1109,273"/>
            <TextLine id="tr_1_tl_1" custom="readingOrder {index:0;}">
                <Coords points="1056,200 1083,211 1132,193 1179,202 1241,200 1240,125 1185,122 1161,140 1143,140 1118,118 1055,121"/>
                <Baseline points="1062,182 1088,185 1114,188 1140,186 1166,185 1192,185 1218,185 1244,185"/>
                <TextEquiv>
                    <Unicode>Prorok</Unicode>
                </TextEquiv>
            </TextLine>
            <TextLine id="tr_1_tl_2" custom="readingOrder {index:1;}">
                <Coords points="217,382 686,347 741,374 833,347 1083,376 1084,282 1007,259 928,288 531,273 477,297 218,260"/>
                <Baseline points="223,352 266,350 309,347 352,346 395,344 438,341 481,340 525,340 568,340 611,340 654,340 697,340 740,341 783,343 827,343 870,343 913,343 956,343 999,346 1042,346 1086,346"/>
                <TextEquiv>
                    <Unicode>zgewili ſte pṙeſtupowanie waſſe. a vka¬</Unicode>
                </TextEquiv>
            </TextLine>
            <TextLine id="tr_1_tl_4" custom="readingOrder {index:2;}">
                <Coords points="220,441 756,405 1078,430 1078,369 903,353 220,383"/>
                <Baseline points="226,411 268,414 311,409 354,408 396,406 439,405 482,403 524,402 567,400 610,401 653,402 695,402 738,403 781,405 823,406 866,408 909,408 951,408 994,408 1037,411 1080,411"/>
                <TextEquiv>
                    <Unicode>zali ſe hṙiechowe waſſi. we wſſech my¬</Unicode>
                </TextEquiv>
            </TextLine>
            <TextLine id="tr_1_tl_6" custom="readingOrder {index:3;}">
                <Coords points="225,501 1086,492 1086,421 1031,416 963,448 747,411 690,438 550,412 225,436"/>
                <Baseline points="232,477 274,475 317,472 360,469 403,468 446,468 489,466 531,465 574,464 617,465 660,468 703,468 746,468 789,469 831,470 874,469 917,471 960,471 1003,471 1046,474 1089,474"/>
                <TextEquiv>
                    <Unicode>ſſlenich waſſich. pro niežto rzku. že ſte</Unicode>
                </TextEquiv>
            </TextLine>
            <TextLine id="tr_1_tl_8" custom="readingOrder {index:4;}">
                <Coords points="220,566 560,531 1074,554 1074,500 1009,482 220,500"/>
                <Baseline points="226,543 268,540 311,537 353,535 396,532 438,531 481,529 523,528 566,528 608,528 651,528 694,529 736,531 779,531 821,532 864,534 906,534 949,534 991,534 1034,537 1077,534"/>
                <TextEquiv>
                    <Unicode>ſe rozpomenuli. ruku iati budete. Ale ty</Unicode>
                </TextEquiv>
            </TextLine>
            <TextLine id="tr_1_tl_10" custom="readingOrder {index:5;}">
                <Coords points="225,614 1084,612 1084,550 989,544 647,560 559,532 225,568"/>
                <Baseline points="232,602 274,599 317,599 360,597 402,594 445,593 488,592 530,591 573,591 616,591 659,590 701,589 744,591 787,592 829,594 872,596 915,596 957,596 1000,596 1043,599 1086,596"/>
                <TextEquiv>
                    <Unicode>proklety nemiloſtiwy wywodo yzrahel¬</Unicode>
                </TextEquiv>
            </TextLine>
            <TextLine id="tr_1_tl_12" custom="readingOrder {index:6;}">
                <Coords points="223,686 623,685 663,657 1077,674 1077,615 223,617"/>
                <Baseline points="229,665 271,662 314,662 356,660 399,657 441,656 484,656 526,654 569,653 611,653 654,653 697,653 739,653 782,654 824,656 867,656 909,656 952,656 994,659 1037,659 1080,659"/>
                <TextEquiv>
                    <Unicode>ſky gehož den pṙigde w cżaſu neprawo¬</Unicode>
                </TextEquiv>
            </TextLine>
            <TextLine id="tr_1_tl_14" custom="readingOrder {index:7;}">
                <Coords points="220,751 642,722 1078,746 1053,668 220,686"/>
                <Baseline points="226,728 268,725 311,723 354,720 396,721 439,720 482,717 524,716 567,716 610,716 653,716 695,717 738,719 781,719 823,719 866,720 909,722 951,722 994,722 1037,722 1080,725"/>
                <TextEquiv>
                    <Unicode>ſti napṙed vloženy: Toto die pan buoh</Unicode>
                </TextEquiv>
            </TextLine>
            <TextLine id="tr_1_tl_16" custom="readingOrder {index:8;}">
                <Coords points="220,796 1073,791 1048,734 220,751"/>
                <Baseline points="226,785 268,785 310,785 353,782 395,782 438,780 480,781 522,780 565,779 607,779 650,779 692,779 734,778 777,776 819,777 862,780 904,782 946,782 989,785 1031,785 1074,779"/>
                <TextEquiv>
                    <Unicode>Odnes biſkupſku cżepicy. ſegmi koru¬</Unicode>
                </TextEquiv>
            </TextLine>
            <TextLine id="tr_1_tl_18" custom="readingOrder {index:9;} abbrev {offset:10; length:2;expansion:gest;}">
                <Coords points="214,870 564,846 634,873 1074,874 1074,810 987,796 214,805"/>
                <Baseline points="220,853 262,848 305,847 348,845 391,844 434,844 477,842 519,841 562,841 605,841 648,841 691,841 734,841 777,842 819,844 862,844 905,844 948,847 991,847 1034,844 1077,841"/>
                <TextEquiv>
                    <Unicode>nu. Wſſak ḡt to ta geſſto pokorneho po¬</Unicode>
                </TextEquiv>
            </TextLine>
            <TextLine id="tr_1_tl_20" custom="readingOrder {index:10;} abbrev {offset:10; length:8;expansion:wyſokeho;} textStyle {offset:16; length:1;superscript:true;}">
                <Coords points="223,937 546,908 932,941 1072,920 1072,873 852,852 808,877 561,847 223,876"/>
                <Baseline points="229,916 271,910 313,910 355,907 398,907 440,904 482,902 524,901 567,901 609,901 651,903 693,904 736,904 778,904 820,904 862,905 905,907 947,907 989,907 1031,907 1074,904"/>
                <TextEquiv>
                    <Unicode>zdwihla a wyſokeo ponižila. Neprawo¬</Unicode>
                </TextEquiv>
            </TextLine>
            <TextLine id="tr_1_tl_22" custom="readingOrder {index:11;} abbrev {offset:17; length:9;expansion:neprawoſti;}">
                <Coords points="229,989 547,968 646,996 693,973 1068,995 1068,931 934,942 891,916 229,932"/>
                <Baseline points="235,976 276,973 318,972 360,970 402,967 444,967 485,964 527,964 569,964 611,966 653,965 694,964 736,964 778,965 820,967 862,968 903,969 945,968 987,970 1029,970 1071,970"/>
                <TextEquiv>
                    <Unicode>ſti. neprawoſti. nep̃woſti. položim gi</Unicode>
                </TextEquiv>
            </TextLine>
            <TextLine id="tr_1_tl_24" custom="readingOrder {index:12;}">
                <Coords points="223,1048 1074,1059 1074,999 985,985 223,995"/>
                <Baseline points="229,1035 271,1038 313,1035 356,1033 398,1032 441,1030 483,1029 525,1029 568,1027 610,1026 653,1026 695,1027 737,1029 780,1029 822,1029 865,1030 907,1032 949,1032 992,1032 1034,1032 1077,1035"/>
                <TextEquiv>
                    <Unicode>A toto ſe neſtalo doniž nepṙigde ten ge¬</Unicode>
                </TextEquiv>
            </TextLine>
            <TextLine id="tr_1_tl_26" custom="readingOrder {index:13;} abbrev {offset:17; length:4;expansion:gemv;} textStyle {offset:19; length:1;superscript:true;} abbrev {offset:21; length:5;expansion:poddam;}">
                <Coords points="208,1111 1072,1121 1054,1050 208,1047"/>
                <Baseline points="214,1101 257,1099 300,1098 343,1096 386,1093 429,1092 472,1092 515,1092 558,1091 601,1089 644,1090 687,1092 730,1092 773,1092 816,1093 859,1095 902,1095 945,1098 988,1095 1031,1098 1074,1092"/>
                <TextEquiv>
                    <Unicode>hož geſt ſaud. a gev poddā. A ty ſynu</Unicode>
                </TextEquiv>
            </TextLine>
            <TextLine id="tr_1_tl_28" custom="readingOrder {index:14;}">
                <Coords points="217,1175 1069,1174 1069,1122 937,1107 217,1115"/>
                <Baseline points="223,1164 265,1161 307,1158 350,1158 392,1155 435,1155 477,1155 519,1153 562,1152 604,1152 647,1152 689,1152 731,1152 774,1153 816,1155 859,1155 901,1156 943,1158 986,1158 1028,1158 1071,1158"/>
                <TextEquiv>
                    <Unicode>ċlowiecżi prorokug a rcy: Toto die pan</Unicode>
                </TextEquiv>
            </TextLine>
            <TextLine id="tr_1_tl_30" custom="readingOrder {index:15;}">
                <Coords points="217,1235 1081,1231 1081,1174 1052,1172 217,1175"/>
                <Baseline points="223,1226 266,1224 309,1221 352,1220 395,1216 438,1214 481,1214 524,1214 567,1214 610,1214 653,1214 696,1214 739,1214 782,1214 825,1215 868,1218 911,1220 954,1220 997,1220 1040,1220 1083,1223"/>
                <TextEquiv>
                    <Unicode>buoh k ſynom Ammonſkym a k potu¬</Unicode>
                </TextEquiv>
            </TextLine>
            <TextLine id="tr_1_tl_32" custom="readingOrder {index:16;}">
                <Coords points="225,1314 686,1285 1073,1306 1073,1233 500,1221 225,1255"/>
                <Baseline points="232,1286 274,1283 316,1283 358,1280 400,1280 442,1280 484,1278 526,1277 568,1277 610,1277 653,1277 695,1277 737,1277 779,1277 821,1277 863,1278 905,1280 947,1280 989,1283 1031,1286 1074,1283"/>
                <TextEquiv>
                    <Unicode>pie gich. a dieš Mecżi mecżi wygdi z nož¬</Unicode>
                </TextEquiv>
            </TextLine>
            <TextLine id="tr_1_tl_34" custom="readingOrder {index:17;}">
                <Coords points="208,1356 1074,1366 1074,1306 996,1295 388,1288 208,1318"/>
                <Baseline points="214,1352 257,1350 300,1347 343,1344 386,1341 429,1340 472,1340 516,1339 559,1338 602,1340 645,1340 688,1340 731,1341 774,1342 818,1341 861,1343 904,1343 947,1343 990,1346 1033,1346 1077,1346"/>
                <TextEquiv>
                    <Unicode>nicz k zabigeni. zlicż ſe aby zabigel. a</Unicode>
                </TextEquiv>
            </TextLine>
            <TextLine id="tr_1_tl_36" custom="readingOrder {index:18;}">
                <Coords points="220,1440 634,1412 1074,1438 1054,1356 919,1379 396,1351 220,1382"/>
                <Baseline points="226,1414 268,1411 311,1408 353,1406 396,1405 438,1405 481,1405 523,1403 566,1400 608,1401 651,1402 694,1402 736,1402 779,1403 821,1405 864,1406 906,1408 949,1408 991,1408 1034,1408 1077,1411"/>
                <TextEquiv>
                    <Unicode>zaſtkwiel ſe: když tobie wiedieny byly</Unicode>
                </TextEquiv>
            </TextLine>
            <TextLine id="tr_1_tl_38" custom="readingOrder {index:19;}">
                <Coords points="208,1486 1077,1483 1077,1438 926,1413 390,1415 208,1446"/>
                <Baseline points="214,1471 257,1471 300,1468 343,1465 387,1465 430,1465 473,1465 517,1465 560,1465 603,1463 647,1462 690,1464 733,1465 776,1465 820,1465 863,1466 906,1468 950,1468 993,1469 1036,1471 1080,1471"/>
                <TextEquiv>
                    <Unicode>marne wiecy a prokowany lži. aby dan</Unicode>
                </TextEquiv>
            </TextLine>
            <TextLine id="tr_1_tl_40" custom="readingOrder {index:20;}">
                <Coords points="220,1546 1078,1564 1072,1483 220,1492"/>
                <Baseline points="226,1537 268,1534 311,1534 354,1529 396,1526 439,1527 482,1528 524,1528 567,1528 610,1526 653,1526 695,1528 738,1528 781,1528 823,1529 866,1531 909,1531 951,1531 994,1534 1037,1537 1080,1534"/>
                <TextEquiv>
                    <Unicode>byl na ſſige ranienych nemiloſtiwych</Unicode>
                </TextEquiv>
            </TextLine>
            <TextLine id="tr_1_tl_42" custom="readingOrder {index:21;}">
                <Coords points="220,1622 1074,1606 1074,1558 1040,1547 479,1537 220,1565"/>
                <Baseline points="226,1599 268,1599 311,1596 353,1596 396,1594 438,1591 481,1590 523,1590 566,1588 608,1587 651,1587 694,1587 736,1588 779,1590 821,1590 864,1591 906,1593 949,1593 991,1593 1034,1593 1077,1593"/>
                <TextEquiv>
                    <Unicode>gichž przigde den w cżaſu neprawoſti.</Unicode>
                </TextEquiv>
            </TextLine>
            <TextLine id="tr_1_tl_44" custom="readingOrder {index:22;}">
                <Coords points="217,1677 694,1660 1069,1690 1068,1610 215,1622"/>
                <Baseline points="223,1662 265,1659 307,1656 350,1656 392,1654 435,1653 477,1653 519,1649 562,1647 604,1648 647,1650 689,1650 731,1651 774,1654 816,1655 859,1654 901,1656 943,1659 986,1659 1028,1662 1071,1662"/>
                <TextEquiv>
                    <Unicode>naprzed vloženy. wraṫ ſe do ſwych nož¬</Unicode>
                </TextEquiv>
            </TextLine>
            <TextLine id="tr_1_tl_46" custom="readingOrder {index:23;}">
                <Coords points="217,1735 770,1721 1081,1749 1081,1686 993,1669 217,1686"/>
                <Baseline points="223,1722 266,1719 309,1719 352,1719 395,1719 438,1717 481,1714 524,1713 567,1713 610,1713 653,1713 696,1713 739,1715 782,1716 825,1716 868,1717 911,1719 954,1720 997,1722 1040,1723 1083,1725"/>
                <TextEquiv>
                    <Unicode>nicz na mieſto w niemžs ſtworzen W ze¬</Unicode>
                </TextEquiv>
            </TextLine>
            <TextLine id="tr_1_tl_48" custom="readingOrder {index:24;} abbrev {offset:13; length:4;expansion:tweho;}">
                <Coords points="214,1796 914,1789 1073,1815 1073,1748 945,1732 214,1737"/>
                <Baseline points="220,1781 262,1781 305,1781 348,1779 390,1779 433,1779 476,1777 518,1776 561,1776 604,1776 647,1777 689,1778 732,1777 775,1779 817,1780 860,1781 903,1781 945,1781 988,1784 1031,1781 1074,1779"/>
                <TextEquiv>
                    <Unicode>mi narozenie twe° ſuditi tie budu. a wy¬</Unicode>
                </TextEquiv>
            </TextLine>
            <TextLine id="tr_1_tl_50" custom="readingOrder {index:25;}">
                <Coords points="214,1851 1074,1865 1074,1815 914,1789 214,1795"/>
                <Baseline points="220,1844 262,1842 305,1841 348,1841 391,1841 434,1841 477,1841 519,1841 562,1840 605,1838 648,1838 691,1839 734,1841 777,1841 819,1842 862,1844 905,1844 948,1847 991,1847 1034,1847 1077,1841"/>
                <TextEquiv>
                    <Unicode>lem na tie rozhniewanie me w ohni pr¬</Unicode>
                </TextEquiv>
            </TextLine>
            <TextLine id="tr_1_tl_52" custom="readingOrder {index:26;}">
                <Coords points="214,1921 1073,1921 1073,1873 1025,1860 214,1873"/>
                <Baseline points="220,1907 262,1907 305,1905 348,1904 390,1904 433,1904 476,1904 518,1904 561,1904 604,1904 647,1904 689,1904 732,1904 775,1904 817,1905 860,1907 903,1908 945,1910 988,1910 1031,1910 1074,1904"/>
                <TextEquiv>
                    <Unicode>chliwoſti nie podmu na tie. a dam tie w</Unicode>
                </TextEquiv>
            </TextLine>
            <TextLine id="tr_1_tl_54" custom="readingOrder {index:27;}">
                <Coords points="217,1985 1075,1985 1058,1921 732,1946 664,1913 217,1922"/>
                <Baseline points="223,1970 265,1967 308,1967 351,1967 393,1967 436,1967 479,1967 521,1967 564,1967 607,1967 650,1967 692,1967 735,1968 778,1970 820,1970 863,1970 906,1971 948,1972 991,1970 1034,1973 1077,1973"/>
                <TextEquiv>
                    <Unicode>rucze lidij nemudrych. a zpuoſobugi¬</Unicode>
                </TextEquiv>
            </TextLine>
            <TextLine id="tr_1_tl_56" custom="readingOrder {index:28;}">
                <Coords points="208,2047 1072,2056 1072,1989 208,1998"/>
                <Baseline points="214,2032 257,2029 300,2029 343,2029 386,2029 429,2029 472,2029 515,2029 558,2029 601,2029 644,2029 687,2029 730,2031 773,2032 816,2032 859,2033 902,2035 945,2035 988,2035 1031,2035 1074,2032"/>
                <TextEquiv>
                    <Unicode>cych zahynutie. Ohni budeſs v pokrm</Unicode>
                </TextEquiv>
            </TextLine>
            <TextLine id="tr_1_tl_59" custom="readingOrder {index:29;}">
                <Coords points="214,2112 1073,2109 1073,2066 943,2045 214,2046"/>
                <Baseline points="220,2095 262,2092 305,2092 348,2092 390,2092 433,2092 476,2094 518,2093 561,2092 604,2094 647,2095 689,2095 732,2095 775,2095 817,2096 860,2098 903,2098 945,2098 988,2098 1031,2098 1074,2092"/>
                <TextEquiv>
                    <Unicode>krew twa bude proſtrzed zemie w zapo¬</Unicode>
                </TextEquiv>
            </TextLine>
            <TextLine id="tr_1_tl_61" custom="readingOrder {index:30;}">
                <Coords points="208,2182 643,2161 1081,2192 1070,2106 207,2123"/>
                <Baseline points="214,2152 257,2155 300,2155 344,2155 387,2155 431,2155 474,2155 518,2155 561,2155 605,2155 648,2157 691,2158 735,2158 778,2156 822,2157 865,2160 909,2161 952,2161 996,2161 1039,2161 1083,2161"/>
                <TextEquiv>
                    <Unicode>menutie dan budeš. neb ia pan mluwil</Unicode>
                </TextEquiv>
            </TextLine>
            <TextLine id="tr_1_tl_62" custom="readingOrder {index:31;}">
                <Coords points="223,2241 242,2239 246,2244 257,2239 260,2244 290,2228 342,2227 345,2182 311,2180 299,2186 284,2169 270,2166 250,2177 229,2177"/>
                <Baseline points="232,2220 260,2220 289,2218 317,2215 346,2211"/>
                <TextEquiv>
                    <Unicode>gſem</Unicode>
                </TextEquiv>
            </TextLine>
            <TextLine id="tr_1_tl_64" custom="readingOrder {index:32;}">
                <Coords points="376,2241 429,2216 555,2255 698,2219 788,2243 922,2235 922,2185 839,2171 764,2168 709,2195 637,2161 547,2187 486,2169 376,2193"/>
                <Baseline points="382,2217 409,2216 436,2214 463,2216 490,2217 517,2217 544,2217 572,2217 599,2217 626,2218 653,2220 680,2218 707,2217 734,2219 762,2221 789,2223 816,2223 843,2222 870,2221 897,2218 925,2214"/>
                <TextEquiv>
                    <Unicode>Capitola XXII</Unicode>
                </TextEquiv>
            </TextLine>
            <TextLine id="tr_1_tl_66" custom="readingOrder {index:33;}">
                <Coords points="373,2297 1072,2292 1072,2234 935,2254 815,2232 771,2254 598,2231 556,2255 430,2218 373,2243"/>
                <Baseline points="379,2283 413,2280 448,2280 483,2280 518,2282 552,2282 587,2280 622,2280 657,2280 691,2280 726,2280 761,2280 796,2282 830,2283 865,2283 900,2283 935,2283 969,2283 1004,2283 1039,2281 1074,2274"/>
                <TextEquiv>
                    <Unicode>Stalo ſe ſlowo panie ke mnie</Unicode>
                </TextEquiv>
            </TextLine>
            <TextLine id="tr_1_tl_68" custom="readingOrder {index:34;}">
                <Coords points="367,2349 1081,2363 1081,2316 1043,2297 985,2318 652,2286 367,2310"/>
                <Baseline points="373,2343 408,2343 444,2345 479,2345 515,2344 550,2346 586,2344 621,2343 657,2343 692,2343 728,2343 763,2343 799,2343 834,2344 870,2346 905,2346 941,2346 976,2346 1012,2346 1047,2346 1083,2346"/>
                <TextEquiv>
                    <Unicode>y rzka. A ty ſynu ċlowiecżi. zda</Unicode>
                </TextEquiv>
            </TextLine>
            <TextLine id="tr_1_tl_70" custom="readingOrder {index:35;}">
                <Coords points="369,2413 1074,2423 1074,2369 1048,2359 872,2382 833,2355 796,2374 369,2356"/>
                <Baseline points="376,2405 411,2405 446,2405 481,2405 516,2405 551,2405 586,2405 621,2405 656,2405 691,2405 726,2405 761,2405 796,2405 831,2406 866,2408 901,2408 936,2410 971,2410 1006,2408 1041,2408 1077,2405"/>
                <TextEquiv>
                    <Unicode>li ſudiſs mieſto krwi. a vkažeſs</Unicode>
                </TextEquiv>
            </TextLine>
            <TextLine id="tr_1_tl_72" custom="readingOrder {index:36;} abbrev {offset:24; length:4;expansion:geho;} textStyle {offset:26; length:1;superscript:true;}">
                <Coords points="217,2484 938,2477 1033,2504 1069,2493 1068,2427 215,2422"/>
                <Baseline points="223,2462 265,2465 307,2465 350,2465 392,2470 435,2469 477,2468 519,2468 562,2468 604,2468 647,2468 689,2468 731,2468 774,2468 816,2468 859,2468 901,2468 943,2471 986,2471 1028,2471 1071,2468"/>
                <TextEquiv>
                    <Unicode>gemu wſſeczky ohawnoſti geo a dieſs</Unicode>
                </TextEquiv>
            </TextLine>
            <TextLine id="tr_1_tl_74" custom="readingOrder {index:37;}">
                <Coords points="225,2534 1074,2561 1073,2494 993,2486 225,2490"/>
                <Baseline points="232,2528 274,2528 316,2528 358,2530 400,2531 442,2531 484,2531 526,2531 568,2531 610,2531 653,2531 695,2531 737,2532 779,2533 821,2531 863,2531 905,2531 947,2534 989,2531 1031,2534 1074,2531"/>
                <TextEquiv>
                    <Unicode>Toto die pan buoh. Mieſto prolewagi¬</Unicode>
                </TextEquiv>
            </TextLine>
            <TextLine id="tr_1_tl_76" custom="readingOrder {index:38;} abbrev {offset:10; length:7;expansion:proſtrzed;}">
                <Coords points="214,2605 1081,2620 1079,2553 1009,2544 213,2563"/>
                <Baseline points="220,2593 263,2590 306,2590 349,2593 392,2590 435,2590 478,2592 522,2593 565,2593 608,2593 651,2593 694,2593 737,2595 780,2594 824,2593 867,2594 910,2596 953,2596 996,2596 1039,2595 1083,2596"/>
                <TextEquiv>
                    <Unicode>czye krew ꝓſtrzed ſebe. aby pṙiſſel ċas</Unicode>
                </TextEquiv>
            </TextLine>
            <TextLine id="tr_1_tl_78" custom="readingOrder {index:39;} abbrev {offset:27; length:3;expansion:proti;}">
                <Coords points="217,2678 1075,2673 1075,2618 966,2604 217,2616"/>
                <Baseline points="223,2653 265,2653 308,2653 351,2656 393,2654 436,2655 479,2656 521,2656 564,2656 607,2656 650,2656 692,2657 735,2659 778,2659 820,2659 863,2659 906,2659 948,2659 991,2659 1034,2659 1077,2659"/>
                <TextEquiv>
                    <Unicode>geho a geſſto ċinilo modly ꝓti ſobie ſa¬</Unicode>
                </TextEquiv>
            </TextLine>
            <TextLine id="tr_1_tl_80" custom="readingOrder {index:40;}">
                <Coords points="208,2718 446,2749 1074,2739 1074,2675 208,2688"/>
                <Baseline points="214,2713 257,2713 300,2716 343,2716 386,2718 429,2719 472,2717 516,2718 559,2719 602,2719 645,2719 688,2721 731,2720 774,2719 818,2719 861,2720 904,2722 947,2722 990,2722 1033,2722 1077,2719"/>
                <TextEquiv>
                    <Unicode>memu. aby poſſkrnieno bylo we krwi</Unicode>
                </TextEquiv>
            </TextLine>
            <TextLine id="tr_1_tl_82" custom="readingOrder {index:41;} abbrev {offset:27; length:2;expansion:gest;}">
                <Coords points="208,2794 1044,2817 1072,2753 207,2727"/>
                <Baseline points="214,2775 257,2775 300,2778 343,2781 386,2779 429,2778 472,2780 515,2783 558,2782 601,2781 644,2781 687,2781 730,2781 773,2782 816,2784 859,2784 902,2784 945,2784 988,2784 1031,2784 1074,2781"/>
                <TextEquiv>
                    <Unicode>twe kteraž od tebe prolita ḡt Hrzeſſilos</Unicode>
                </TextEquiv>
            </TextLine>
            <TextLine id="tr_1_tl_84" custom="readingOrder {index:42;}">
                <Coords points="208,2854 1077,2875 1065,2805 208,2803"/>
                <Baseline points="214,2835 257,2835 300,2838 343,2841 387,2841 430,2843 473,2842 517,2843 560,2844 603,2844 647,2844 690,2844 733,2844 776,2846 820,2845 863,2845 906,2847 950,2846 993,2845 1036,2846 1080,2844"/>
                <TextEquiv>
                    <Unicode>a w modlach twych kteres vcżinilo. po¬</Unicode>
                </TextEquiv>
            </TextLine>
            <TextLine id="tr_1_tl_86" custom="readingOrder {index:43;}">
                <Coords points="211,2929 1072,2921 1070,2872 1002,2861 210,2859"/>
                <Baseline points="217,2913 259,2905 302,2904 345,2904 388,2906 431,2905 474,2904 516,2904 559,2907 602,2909 645,2907 688,2908 731,2910 774,2910 816,2910 859,2910 902,2910 945,2910 988,2910 1031,2910 1074,2907"/>
                <TextEquiv>
                    <Unicode>ſſkwrnienos. A przibližiti ſe kazalos</Unicode>
                </TextEquiv>
            </TextLine>
            <TextLine id="tr_1_tl_88" custom="readingOrder {index:44;}">
                <Coords points="208,2966 1072,3002 1055,2920 207,2920"/>
                <Baseline points="214,2964 257,2961 300,2964 343,2964 386,2964 429,2966 472,2968 515,2969 558,2969 601,2967 644,2968 687,2969 730,2969 773,2969 816,2969 859,2970 902,2972 945,2972 988,2972 1031,2972 1074,2975"/>
                <TextEquiv>
                    <Unicode>dnom twym. a prziwedlos cżas twych</Unicode>
                </TextEquiv>
            </TextLine>
            <TextLine id="tr_1_tl_90" custom="readingOrder {index:45;}">
                <Coords points="208,3034 404,3062 1068,3051 1046,2995 412,3003 208,2975"/>
                <Baseline points="214,3023 256,3023 299,3026 342,3029 385,3029 428,3029 471,3031 513,3032 556,3032 599,3032 642,3032 685,3032 728,3032 771,3032 813,3032 856,3032 899,3032 942,3032 985,3032 1028,3032 1071,3032"/>
                <TextEquiv>
                    <Unicode>let Protož dal ſem tie naroduom w po¬</Unicode>
                </TextEquiv>
            </TextLine>
            <TextLine id="tr_1_tl_92" custom="readingOrder {index:46;} abbrev {offset:29; length:6;expansion:zemiem;}">
                <Coords points="211,3092 722,3131 851,3100 1078,3114 1077,3047 211,3047"/>
                <Baseline points="217,3083 260,3086 303,3089 346,3089 389,3092 432,3092 475,3092 519,3094 562,3095 605,3095 648,3095 691,3097 734,3096 777,3095 821,3095 864,3095 907,3095 950,3095 993,3095 1036,3095 1080,3098"/>
                <TextEquiv>
                    <Unicode>tupu. a w poſmiech wſſelikym zemiē</Unicode>
                </TextEquiv>
            </TextLine>
            <TextLine id="tr_1_tl_94" custom="readingOrder {index:47;}">
                <Coords points="208,3168 1072,3175 1072,3132 1017,3104 722,3132 208,3094"/>
                <Baseline points="214,3149 257,3152 300,3155 343,3155 386,3155 429,3157 472,3158 515,3160 558,3159 601,3160 644,3161 687,3159 730,3160 773,3161 816,3161 859,3160 902,3158 945,3158 988,3157 1031,3154 1074,3149"/>
                <TextEquiv>
                    <Unicode>kterež blizko gſu y kterež daleko od tebe.</Unicode>
                </TextEquiv>
            </TextLine>
            <TextLine id="tr_1_tl_96" custom="readingOrder {index:48;}">
                <Coords points="211,3256 666,3233 922,3268 1086,3234 1085,3173 210,3178"/>
                <Baseline points="217,3226 260,3219 304,3217 347,3218 391,3220 435,3220 478,3221 522,3223 565,3223 609,3223 653,3223 696,3224 740,3225 783,3223 827,3223 871,3223 914,3223 958,3223 1001,3223 1045,3223 1089,3220"/>
                <TextEquiv>
                    <Unicode>y ſwiťiezie nad tebu: Smrdute vrozene</Unicode>
                </TextEquiv>
            </TextLine>
            <TextEquiv>
                <Unicode>Prorok
zgzewili ſte pṙeſtupowanie waſſe a y ka¬
zali ſe hṙiechowe waſſi. we wſſech my¬
ſſlenich waſſich pro niezto rzka ze ſte
ſe rozpomenuli. ruka iati budete.Ale ty
pro klety nemiloſtiwẏ wywodo yzrahel¬
ſky gehoż den pṙigde w cżaſu neprawo¬
ſi na pṙed vlożeny. Toto die pan buoh
Odnes biſkupſku czepicy.ſegmi koru.
nu.Wſſak ḡt to ta geſſto pokorneho po¬ 
zdwihla a wyſokee ponižila.Neprawo¬ 
ſti neprawoſti. nepwoſti. polozim gi¬
czi toto ſe neſtalo donž nepṙigde ten ge¬
hoż geſt ſaud a gev podda. A ty ſynu 
ċlowieczi prorokag a rcy Toto die pan
buoh k ſynom A nimonſkym a s poti¬
pie gich adieṡ Meczi nieczi wygdi z noz¬
nicz k zabigeni z licż ſe aby zabigel. a
zaſtkwiel ſe kdyż tobie wiedieny byly
marne wiecy a prokowany lzi aby dan
byl na ſſicze ranienych nemiloſtiwych¬
gichż przigde den w cżaſu neprawoſti.
naprzed ylożeny ∙.wraṫ ſe do ſwych noz¬
nicz na wieſto w niemzo ſtworzen Po ze¬ 
mi narozenie tweo ſudicż tie budu a wy¬ 
ſem na tie rozhniewanieme w obni pr¬
chliwoſti nie podmu natie.a dani cze w¬
rucze lidiz nemudrych.a zpuo ſobuci¬
tych zahynutie.Ohni budeſs y pokrm¬
krew twa bude proſtrzed zemie w zapo¬
menucże dan budeṡ.neb ia pan mluwzl
gſem
Capitola IizI
Staloẛe ſlowo panie ke mnie
rzky.A ty ſynu ċlowiecżi.zda
ſi ſudiſs mieſto krwi. a vkażeſs
genu wſſeczky ohawnoſti cze.a die ſs
T oto die pan buoh.Mieſto prolewaczi
czye krew pſtrzed ſebe aby pṙiſſel ċas
geho a geſſto ċinilo modly ꝓti ſobie ſa¬ 
memu. aby poſſkrnieno bylo we krwi¬
twe kteraż od tebe prolita ḡt Hrzeſſilos 
a w modlach twych ktereṡ vcżinilo.po¬
ſſewrnienos a przibliżiti ſe kr zaſos
dnom twym a prziwedloz czas twych
ſet Protoz dal ſem tie naroduom w po¬
tu pi a w poſmiech wſſelikym zemie¬
kterez blizko gſu y kterez daleko od tebe.
y ſwitiezie nad tebu Smrdute vro zene</Unicode>
            </TextEquiv>
        </TextRegion>
        <TextRegion id="r" custom="readingOrder {index:1;}">
            <Coords points="1155,282 2092,287 2090,3273 1165,3268"/>
            <TextLine id="tr_1_tl_3" custom="readingOrder {index:0;}">
                <Coords points="1175,367 2062,363 2061,319 1796,275 1478,277 1357,311 1174,267"/>
                <Baseline points="1182,346 1226,349 1270,349 1314,349 1358,349 1402,349 1446,352 1491,352 1535,352 1579,352 1623,352 1667,352 1711,350 1755,351 1800,354 1844,353 1888,354 1932,353 1976,354 2020,353 2065,349"/>
                <TextEquiv>
                    <Unicode>weſike zahynutim: Ay kniežata yzra¬</Unicode>
                </TextEquiv>
            </TextLine>
            <TextLine id="tr_1_tl_5" custom="readingOrder {index:1;}">
                <Coords points="1170,429 2024,444 2056,436 2056,372 1169,359"/>
                <Baseline points="1176,411 1220,414 1264,414 1308,414 1352,414 1396,411 1440,411 1485,414 1529,414 1573,414 1617,414 1661,414 1705,414 1749,414 1794,416 1838,417 1882,417 1926,417 1970,417 2014,415 2059,414"/>
                <TextEquiv>
                    <Unicode>helſka každy w rameni ſwem byli ſu w</Unicode>
                </TextEquiv>
            </TextLine>
            <TextLine id="tr_1_tl_7" custom="readingOrder {index:2;}">
                <Coords points="1173,491 2056,508 2056,436 1173,431"/>
                <Baseline points="1179,474 1223,474 1267,477 1311,474 1355,474 1399,477 1443,477 1487,477 1531,477 1575,477 1619,477 1663,477 1707,477 1751,477 1795,479 1839,480 1883,480 1927,480 1971,482 2015,483 2059,486"/>
                <TextEquiv>
                    <Unicode>tobie k wyliti krwe Otcze y materz przy¬</Unicode>
                </TextEquiv>
            </TextLine>
            <TextLine id="tr_1_tl_9" custom="readingOrder {index:3;}">
                <Coords points="1175,551 2062,561 2062,506 1984,492 1175,491"/>
                <Baseline points="1182,540 1226,537 1270,537 1314,537 1358,537 1402,540 1446,540 1491,540 1535,537 1579,540 1623,540 1667,540 1711,540 1755,540 1800,542 1844,541 1888,542 1932,543 1976,543 2020,543 2065,540"/>
                <TextEquiv>
                    <Unicode>korziznami vtryznili w tobie. pṙichozie¬</Unicode>
                </TextEquiv>
            </TextLine>
            <TextLine id="tr_1_tl_11" custom="readingOrder {index:4;}">
                <Coords points="1171,607 2045,631 2056,561 1170,557"/>
                <Baseline points="1176,596 1220,596 1264,599 1308,599 1352,599 1396,602 1440,599 1485,599 1529,599 1573,602 1617,602 1661,602 1705,602 1749,604 1794,605 1838,605 1882,605 1926,605 1970,605 2014,605 2059,602"/>
                <TextEquiv>
                    <Unicode>mu bez prawie ċinili proſtrzed tebe Sy¬</Unicode>
                </TextEquiv>
            </TextLine>
            <TextLine id="tr_1_tl_13" custom="readingOrder {index:5;}">
                <Coords points="1170,668 1519,697 2057,681 2056,630 1993,614 1170,620"/>
                <Baseline points="1176,659 1220,659 1264,659 1308,659 1352,659 1396,662 1440,662 1485,662 1529,662 1573,662 1617,665 1661,665 1705,665 1749,665 1794,665 1838,667 1882,668 1926,668 1970,668 2014,666 2059,662"/>
                <TextEquiv>
                    <Unicode>rotka a wdowu zamutili v tebe: Swaty¬</Unicode>
                </TextEquiv>
            </TextLine>
            <TextLine id="tr_1_tl_15" custom="readingOrder {index:6;}">
                <Coords points="1174,745 2057,749 2056,686 1173,681"/>
                <Baseline points="1179,719 1223,719 1267,722 1311,722 1355,722 1399,722 1443,722 1487,722 1531,725 1575,725 1619,725 1663,727 1707,730 1751,731 1795,731 1839,729 1883,730 1927,729 1971,728 2015,728 2059,728"/>
                <TextEquiv>
                    <Unicode>niemi mymi pohrzeliſte. a ſoboty me</Unicode>
                </TextEquiv>
            </TextLine>
            <TextLine id="tr_1_tl_17" custom="readingOrder {index:7;}">
                <Coords points="1181,808 1993,813 2053,804 2053,748 1180,743"/>
                <Baseline points="1187,785 1230,785 1273,782 1317,785 1360,785 1404,785 1447,785 1491,785 1534,787 1578,788 1621,788 1664,790 1708,791 1751,792 1795,792 1838,791 1882,791 1925,791 1969,791 2012,790 2056,785"/>
                <TextEquiv>
                    <Unicode>poſſkwrnili ſte. Mužie vtrhawi byli w</Unicode>
                </TextEquiv>
            </TextLine>
            <TextLine id="tr_1_tl_19" custom="readingOrder {index:8;}">
                <Coords points="1170,856 2045,871 2027,801 1817,826 1506,795 1170,810"/>
                <Baseline points="1176,847 1219,847 1263,847 1306,847 1350,847 1393,847 1437,847 1480,849 1524,850 1567,850 1611,850 1655,850 1698,852 1742,853 1785,853 1829,853 1872,853 1916,853 1959,853 2003,852 2047,847"/>
                <TextEquiv>
                    <Unicode>tobie k proliti krwe a na horach gedli w</Unicode>
                </TextEquiv>
            </TextLine>
            <TextLine id="tr_1_tl_21" custom="readingOrder {index:9;}">
                <Coords points="1173,925 2056,929 2056,864 1891,886 1173,857"/>
                <Baseline points="1179,910 1223,910 1267,910 1311,910 1355,910 1399,910 1443,913 1487,910 1531,910 1575,913 1619,913 1663,913 1707,915 1751,916 1795,916 1839,916 1883,916 1927,914 1971,915 2015,916 2059,916"/>
                <TextEquiv>
                    <Unicode>tobie. Stydky hṙiech cżinili proſtṙed te¬</Unicode>
                </TextEquiv>
            </TextLine>
            <TextLine id="tr_1_tl_23" custom="readingOrder {index:10;}">
                <Coords points="1170,988 2059,986 2046,928 1170,925"/>
                <Baseline points="1176,970 1220,973 1264,972 1308,970 1353,973 1397,970 1441,970 1486,970 1530,973 1574,973 1619,973 1663,976 1707,976 1751,976 1796,976 1840,976 1884,976 1929,979 1973,976 2017,973 2062,967"/>
                <TextEquiv>
                    <Unicode>be: hanbu otczuow odkrywali w tobie.</Unicode>
                </TextEquiv>
            </TextLine>
            <TextLine id="tr_1_tl_25" custom="readingOrder {index:11;}">
                <Coords points="1181,1039 2056,1055 2056,986 1181,979"/>
                <Baseline points="1187,1032 1230,1032 1274,1032 1317,1035 1361,1032 1405,1035 1448,1035 1492,1035 1535,1035 1579,1035 1623,1037 1666,1038 1710,1038 1753,1038 1797,1038 1841,1038 1884,1038 1928,1038 1971,1038 2015,1038 2059,1041"/>
                <TextEquiv>
                    <Unicode>Necżiſtotu krwotoke żeny poniżili w to¬</Unicode>
                </TextEquiv>
            </TextLine>
            <TextLine id="tr_1_tl_27" custom="readingOrder {index:12;}">
                <Coords points="1170,1107 2056,1113 2056,1059 2009,1040 1898,1064 1170,1047"/>
                <Baseline points="1176,1095 1220,1095 1264,1092 1308,1095 1352,1098 1396,1098 1440,1098 1485,1098 1529,1098 1573,1098 1617,1098 1661,1101 1705,1101 1749,1101 1794,1101 1838,1101 1882,1101 1926,1101 1970,1101 2014,1101 2059,1101"/>
                <TextEquiv>
                    <Unicode>bie. a geden každy s ženu bližnieho ſwe¬</Unicode>
                </TextEquiv>
            </TextLine>
            <TextLine id="tr_1_tl_29" custom="readingOrder {index:13;} abbrev {offset:19; length:4;expansion:???;}">
                <Coords points="1175,1178 2056,1191 2056,1127 1986,1113 1175,1112"/>
                <Baseline points="1182,1158 1225,1158 1269,1158 1313,1158 1357,1158 1401,1158 1445,1158 1488,1161 1532,1161 1576,1161 1620,1161 1664,1163 1708,1164 1752,1164 1795,1164 1839,1164 1883,1162 1927,1161 1971,1161 2015,1161 2059,1161"/>
                <TextEquiv>
                    <Unicode>ho ċinil ohawnoſt: ceſt newieſtu ſwu</Unicode>
                </TextEquiv>
            </TextLine>
            <TextLine id="tr_1_tl_31" custom="readingOrder {index:14;}">
                <Coords points="1173,1244 1966,1255 2048,1231 2048,1184 1172,1181"/>
                <Baseline points="1179,1220 1222,1221 1266,1221 1309,1222 1353,1220 1396,1221 1440,1223 1483,1223 1527,1223 1570,1223 1614,1223 1658,1223 1701,1224 1745,1226 1788,1226 1832,1223 1875,1226 1919,1223 1962,1223 2006,1223 2050,1217"/>
                <TextEquiv>
                    <Unicode>poſſkwrnil ſſerednie bratr ſeſtrze ſwe.</Unicode>
                </TextEquiv>
            </TextLine>
            <TextLine id="tr_1_tl_33" custom="readingOrder {index:15;}">
                <Coords points="1173,1296 2056,1298 2055,1244 2019,1233 1801,1259 1172,1240"/>
                <Baseline points="1179,1277 1223,1280 1267,1280 1311,1283 1355,1283 1399,1283 1443,1283 1487,1283 1531,1283 1575,1286 1619,1286 1663,1286 1707,1286 1751,1286 1795,1286 1839,1288 1883,1289 1927,1287 1971,1286 2015,1288 2059,1286"/>
                <TextEquiv>
                    <Unicode>dcerzi otcze ſweho naſyle vcżinil w tobie</Unicode>
                </TextEquiv>
            </TextLine>
            <TextLine id="tr_1_tl_35" custom="readingOrder {index:16;}">
                <Coords points="1170,1364 1988,1356 2039,1384 2052,1299 1169,1299"/>
                <Baseline points="1176,1343 1220,1343 1264,1343 1308,1346 1352,1346 1396,1346 1440,1346 1484,1346 1528,1349 1572,1349 1616,1349 1660,1349 1704,1349 1748,1349 1792,1349 1836,1349 1880,1349 1924,1349 1968,1349 2012,1349 2056,1349"/>
                <TextEquiv>
                    <Unicode>Dary brali v tebe k proliti krwe. Lich¬</Unicode>
                </TextEquiv>
            </TextLine>
            <TextLine id="tr_1_tl_37" custom="readingOrder {index:17;} abbrev {offset:31; length:6;expansion:bližnim;}">
                <Coords points="1175,1421 2056,1428 2056,1383 1991,1358 1175,1363"/>
                <Baseline points="1182,1405 1225,1405 1269,1405 1313,1405 1357,1405 1401,1408 1445,1408 1488,1408 1532,1408 1576,1408 1620,1408 1664,1408 1708,1410 1752,1411 1795,1411 1839,1411 1883,1411 1927,1411 1971,1411 2015,1411 2059,1408"/>
                <TextEquiv>
                    <Unicode>wu a nadawek bralos. a lakomie bližnī</Unicode>
                </TextEquiv>
            </TextLine>
            <TextLine id="tr_1_tl_39" custom="readingOrder {index:18;}">
                <Coords points="1173,1491 2054,1487 2039,1424 1173,1421"/>
                <Baseline points="1179,1471 1222,1468 1266,1468 1310,1471 1354,1471 1398,1468 1442,1471 1485,1471 1529,1471 1573,1471 1617,1471 1661,1471 1705,1471 1749,1471 1792,1471 1836,1473 1880,1474 1924,1474 1968,1474 2012,1472 2056,1474"/>
                <TextEquiv>
                    <Unicode>ſwym bez prawies cżinilo. a mnes zapo¬</Unicode>
                </TextEquiv>
            </TextLine>
            <TextLine id="tr_1_tl_41" custom="readingOrder {index:19;} abbrev {offset:7; length:4;expansion:prawi;}">
                <Coords points="1164,1548 2059,1559 2059,1498 1981,1485 1164,1502"/>
                <Baseline points="1170,1531 1214,1531 1259,1531 1303,1531 1348,1528 1393,1531 1437,1531 1482,1531 1526,1531 1571,1531 1616,1531 1660,1534 1705,1531 1749,1534 1794,1534 1839,1537 1883,1537 1928,1537 1972,1534 2017,1534 2062,1534"/>
                <TextEquiv>
                    <Unicode>mnielo p̃wi pan buoh. Ay tleſkl ſem</Unicode>
                </TextEquiv>
            </TextLine>
            <TextLine id="tr_1_tl_43" custom="readingOrder {index:20;}">
                <Coords points="1164,1601 2056,1627 2047,1559 1164,1556"/>
                <Baseline points="1170,1593 1214,1593 1258,1593 1303,1593 1347,1593 1392,1593 1436,1593 1481,1593 1525,1593 1570,1596 1614,1596 1658,1596 1703,1596 1747,1596 1792,1596 1836,1596 1881,1596 1925,1596 1970,1596 2014,1596 2059,1596"/>
                <TextEquiv>
                    <Unicode>rukama myma nad lakomſtwim twym</Unicode>
                </TextEquiv>
            </TextLine>
            <TextLine id="tr_1_tl_45" custom="readingOrder {index:21;}">
                <Coords points="1170,1673 2047,1679 2047,1624 2006,1610 1170,1613"/>
                <Baseline points="1176,1659 1219,1656 1263,1656 1307,1656 1350,1656 1394,1656 1438,1656 1481,1656 1525,1656 1569,1656 1613,1656 1656,1658 1700,1659 1744,1659 1787,1659 1831,1659 1875,1659 1918,1659 1962,1659 2006,1659 2050,1659"/>
                <TextEquiv>
                    <Unicode>kteres cżinilo. a nad krwi kteraž wylita</Unicode>
                </TextEquiv>
            </TextLine>
            <TextLine id="tr_1_tl_47" custom="readingOrder {index:22;}">
                <Coords points="1179,1747 2051,1737 2051,1683 2009,1673 1179,1675"/>
                <Baseline points="1185,1722 1228,1725 1271,1720 1315,1721 1358,1721 1402,1719 1445,1720 1488,1722 1532,1722 1575,1722 1619,1721 1662,1720 1705,1722 1749,1722 1792,1723 1836,1725 1879,1722 1922,1722 1966,1722 2009,1722 2053,1719"/>
                <TextEquiv>
                    <Unicode>geſt proſtrzed tebe. Zdali zdrži ſrdcze</Unicode>
                </TextEquiv>
            </TextLine>
            <TextLine id="tr_1_tl_49" custom="readingOrder {index:23;}">
                <Coords points="1173,1803 2048,1801 2037,1731 1173,1745"/>
                <Baseline points="1179,1779 1222,1781 1266,1781 1309,1781 1353,1781 1396,1781 1440,1781 1483,1783 1527,1784 1570,1782 1614,1783 1658,1784 1701,1784 1745,1784 1788,1784 1832,1784 1875,1784 1919,1784 1962,1784 2006,1784 2050,1781"/>
                <TextEquiv>
                    <Unicode>twe. aneb pṙemohu twe ruce we dnech</Unicode>
                </TextEquiv>
            </TextLine>
            <TextLine id="tr_1_tl_51" custom="readingOrder {index:24;}">
                <Coords points="1170,1856 1304,1881 1345,1855 1761,1853 1796,1880 2053,1857 2053,1797 1170,1804"/>
                <Baseline points="1176,1841 1220,1844 1264,1844 1308,1844 1352,1844 1396,1844 1440,1844 1484,1844 1528,1844 1572,1844 1616,1847 1660,1847 1704,1845 1748,1844 1792,1844 1836,1846 1880,1847 1924,1845 1968,1844 2012,1844 2056,1847"/>
                <TextEquiv>
                    <Unicode>kterež ia vcżinim tobie Ia pan mluwil</Unicode>
                </TextEquiv>
            </TextLine>
            <TextLine id="tr_1_tl_53" custom="readingOrder {index:25;}">
                <Coords points="1164,1927 2059,1917 2059,1871 1955,1854 1164,1871"/>
                <Baseline points="1170,1907 1214,1907 1259,1907 1303,1904 1348,1907 1393,1907 1437,1907 1482,1907 1526,1907 1571,1910 1616,1910 1660,1907 1705,1910 1749,1907 1794,1910 1839,1910 1883,1910 1928,1907 1972,1907 2017,1907 2062,1904"/>
                <TextEquiv>
                    <Unicode>ſem. y vcżinim. a rozptyleni tie po na¬</Unicode>
                </TextEquiv>
            </TextLine>
            <TextLine id="tr_1_tl_55" custom="readingOrder {index:26;}">
                <Coords points="1175,1996 2056,1982 2049,1919 1438,1939 1340,1910 1175,1939"/>
                <Baseline points="1182,1973 1225,1970 1269,1970 1313,1970 1357,1970 1401,1970 1445,1970 1488,1970 1532,1970 1576,1971 1620,1972 1664,1970 1708,1970 1752,1970 1795,1973 1839,1970 1883,1970 1927,1970 1971,1970 2015,1970 2059,1970"/>
                <TextEquiv>
                    <Unicode>rodech. a rozwiegi tie do zemi. a vkrati¬</Unicode>
                </TextEquiv>
            </TextLine>
            <TextLine id="tr_1_tl_57" custom="readingOrder {index:27;}">
                <Coords points="1173,2044 2059,2051 2037,1978 1871,2006 1799,1980 1173,1997"/>
                <Baseline points="1179,2032 1223,2032 1267,2032 1311,2032 1355,2035 1399,2032 1443,2032 1488,2032 1532,2032 1576,2032 1620,2032 1664,2032 1708,2032 1752,2032 1797,2032 1841,2030 1885,2031 1929,2032 1973,2032 2017,2032 2062,2032"/>
                <TextEquiv>
                    <Unicode>ti ſe kaži necżiſtotie twe od tebe. a wlaſti</Unicode>
                </TextEquiv>
            </TextLine>
            <TextLine id="tr_1_tl_58" custom="readingOrder {index:28;}">
                <Coords points="1170,2109 2047,2115 2047,2046 1981,2038 1420,2066 1170,2045"/>
                <Baseline points="1176,2095 1219,2095 1263,2095 1307,2095 1350,2095 1394,2094 1438,2092 1481,2092 1525,2092 1569,2093 1613,2095 1656,2095 1700,2094 1744,2092 1787,2092 1831,2092 1875,2089 1918,2092 1962,2092 2006,2092 2050,2092"/>
                <TextEquiv>
                    <Unicode>budu tebu v widieni naroduow. Y bu¬</Unicode>
                </TextEquiv>
            </TextLine>
            <TextLine id="tr_1_tl_60" custom="readingOrder {index:29;}">
                <Coords points="1170,2170 2053,2166 2053,2112 1888,2096 1804,2124 1170,2121"/>
                <Baseline points="1176,2155 1220,2158 1264,2158 1308,2158 1352,2158 1396,2158 1440,2158 1484,2155 1528,2158 1572,2155 1616,2155 1660,2157 1704,2156 1748,2155 1792,2157 1836,2158 1880,2156 1924,2155 1968,2155 2012,2155 2056,2155"/>
                <TextEquiv>
                    <Unicode>deſs wiedieti že ia pan: Y ſtalo ſe ſlowo</Unicode>
                </TextEquiv>
            </TextLine>
            <TextLine id="tr_1_tl_63" custom="readingOrder {index:30;}">
                <Coords points="1175,2246 2051,2246 2051,2170 2016,2164 1175,2191"/>
                <Baseline points="1182,2223 1225,2218 1269,2217 1312,2217 1356,2217 1399,2217 1443,2217 1486,2217 1530,2218 1573,2220 1617,2220 1661,2219 1704,2217 1748,2217 1791,2217 1835,2217 1878,2217 1922,2217 1965,2217 2009,2214 2053,2211"/>
                <TextEquiv>
                    <Unicode>panie ke mnie rzka: Synu cżlowiecżi O¬</Unicode>
                </TextEquiv>
            </TextLine>
            <TextLine id="tr_1_tl_65" custom="readingOrder {index:31;}">
                <Coords points="1170,2296 2051,2297 2051,2246 1857,2225 1170,2241"/>
                <Baseline points="1176,2283 1219,2283 1263,2282 1307,2280 1351,2280 1395,2280 1439,2280 1482,2280 1526,2280 1570,2280 1614,2279 1658,2278 1702,2280 1746,2280 1789,2280 1833,2280 1877,2280 1921,2277 1965,2280 2009,2277 2053,2271"/>
                <TextEquiv>
                    <Unicode>bratil ſe mnie duom yzrahelſky w tro¬</Unicode>
                </TextEquiv>
            </TextLine>
            <TextLine id="tr_1_tl_67" custom="readingOrder {index:32;}">
                <Coords points="1170,2368 2041,2366 2048,2302 1171,2296"/>
                <Baseline points="1176,2346 1219,2346 1263,2346 1307,2345 1350,2343 1394,2343 1438,2343 1481,2343 1525,2343 1569,2343 1613,2343 1656,2343 1700,2343 1744,2343 1787,2343 1831,2343 1875,2343 1918,2343 1962,2343 2006,2340 2050,2340"/>
                <TextEquiv>
                    <Unicode>ſku. Wſſickni tito mied a cżiſtecz a železo</Unicode>
                </TextEquiv>
            </TextLine>
            <TextLine id="tr_1_tl_69" custom="readingOrder {index:33;}">
                <Coords points="1170,2418 2059,2428 2059,2360 2003,2355 1170,2381"/>
                <Baseline points="1176,2408 1220,2405 1264,2405 1308,2405 1353,2405 1397,2402 1441,2405 1486,2402 1530,2405 1574,2405 1619,2405 1663,2405 1707,2402 1751,2402 1796,2405 1840,2405 1884,2405 1929,2405 1973,2405 2017,2405 2062,2405"/>
                <TextEquiv>
                    <Unicode>a olowo vproſtrzed peczy. troſku ſtrzie¬</Unicode>
                </TextEquiv>
            </TextLine>
            <TextLine id="tr_1_tl_71" custom="readingOrder {index:34;}">
                <Coords points="1173,2486 2048,2478 2048,2429 1930,2419 1173,2424"/>
                <Baseline points="1179,2471 1222,2469 1266,2468 1309,2468 1353,2468 1396,2467 1440,2464 1483,2463 1527,2465 1570,2464 1614,2463 1658,2466 1701,2468 1745,2468 1788,2468 1832,2468 1875,2465 1919,2468 1962,2465 2006,2465 2050,2465"/>
                <TextEquiv>
                    <Unicode>bra vcżinieni gſu. Protož: toto die pan</Unicode>
                </TextEquiv>
            </TextLine>
            <TextLine id="tr_1_tl_73" custom="readingOrder {index:35;}">
                <Coords points="1170,2554 2059,2556 2041,2477 1170,2488"/>
                <Baseline points="1176,2528 1220,2531 1264,2531 1308,2531 1353,2531 1397,2531 1441,2531 1486,2528 1530,2531 1574,2531 1619,2531 1663,2531 1707,2531 1751,2531 1796,2531 1840,2531 1884,2529 1929,2528 1973,2528 2017,2530 2062,2531"/>
                <TextEquiv>
                    <Unicode>buoh: proto že ſle ſe obratili wſſiczkni</Unicode>
                </TextEquiv>
            </TextLine>
            <TextLine id="tr_1_tl_75" custom="readingOrder {index:36;} abbrev {offset:10; length:4;expansion:protož;}">
                <Coords points="1175,2608 2053,2606 2041,2554 1849,2541 1175,2557"/>
                <Baseline points="1182,2590 1225,2591 1269,2593 1313,2593 1356,2592 1400,2590 1444,2590 1487,2590 1531,2590 1575,2590 1619,2590 1662,2590 1706,2590 1750,2590 1793,2590 1837,2590 1881,2590 1924,2590 1968,2590 2012,2590 2056,2584"/>
                <TextEquiv>
                    <Unicode>w troſku. ꝓtož ay ia ſhromaždim was</Unicode>
                </TextEquiv>
            </TextLine>
            <TextLine id="tr_1_tl_77" custom="readingOrder {index:37;}">
                <Coords points="1173,2685 1998,2677 2051,2666 2052,2620 1174,2615"/>
                <Baseline points="1179,2656 1222,2656 1266,2656 1310,2656 1353,2654 1397,2651 1441,2653 1484,2653 1528,2653 1572,2653 1616,2653 1659,2652 1703,2650 1747,2650 1790,2653 1834,2653 1878,2653 1921,2653 1965,2653 2009,2653 2053,2653"/>
                <TextEquiv>
                    <Unicode>proſtṙed geruzalema. ſhromaždienim</Unicode>
                </TextEquiv>
            </TextLine>
            <TextLine id="tr_1_tl_79" custom="readingOrder {index:38;}">
                <Coords points="1175,2750 2059,2728 2046,2666 1952,2692 1827,2663 1175,2682"/>
                <Baseline points="1182,2722 1226,2721 1270,2719 1314,2718 1358,2716 1402,2715 1446,2714 1490,2716 1534,2716 1578,2716 1622,2716 1666,2716 1710,2716 1754,2716 1798,2716 1842,2716 1886,2716 1930,2716 1974,2716 2018,2716 2062,2713"/>
                <TextEquiv>
                    <Unicode>ſtrziebra a miedi a železa a cżiſtcze. a olo¬</Unicode>
                </TextEquiv>
            </TextLine>
            <TextLine id="tr_1_tl_81" custom="readingOrder {index:39;}">
                <Coords points="1175,2792 2053,2797 2032,2730 1175,2750"/>
                <Baseline points="1182,2772 1225,2778 1269,2778 1313,2778 1356,2778 1400,2775 1444,2775 1487,2777 1531,2776 1575,2775 1619,2775 1662,2777 1706,2778 1750,2778 1793,2778 1837,2778 1881,2778 1924,2776 1968,2775 2012,2777 2056,2775"/>
                <TextEquiv>
                    <Unicode>wo v proſtrzed peczy. a zapalim w nie</Unicode>
                </TextEquiv>
            </TextLine>
            <TextLine id="tr_1_tl_83" custom="readingOrder {index:40;}">
                <Coords points="1170,2851 2047,2855 2029,2792 1170,2803"/>
                <Baseline points="1176,2841 1219,2842 1263,2844 1307,2843 1350,2841 1394,2841 1438,2841 1481,2841 1525,2841 1569,2841 1613,2841 1656,2840 1700,2839 1744,2841 1787,2841 1831,2841 1875,2841 1918,2841 1962,2838 2006,2838 2050,2835"/>
                <TextEquiv>
                    <Unicode>oheṅ k ſlewani Tak ſhromaždim was</Unicode>
                </TextEquiv>
            </TextLine>
            <TextLine id="tr_1_tl_85" custom="readingOrder {index:41;}">
                <Coords points="1179,2910 1898,2932 2027,2926 2043,2872 1179,2859"/>
                <Baseline points="1185,2904 1230,2904 1275,2904 1320,2902 1365,2901 1411,2901 1456,2901 1501,2901 1546,2901 1591,2901 1637,2901 1682,2901 1727,2901 1772,2901 1817,2901 1863,2901 1908,2901 1953,2901 1998,2898 2044,2895"/>
                <TextEquiv>
                    <Unicode>w prchliwoſti me. a w hniewu mem.</Unicode>
                </TextEquiv>
            </TextLine>
            <TextLine id="tr_1_tl_87" custom="readingOrder {index:42;}">
                <Coords points="1175,2987 2051,2987 2036,2919 1536,2908 1462,2935 1377,2911 1328,2936 1175,2909"/>
                <Baseline points="1182,2961 1225,2968 1269,2968 1312,2966 1356,2965 1399,2964 1443,2964 1486,2964 1530,2964 1573,2964 1617,2964 1661,2964 1704,2964 1748,2964 1791,2964 1835,2964 1878,2964 1922,2964 1965,2961 2009,2958 2053,2952"/>
                <TextEquiv>
                    <Unicode>Y otpocżinu: a slem was a ſberu was.</Unicode>
                </TextEquiv>
            </TextLine>
            <TextLine id="tr_1_tl_89" custom="readingOrder {index:43;}">
                <Coords points="1170,3050 2051,3038 2051,2986 1982,2974 1170,2987"/>
                <Baseline points="1176,3032 1219,3029 1263,3029 1307,3029 1351,3028 1395,3026 1439,3026 1482,3025 1526,3024 1570,3027 1614,3029 1658,3028 1702,3026 1746,3029 1789,3026 1833,3029 1877,3026 1921,3026 1965,3023 2009,3023 2053,3020"/>
                <TextEquiv>
                    <Unicode>a zapalim was w ohni prchliwoſti me a</Unicode>
                </TextEquiv>
            </TextLine>
            <TextLine id="tr_1_tl_91" custom="readingOrder {index:44;}">
                <Coords points="1170,3119 2053,3113 2036,3035 1170,3052"/>
                <Baseline points="1176,3092 1220,3091 1264,3090 1308,3092 1352,3092 1396,3091 1440,3089 1484,3090 1528,3092 1572,3092 1616,3091 1660,3089 1704,3089 1748,3089 1792,3089 1836,3089 1880,3089 1924,3089 1968,3089 2012,3089 2056,3089"/>
                <TextEquiv>
                    <Unicode>wypaleni budete proſtrzed nieho: iakož</Unicode>
                </TextEquiv>
            </TextLine>
            <TextLine id="tr_1_tl_93" custom="readingOrder {index:45;} abbrev {offset:26; length:7;expansion:proſtrzed;}">
                <Coords points="1170,3189 2051,3166 2051,3115 1993,3101 1170,3120"/>
                <Baseline points="1176,3155 1219,3157 1263,3155 1307,3155 1351,3155 1395,3155 1439,3154 1482,3152 1526,3153 1570,3154 1614,3153 1658,3155 1702,3155 1746,3155 1789,3155 1833,3152 1877,3152 1921,3149 1965,3152 2009,3152 2053,3152"/>
                <TextEquiv>
                    <Unicode>przepaleno bywa ſtrziebro ꝓſtrzed pe¬</Unicode>
                </TextEquiv>
            </TextLine>
            <TextLine id="tr_1_tl_95" custom="readingOrder {index:46;}">
                <Coords points="1174,3251 1374,3234 1610,3273 1750,3228 1923,3266 2056,3243 2056,3172 2008,3157 1175,3186"/>
                <Baseline points="1182,3217 1225,3223 1269,3220 1313,3220 1357,3217 1401,3220 1445,3220 1488,3217 1532,3217 1576,3217 1620,3217 1664,3219 1708,3218 1752,3217 1795,3217 1839,3215 1883,3214 1927,3214 1971,3214 2015,3214 2059,3217"/>
                <TextEquiv>
                    <Unicode>czy. tak budete y proſtrzed nieho Y bu¬</Unicode>
                </TextEquiv>
            </TextLine>
            <TextEquiv>
                <Unicode>weſike zahynutini. Ty knieżata y zra¬
hſka każdy w rameni ſwem byli ſu w
tobie k wplicz krwe Otcze y materz przy¬
korziznami vtryzniſi w tobie.pṙichozie
mu bez prawie cinili proſtrzed tebe Sy¬
rotka a wdowu zamucżſi vtebe Swaty
niemi mymi pohrzeliſte.a ſoboty nie¬
poſſkwrnil ſte.Mužie vtrhawi byli w
tobie s proſiti krwe a na horach gedli w¬
tobie.Stydky hṙiech cżinili proſiṙed te
bt anbu otczuow od krywali w tobie. 
Ne cżiſtetii krwoto ke żeny poníżili w to¬
bie a geden kazdy s zenu bliżnieho ſwe¬
ho ċinil ohawnoſta teſt newieſtu ſwu
poſſkwrnil ſIeredne bratr ſeſtrze ſwe.
oterzi otcze ſweho naſyle vczinil w tobie
Dary brali v tebe k prolicz krwe.Tich¬
wu a nadaweṡ bralos a lakomie bliżne
ſwym bez prawieṡ czinilo.a mneṡ zapo¬
mnielo pwi pan buoh. A ytleſkl ſem
rukana myma nadlakoniſi wini twym
ktereṡ cżinilo.a nad krwi kteraż wylita
geſt proſtrzed tebe dali zdrżi ſrdcze
twe.aneb pro ṙemohu twe ruce we dnech
ktereż ia vczznzin tobie Ia pan mluwil
sem. y uczinim. a rozptyleni tie po na¬
rodech.a rozwieczi cże do zemi.a vkrati¬
ti ſe kazi necziſtotze twe od trbe.a wlaſti
budu trbu y widieni naroduow Y bu¬
deſs wiedieti że ſa pan zY ſtalo ſe ſlowo
panie ke mnie rzku. Synu czlowieczi A
bratzl ſe mnie duom uzrahelſky w tro¬
ſku.Wſſickni tżto mied a cżiſiecz a żelezo¬
a dlowo vproſtrzed peczy.troſtu ſtrzie
bra vczinieni gſu.Protož ztoto die pan
buoh proto ze ſle ſe obratili wſſiczkni
w troſtu.∙ ay ſa ſhromażdím was 
proſtṙed geruzalema ſhromazdienim
ſtrziebra a miedi a zeleza a cziſtcze.a olo¬
wo y proſtrzed peczya zapalim w nie¬
ohen kſlewani Tak ſhromażdim was
w prchliwoſti nie.a w hniewu niem
Y otpoczinu a slem was a ſberu was.
a zapalini wes w ohni prchliwoſti me a
wy paſeni budete proſtrzed nieho? iakoż¬
przepaleno bywa ſtrziebro pſtrzed pe¬
czy cak budete y proſtrzed nieho Y bu¬</Unicode>
            </TextEquiv>
        </TextRegion>
    </Page>
</PcGts>
