<?xml version="1.0" encoding="UTF-8" standalone="yes"?>
<PcGts xmlns="http://schema.primaresearch.org/PAGE/gts/pagecontent/2013-07-15" xmlns:xsi="http://www.w3.org/2001/XMLSchema-instance" xsi:schemaLocation="http://schema.primaresearch.org/PAGE/gts/pagecontent/2013-07-15 http://schema.primaresearch.org/PAGE/gts/pagecontent/2013-07-15/pagecontent.xsd">
    <Metadata>
        <Creator>prov=READ-COOP:name=PyLaia@TranskribusPlatform:version=2.20.0:model_id=58856:lm=none:date=03_12_2024_19:33</Creator>
        <Created>2024-11-22T17:31:56.199+01:00</Created>
        <LastChange>2024-12-05T22:50:17.040+01:00</LastChange>
        <TranskribusMetadata docId="5363448" pageId="84626973" pageNr="1046" tsid="210354835" status="GT" userId="100969" imgUrl="https://files.transkribus.eu/Get?id=XGFVRALVMFMJBFCVHLOUWHMI&amp;fileType=view" xmlUrl="https://files.transkribus.eu/Get?id=PEUGPOGELWWZNHPFWJXWMTDR" imageId="69899066"/>
    </Metadata>
    <Page imageFilename="DTL_547662-1047.jpeg" imageWidth="2530" imageHeight="3955">
        <ReadingOrder>
            <OrderedGroup id="ro_1734605781437" caption="Regions reading order">
                <RegionRefIndexed index="0" regionRef="r"/>
                <RegionRefIndexed index="1" regionRef="r_6"/>
                <RegionRefIndexed index="2" regionRef="r_7"/>
            </OrderedGroup>
        </ReadingOrder>
        <TextRegion id="r" custom="readingOrder {index:0;}">
            <Coords points="833,164 1197,164 1197,293 833,293"/>
            <TextLine id="l_9" custom="readingOrder {index:0;}">
                <Coords points="856,252 969,241 1000,257 1044,246 1071,262 1100,241 1176,244 1176,177 1139,158 1098,152 1081,167 1028,171 979,158 957,171 901,152 872,171 856,165"/>
                <Baseline points="863,223 1178,221"/>
                <TextEquiv>
                    <Unicode>Ewangeliſta</Unicode>
                </TextEquiv>
            </TextLine>
            <TextEquiv>
                <Unicode></Unicode>
            </TextEquiv>
        </TextRegion>
        <TextRegion id="r_6" custom="readingOrder {index:1;}">
            <Coords points="123,311 1065,311 1065,3436 123,3436"/>
            <TextLine id="l_13" custom="readingOrder {index:0;}">
                <Coords points="131,434 941,426 1003,399 1005,338 876,363 802,322 504,361 463,334 397,361 133,350"/>
                <Baseline points="137,417 1006,391"/>
                <TextEquiv>
                    <Unicode>chleb A oni ſſetrziechu ho • A ay cżlo¬</Unicode>
                </TextEquiv>
            </TextLine>
            <TextLine id="l_17" custom="readingOrder {index:1;} abbrev {offset:35; length:2;expansion:nim;}">
                <Coords points="146,496 1004,484 1006,405 147,436"/>
                <Baseline points="152,474 1008,452"/>
                <TextEquiv>
                    <Unicode>wiek geden wodnoteſny bieſſe przed nī</Unicode>
                </TextEquiv>
            </TextLine>
            <TextLine id="l_21" custom="readingOrder {index:2;}">
                <Coords points="142,561 818,531 938,554 1010,533 1012,487 144,499"/>
                <Baseline points="150,538 1014,512"/>
                <TextEquiv>
                    <Unicode>Y odpowiediew gežiš wece k vmielym</Unicode>
                </TextEquiv>
            </TextLine>
            <TextLine id="l_25" custom="readingOrder {index:3;} abbrev {offset:11; length:10;expansion:zakonnikom;}">
                <Coords points="142,632 649,596 965,611 1010,604 1011,549 468,540 143,573"/>
                <Baseline points="148,603 1013,577"/>
                <TextEquiv>
                    <Unicode>wzakonie a zakonnikō ṙka Sluſſieli w ſo¬</Unicode>
                </TextEquiv>
            </TextLine>
            <TextLine id="l_38" custom="readingOrder {index:4;}">
                <Coords points="138,682 1016,657 1017,598 908,594 139,635"/>
                <Baseline points="145,662 1018,640"/>
                <TextEquiv>
                    <Unicode>botu vzdrawowati: A oni mlcżeli ale</Unicode>
                </TextEquiv>
            </TextLine>
            <TextLine id="l_42" custom="readingOrder {index:5;}">
                <Coords points="134,743 864,745 1019,703 1020,665 970,656 136,692"/>
                <Baseline points="141,723 1022,699"/>
                <TextEquiv>
                    <Unicode>on doſah geho vżdrawil a propuſtil Y</Unicode>
                </TextEquiv>
            </TextLine>
            <TextLine id="l_46" custom="readingOrder {index:6;}">
                <Coords points="143,807 992,800 1019,790 1021,698 895,744 144,743"/>
                <Baseline points="150,790 1023,767"/>
                <TextEquiv>
                    <Unicode>odpowiediew k nim ṙekl • Cżiz was oſel</Unicode>
                </TextEquiv>
            </TextLine>
            <TextLine id="l_50" custom="readingOrder {index:7;}">
                <Coords points="143,863 993,855 1016,797 394,787 143,828"/>
                <Baseline points="150,851 1019,831"/>
                <TextEquiv>
                    <Unicode>aneb wuol do yamy vpadne • zdaž ne y¬</Unicode>
                </TextEquiv>
            </TextLine>
            <TextLine id="l_54" custom="readingOrder {index:8;}">
                <Coords points="141,945 299,916 1016,914 1017,852 966,841 143,883"/>
                <Baseline points="148,913 1018,887"/>
                <TextEquiv>
                    <Unicode>hned wytahne geho w den ſobotni • A</Unicode>
                </TextEquiv>
            </TextLine>
            <TextLine id="l_58" custom="readingOrder {index:9;} abbrev {offset:28; length:3;expansion:gemv;} textStyle {offset:30; length:1;superscript:true;}">
                <Coords points="148,1000 907,963 939,985 1014,973 1016,924 299,916 149,946"/>
                <Baseline points="154,980 1017,955"/>
                <TextEquiv>
                    <Unicode>nemohli k tomu odpowiedieti gev • Pra¬</Unicode>
                </TextEquiv>
            </TextLine>
            <TextLine id="l_62" custom="readingOrder {index:10;}">
                <Coords points="154,1068 910,1049 1019,1035 1021,979 156,998"/>
                <Baseline points="161,1035 1022,1013"/>
                <TextEquiv>
                    <Unicode>wieſſe take y k pozwanym podobenſtwie</Unicode>
                </TextEquiv>
            </TextLine>
            <TextLine id="l_66" custom="readingOrder {index:11;}">
                <Coords points="147,1111 1024,1105 1025,1040 966,1029 149,1057"/>
                <Baseline points="154,1098 1028,1071"/>
                <TextEquiv>
                    <Unicode>mienie kterak by prwnie ſediene wolili</Unicode>
                </TextEquiv>
            </TextLine>
            <TextLine id="l_70" custom="readingOrder {index:12;}">
                <Coords points="149,1178 1024,1170 1025,1105 988,1098 151,1120"/>
                <Baseline points="156,1164 1026,1144"/>
                <TextEquiv>
                    <Unicode>rzky k nim • Když budeſs pozwan na</Unicode>
                </TextEquiv>
            </TextLine>
            <TextLine id="l_74" custom="readingOrder {index:13;}">
                <Coords points="149,1248 933,1237 1026,1222 1027,1179 150,1178"/>
                <Baseline points="157,1220 1028,1200"/>
                <TextEquiv>
                    <Unicode>ſwatbu neſeday na prwniem mieſtie •</Unicode>
                </TextEquiv>
            </TextLine>
            <TextLine id="l_86" custom="readingOrder {index:14;}">
                <Coords points="140,1292 930,1303 1022,1275 1024,1228 290,1230 140,1259"/>
                <Baseline points="146,1281 1025,1265"/>
                <TextEquiv>
                    <Unicode>aṫ by ſnad pocztiwieyſſi tebe nebyl poz¬</Unicode>
                </TextEquiv>
            </TextLine>
            <TextLine id="l_90" custom="readingOrder {index:15;}">
                <Coords points="142,1369 1024,1350 1026,1278 143,1314"/>
                <Baseline points="148,1348 1026,1327"/>
                <TextEquiv>
                    <Unicode>wan od nieho a przigda ten ktery tebe</Unicode>
                </TextEquiv>
            </TextLine>
            <TextLine id="l_94" custom="readingOrder {index:16;}">
                <Coords points="148,1443 587,1409 1002,1424 1030,1350 150,1377"/>
                <Baseline points="154,1418 1032,1387"/>
                <TextEquiv>
                    <Unicode>y onoho pozwal ṙekl by tobie day tomu</Unicode>
                </TextEquiv>
            </TextLine>
            <TextLine id="l_98" custom="readingOrder {index:17;} abbrev {offset:37; length:3; continued:true;expansion:požwan;}">
                <Coords points="149,1480 972,1487 1026,1468 1027,1419 651,1402 149,1443"/>
                <Baseline points="155,1474 1030,1452"/>
                <TextEquiv>
                    <Unicode>to mieſto a tehdy poċal by shanbu na po¬</Unicode>
                </TextEquiv>
            </TextLine>
            <TextLine id="l_102" custom="readingOrder {index:18;} abbrev {offset:0; length:7; continued:true;expansion:poſledniem;} abbrev {offset:38; length:4; continued:true;expansion:požwan;}">
                <Coords points="146,1562 1010,1542 1027,1471 148,1491"/>
                <Baseline points="153,1540 1029,1517"/>
                <TextEquiv>
                    <Unicode>ſledniē miſte ſedieti • Ale když budeṡ pož¬</Unicode>
                </TextEquiv>
            </TextLine>
            <TextLine id="l_106" custom="readingOrder {index:19;} abbrev {offset:0; length:2; continued:true;expansion:požwan;} abbrev {offset:19; length:10;expansion:poſledniem;}">
                <Coords points="154,1610 256,1630 1030,1584 1030,1538 974,1526 742,1560 635,1535 155,1560"/>
                <Baseline points="160,1592 1033,1579"/>
                <TextEquiv>
                    <Unicode>wā gdi poſaḋ ſe na poſledniē mieſtie aby</Unicode>
                </TextEquiv>
            </TextLine>
            <TextLine id="l_110" custom="readingOrder {index:20;}">
                <Coords points="150,1678 1033,1646 1018,1589 151,1621"/>
                <Baseline points="157,1656 1034,1641"/>
                <TextEquiv>
                    <Unicode>když przigde ten genž tebe pozwal rzekl</Unicode>
                </TextEquiv>
            </TextLine>
            <TextLine id="l_114" custom="readingOrder {index:21;}">
                <Coords points="154,1739 1029,1712 1030,1648 834,1679 762,1655 155,1676"/>
                <Baseline points="160,1717 1032,1706"/>
                <TextEquiv>
                    <Unicode>by tobie prziēteli poſeḋ wyſſe • a tehdyṫ</Unicode>
                </TextEquiv>
            </TextLine>
            <TextLine id="l_118" custom="readingOrder {index:22;}">
                <Coords points="150,1798 910,1773 1035,1801 1026,1717 151,1735"/>
                <Baseline points="156,1781 1039,1761"/>
                <TextEquiv>
                    <Unicode>bude tobie chwala przed ſpolu ſediczimi</Unicode>
                </TextEquiv>
            </TextLine>
            <TextLine id="l_122" custom="readingOrder {index:23;}">
                <Coords points="150,1862 820,1835 900,1860 1033,1840 1034,1801 910,1774 151,1801"/>
                <Baseline points="157,1838 1036,1827"/>
                <TextEquiv>
                    <Unicode>Neb každy ktož ſe niži bude powyſſen •</Unicode>
                </TextEquiv>
            </TextLine>
            <TextLine id="l_126" custom="readingOrder {index:24;}">
                <Coords points="147,1915 574,1929 602,1903 915,1898 978,1922 1034,1898 1035,1840 147,1862"/>
                <Baseline points="153,1905 1036,1892"/>
                <TextEquiv>
                    <Unicode>a kto ſe wyſſi bude ponižen • Prawieſſe</Unicode>
                </TextEquiv>
            </TextLine>
            <TextLine id="l_130" custom="readingOrder {index:25;} abbrev {offset:7; length:3;expansion:tomv;} textStyle {offset:9; length:1;superscript:true;}">
                <Coords points="144,1985 1024,1982 1033,1899 144,1926"/>
                <Baseline points="151,1959 1035,1948"/>
                <TextEquiv>
                    <Unicode>take y tov kteryž ho byl pozwal • Když</Unicode>
                </TextEquiv>
            </TextLine>
            <TextLine id="l_134" custom="readingOrder {index:26;}">
                <Coords points="142,2041 973,2044 1026,2027 1027,1982 338,1973 142,2004"/>
                <Baseline points="148,2019 1029,2012"/>
                <TextEquiv>
                    <Unicode>cżiniſs obied nebo wecżerzi • nezow prza¬</Unicode>
                </TextEquiv>
            </TextLine>
            <TextLine id="l_138" custom="readingOrder {index:27;}">
                <Coords points="150,2099 1024,2092 1016,2027 151,2054"/>
                <Baseline points="156,2082 1028,2072"/>
                <TextEquiv>
                    <Unicode>tel ſwych • ani bratrzi ſwych • ani przi¬</Unicode>
                </TextEquiv>
            </TextLine>
            <TextLine id="l_142" custom="readingOrder {index:28;}">
                <Coords points="146,2169 1028,2169 1029,2108 147,2099"/>
                <Baseline points="153,2147 1032,2135"/>
                <TextEquiv>
                    <Unicode>buznych ani ſauſedow bohatych • aṫ by</Unicode>
                </TextEquiv>
            </TextLine>
            <TextLine id="l_146" custom="readingOrder {index:29;}">
                <Coords points="143,2234 1022,2233 1032,2166 143,2169"/>
                <Baseline points="150,2207 1033,2201"/>
                <TextEquiv>
                    <Unicode>ſnad y oni za ſe nezwali tebe • a byla by to¬</Unicode>
                </TextEquiv>
            </TextLine>
            <TextLine id="l_150" custom="readingOrder {index:30;}">
                <Coords points="148,2294 1030,2281 1030,2232 899,2219 148,2234"/>
                <Baseline points="154,2264 1033,2264"/>
                <TextEquiv>
                    <Unicode>bie odplata: Ale když cżiniſs hody po¬</Unicode>
                </TextEquiv>
            </TextLine>
            <TextLine id="l_154" custom="readingOrder {index:31;}">
                <Coords points="142,2343 283,2368 972,2354 1033,2348 1034,2286 142,2310"/>
                <Baseline points="149,2331 1036,2324"/>
                <TextEquiv>
                    <Unicode>wolay chudych mdlych kulhawych ſle¬</Unicode>
                </TextEquiv>
            </TextLine>
            <TextLine id="l_158" custom="readingOrder {index:32;}">
                <Coords points="156,2423 954,2411 1037,2399 1039,2354 157,2354"/>
                <Baseline points="162,2405 1040,2389"/>
                <TextEquiv>
                    <Unicode>pych • a blahoſlaweny budeſs nebṫ ne¬</Unicode>
                </TextEquiv>
            </TextLine>
            <TextLine id="l_162" custom="readingOrder {index:33;}">
                <Coords points="144,2478 1032,2478 1026,2393 146,2424"/>
                <Baseline points="151,2462 1033,2448"/>
                <TextEquiv>
                    <Unicode>magi odkud by odplatiti tobie • ale budeṫ</Unicode>
                </TextEquiv>
            </TextLine>
            <TextLine id="l_166" custom="readingOrder {index:34;}">
                <Coords points="155,2544 995,2539 1034,2530 1035,2476 156,2479"/>
                <Baseline points="161,2518 1037,2508"/>
                <TextEquiv>
                    <Unicode>odplaczeno tobie przi wſkrzieſſeni ſpra¬</Unicode>
                </TextEquiv>
            </TextLine>
            <TextLine id="l_170" custom="readingOrder {index:35;}">
                <Coords points="157,2602 1027,2609 1040,2531 157,2544"/>
                <Baseline points="163,2580 1040,2576"/>
                <TextEquiv>
                    <Unicode>wedliwych • To když vſliſſal geden z</Unicode>
                </TextEquiv>
            </TextLine>
            <TextLine id="l_174" custom="readingOrder {index:36;}">
                <Coords points="146,2648 387,2679 1039,2649 1039,2604 1000,2596 146,2604"/>
                <Baseline points="152,2644 1040,2630"/>
                <TextEquiv>
                    <Unicode>tiech kterzi ſu ſedieli • rzekl geſt gemu •</Unicode>
                </TextEquiv>
            </TextLine>
            <TextLine id="l_178" custom="readingOrder {index:37;}">
                <Coords points="150,2709 740,2740 1037,2709 1037,2667 966,2647 763,2675 150,2668"/>
                <Baseline points="157,2703 1040,2693"/>
                <TextEquiv>
                    <Unicode>Blahoſlaweny kto bude gieſti chleb w</Unicode>
                </TextEquiv>
            </TextLine>
            <TextLine id="l_182" custom="readingOrder {index:38;}">
                <Coords points="150,2795 1048,2776 1048,2732 986,2710 749,2740 613,2713 151,2729"/>
                <Baseline points="158,2769 1051,2754"/>
                <TextEquiv>
                    <Unicode>kralowſtwi božiem A on rzekl Cžlo¬</Unicode>
                </TextEquiv>
            </TextLine>
            <TextLine id="l_186" custom="readingOrder {index:39;}">
                <Coords points="150,2842 288,2869 526,2837 1039,2850 1039,2780 1002,2776 150,2808"/>
                <Baseline points="156,2828 1041,2822"/>
                <TextEquiv>
                    <Unicode>wiek geden vcżinil vrcżeṙi welika • a poz¬</Unicode>
                </TextEquiv>
            </TextLine>
            <TextLine id="l_190" custom="readingOrder {index:40;}">
                <Coords points="150,2895 399,2928 1037,2899 1037,2852 970,2837 150,2860"/>
                <Baseline points="156,2886 1039,2874"/>
                <TextEquiv>
                    <Unicode>wal mnohych Y poſlal ſlužebnika ſwe¬</Unicode>
                </TextEquiv>
            </TextLine>
            <TextLine id="l_194" custom="readingOrder {index:41;}">
                <Coords points="148,2971 1036,2963 1016,2898 149,2915"/>
                <Baseline points="155,2963 1039,2944"/>
                <TextEquiv>
                    <Unicode>ho w hodinu wečerze powiedieti pozwa¬</Unicode>
                </TextEquiv>
            </TextLine>
            <TextLine id="l_198" custom="readingOrder {index:42;}">
                <Coords points="154,3049 629,3051 699,3019 794,3052 1025,3026 1039,2966 155,2985"/>
                <Baseline points="160,3021 1041,3005"/>
                <TextEquiv>
                    <Unicode>nym aby prziſſli • Neb jiż prziprawe¬</Unicode>
                </TextEquiv>
            </TextLine>
            <TextLine id="l_202" custom="readingOrder {index:43;}">
                <Coords points="154,3091 990,3099 1039,3087 1041,3017 794,3051 700,3019 629,3051 155,3049"/>
                <Baseline points="160,3086 1042,3066"/>
                <TextEquiv>
                    <Unicode>ny ſu wſſeczky wieczy • Y pocżali ſu ſe</Unicode>
                </TextEquiv>
            </TextLine>
            <TextLine id="l_206" custom="readingOrder {index:44;}">
                <Coords points="158,3161 1041,3152 1041,3088 895,3080 844,3112 237,3088 158,3114"/>
                <Baseline points="164,3135 1044,3133"/>
                <TextEquiv>
                    <Unicode>wſſiczkni ſpolu wymluwati • Prwni</Unicode>
                </TextEquiv>
            </TextLine>
            <TextLine id="l_210" custom="readingOrder {index:45;}">
                <Coords points="148,3208 583,3240 1047,3204 1047,3159 800,3145 408,3179 253,3153 148,3190"/>
                <Baseline points="154,3207 1048,3194"/>
                <TextEquiv>
                    <Unicode>rzekl gemu Wes gſem kupil • a potrze¬</Unicode>
                </TextEquiv>
            </TextLine>
            <TextLine id="l_214" custom="readingOrder {index:46;}">
                <Coords points="151,3286 967,3285 1034,3266 1035,3213 152,3228"/>
                <Baseline points="158,3262 1037,3253"/>
                <TextEquiv>
                    <Unicode>bie mam wygiti a ohledati gi proſym</Unicode>
                </TextEquiv>
            </TextLine>
            <TextLine id="l_218" custom="readingOrder {index:47;}">
                <Coords points="149,3370 253,3346 587,3379 1032,3359 1032,3291 900,3266 804,3294 149,3290"/>
                <Baseline points="155,3332 1034,3329"/>
                <TextEquiv>
                    <Unicode>tebe wymluw mie A druh y rzekl ſprz¬</Unicode>
                </TextEquiv>
            </TextLine>
            <TextEquiv>
                <Unicode>chleb.A oni ſſetrziechu ho. A a y czlo¬
wiek geden wodnoteſny bieſſe przed ni
Y odpowiediew geżíṡ wece k umielym
w zakonie a zakonniko ṙkr Sſuſſieli w ſo¬
botu yzdrawowati. A oni mlczeli ale
on doſah geho y zdrawil a propuſtil Y
odpowiediew k nim ṙekl R zi z was oſel
a neb wuoldo yamy v padne. zdaž ne po¬
hned wytahne geho w den ſobotni.K
nemohli k tomu odpowiedieti gev Pra¬ 
wieſſe take y kpozwanym podobenſi wie¬
mienie kterak by prwnie ſediene wolili
rzky k nim. Když budeſs pozwan na
ſwatbu neſeday na prwniem mieſtie.
at by ſnad pocztiwieyſſi teke neb yl poz¬
wan od nieho a przigda ten ktery tebe
y onoho pozwal ṙekls y tobie day tomu
tonieſto a tehdy poċals y shanbn napo¬
ſlednie miſte ſedieti. Ale kdyz budeṡ pož¬
wa gdi poſaḋ ſe na poſlednie mieſtie aby
kdyz przigde ten genz teke pozwal rzekl
by tobie przieteſi poſeḋ wyſſe. a tehdyṫ
bude tos e chwala przed ſpolu ſediczimi
Neb każdy ktoż ſe niżibude powyſſen
a kto ſe wyſſi bude ponižen. Prawieſſe
take y t kteryz ho byl pozwal Kdyz 
cziniſs obied nebo weczerzi nezow prza¬
cel ſwych ani bratrzi ſwych. ani przi¬
buznych ani ſauſedow bohatych.aťBy¬
ſnad y oni za ſe nezwali tele.a bylaby to¬
bie odplata. Ale kdyz cżiniſs hody po¬
wolay chudych mdlych kalhawych ſle¬
pych a blahoſlaweny budeſs nebt ne¬
ny gi od kud by odplatzti tobie.ale budeċ
odplaczeno tobie przi w ſtrzieſſeni ſpra¬
wedliwych. To kdyz uſſiſſal geden z¬
tiech kterzi ſu ſedieli rzekl geſt gemu
Blihoſliweny kto bude gieſti chleb w
kralowſtwi bożiem A on rzekl Rzlo.
wiek geden vcżinil vrczeṙi welika. a poz¬
wal mnoh ych Y poſlal ſlużebniku ſwe
ho w hodin.ieċerze powiedieti pozwa¬
nym ab y prziſſſi.Neb cziż prziprawe¬
ny ſu wſſeczky wieczy. pocżali ſu ſe
wſſiczkni ſpolu wymluwati.Prwni.
rzekl gemu Nes gſem kupil. a potrze¬
bie mam wygiti a ohledati gi proſym
teze wyluw mie A druh y rzekl ſprz¬</Unicode>
            </TextEquiv>
        </TextRegion>
        <TextRegion id="r_7" custom="readingOrder {index:2;}">
            <Coords points="1100,311 2032,311 2032,3426 1100,3426"/>
            <TextLine id="l_222" custom="readingOrder {index:0;}">
                <Coords points="1095,423 1952,421 1985,408 1986,347 1096,336"/>
                <Baseline points="1101,395 1988,385"/>
                <TextEquiv>
                    <Unicode>żenie woluow kupil ſem patero • a gdu</Unicode>
                </TextEquiv>
            </TextLine>
            <TextLine id="l_226" custom="readingOrder {index:1;} abbrev {offset:18; length:5;expansion:proſym;}">
                <Coords points="1088,480 1980,475 1967,414 1089,423"/>
                <Baseline points="1095,454 1983,442"/>
                <TextEquiv>
                    <Unicode>abych gich zkuſyl ꝓſym tebe wymluw</Unicode>
                </TextEquiv>
            </TextLine>
            <TextLine id="l_230" custom="readingOrder {index:2;}">
                <Coords points="1095,543 1911,538 1982,523 1983,472 1096,480"/>
                <Baseline points="1102,515 1986,504"/>
                <TextEquiv>
                    <Unicode>mie A giny rzekl Zenu ſem poial • a</Unicode>
                </TextEquiv>
            </TextLine>
            <TextLine id="l_234" custom="readingOrder {index:3;}">
                <Coords points="1094,611 1902,602 1988,586 1989,542 1938,519 1784,547 1095,543"/>
                <Baseline points="1100,577 1992,563"/>
                <TextEquiv>
                    <Unicode>protożṫ nemohu przigiti Y nawratiw</Unicode>
                </TextEquiv>
            </TextLine>
            <TextLine id="l_238" custom="readingOrder {index:4;} abbrev {offset:35; length:3;expansion:panv;} textStyle {offset:37; length:1;superscript:true;}">
                <Coords points="1091,668 1899,672 1988,643 1988,586 1091,612"/>
                <Baseline points="1097,629 1991,627"/>
                <TextEquiv>
                    <Unicode>ſe ſlužebnik zwieſtowal tyto wiecy pav</Unicode>
                </TextEquiv>
            </TextLine>
            <TextLine id="l_242" custom="readingOrder {index:5;}">
                <Coords points="1096,724 1704,735 1813,706 1907,730 1991,692 1991,666 1788,650 1096,668"/>
                <Baseline points="1102,694 1994,692"/>
                <TextEquiv>
                    <Unicode>ſwemu Tehdy rozhniewaw ſe hoſpo¬</Unicode>
                </TextEquiv>
            </TextLine>
            <TextLine id="l_246" custom="readingOrder {index:6;}">
                <Coords points="1095,776 1990,790 1981,718 1095,723"/>
                <Baseline points="1101,759 1993,752"/>
                <TextEquiv>
                    <Unicode>darz • rzekl ſlužebniku ſwemu Wygdi</Unicode>
                </TextEquiv>
            </TextLine>
            <TextLine id="l_250" custom="readingOrder {index:7;}">
                <Coords points="1098,851 1988,841 1988,790 1787,768 1309,805 1098,784"/>
                <Baseline points="1104,819 1991,815"/>
                <TextEquiv>
                    <Unicode>rychle na ryňky a na vſicze Mieſta • a</Unicode>
                </TextEquiv>
            </TextLine>
            <TextLine id="l_254" custom="readingOrder {index:8;}">
                <Coords points="1094,900 1925,910 1990,886 1991,839 1095,853"/>
                <Baseline points="1100,885 1993,876"/>
                <TextEquiv>
                    <Unicode>chude a mdle ſlepe a chrome v weď ſem</Unicode>
                </TextEquiv>
            </TextLine>
            <TextLine id="l_258" custom="readingOrder {index:9;} abbrev {offset:37; length:2;expansion:gest;}">
                <Coords points="1095,974 1982,965 1982,891 1702,925 1589,895 1095,900"/>
                <Baseline points="1101,936 1984,938"/>
                <TextEquiv>
                    <Unicode>Y wecze ſluzebnik • Pane • ſtaloṫ ſe ḡt</Unicode>
                </TextEquiv>
            </TextLine>
            <TextLine id="l_262" custom="readingOrder {index:10;}">
                <Coords points="1096,1029 1903,1042 1994,1019 1996,964 1097,977"/>
                <Baseline points="1102,1009 1998,997"/>
                <TextEquiv>
                    <Unicode>iakoż ſy rozkazal • a geſſtieṫ mieſto geſt</Unicode>
                </TextEquiv>
            </TextLine>
            <TextLine id="l_266" custom="readingOrder {index:11;}">
                <Coords points="1100,1096 1991,1079 1977,1036 1837,1024 1102,1025"/>
                <Baseline points="1107,1080 1995,1064"/>
                <TextEquiv>
                    <Unicode>Y wecze pan ſlužebniku Wygdiž na cze¬</Unicode>
                </TextEquiv>
            </TextLine>
            <TextLine id="l_270" custom="readingOrder {index:12;}">
                <Coords points="1099,1166 1856,1165 1994,1146 1996,1090 1099,1104"/>
                <Baseline points="1106,1141 1997,1131"/>
                <TextEquiv>
                    <Unicode>ſty a mezy ploty a przipuď przigiti aṫ ſe</Unicode>
                </TextEquiv>
            </TextLine>
            <TextLine id="l_274" custom="readingOrder {index:13;}">
                <Coords points="1102,1222 1996,1218 1983,1143 1102,1163"/>
                <Baseline points="1108,1202 1999,1194"/>
                <TextEquiv>
                    <Unicode>naplni duom muoy • Giſtie prawimṫ</Unicode>
                </TextEquiv>
            </TextLine>
            <TextLine id="l_278" custom="readingOrder {index:14;}">
                <Coords points="1113,1283 1914,1283 1992,1267 1993,1220 1114,1225"/>
                <Baseline points="1119,1265 1995,1258"/>
                <TextEquiv>
                    <Unicode>wam • že žadny z mużuow tiech kteṙiž ſu</Unicode>
                </TextEquiv>
            </TextLine>
            <TextLine id="l_286" custom="readingOrder {index:15;}">
                <Coords points="1100,1355 1847,1325 1994,1351 1981,1263 1102,1287"/>
                <Baseline points="1107,1332 1999,1323"/>
                <TextEquiv>
                    <Unicode>pozweni ne okuſie wecżerze me • Y ſſli</Unicode>
                </TextEquiv>
            </TextLine>
            <TextLine id="l_290" custom="readingOrder {index:16;}">
                <Coords points="1095,1419 1994,1397 1994,1351 1848,1325 1763,1355 1095,1347"/>
                <Baseline points="1101,1390 1997,1389"/>
                <TextEquiv>
                    <Unicode>ſu mnozij zaſtupowe s nim • a obratiw</Unicode>
                </TextEquiv>
            </TextLine>
            <TextLine id="l_294" custom="readingOrder {index:17;}">
                <Coords points="1107,1474 1989,1460 1988,1401 1959,1396 1106,1412"/>
                <Baseline points="1113,1447 1991,1453"/>
                <TextEquiv>
                    <Unicode>ſe rzekl k nim • Gde li kto be mnie • a ne¬</Unicode>
                </TextEquiv>
            </TextLine>
            <TextLine id="l_298" custom="readingOrder {index:18;}">
                <Coords points="1106,1529 1951,1534 1999,1522 2000,1476 1699,1452 1107,1474"/>
                <Baseline points="1113,1513 2001,1509"/>
                <TextEquiv>
                    <Unicode>ma w nenawiſti otcze ſweho y materze •</Unicode>
                </TextEquiv>
            </TextLine>
            <TextLine id="l_302" custom="readingOrder {index:19;}">
                <Coords points="1110,1591 1952,1597 1999,1575 2000,1531 1111,1531"/>
                <Baseline points="1116,1579 2002,1570"/>
                <TextEquiv>
                    <Unicode>y ženy y ſynuow y bratrzi y ſeſtr • a ge¬</Unicode>
                </TextEquiv>
            </TextLine>
            <TextLine id="l_306" custom="readingOrder {index:20;} abbrev {offset:15; length:4;expansion:ſweho;} textStyle {offset:18; length:1;superscript:true;}">
                <Coords points="1108,1661 1991,1651 1992,1577 1110,1604"/>
                <Baseline points="1116,1642 1994,1627"/>
                <TextEquiv>
                    <Unicode>ſſtie y ziwota ſweo • nemuož byti mym</Unicode>
                </TextEquiv>
            </TextLine>
            <TextLine id="l_310" custom="readingOrder {index:21;}">
                <Coords points="1106,1730 1947,1711 1991,1702 1992,1657 1487,1639 1431,1669 1327,1643 1106,1670"/>
                <Baseline points="1113,1702 1994,1693"/>
                <TextEquiv>
                    <Unicode>vcżedlnikem • a kto neneſe krziże ſweho</Unicode>
                </TextEquiv>
            </TextLine>
            <TextLine id="l_314" custom="readingOrder {index:22;}">
                <Coords points="1107,1772 1882,1777 1998,1765 1999,1706 1107,1732"/>
                <Baseline points="1114,1768 2001,1751"/>
                <TextEquiv>
                    <Unicode>a negde po mnie • nemuož byti mym v¬</Unicode>
                </TextEquiv>
            </TextLine>
            <TextLine id="l_318" custom="readingOrder {index:23;}">
                <Coords points="1100,1841 1999,1826 2000,1779 1930,1762 1102,1796"/>
                <Baseline points="1107,1827 2002,1810"/>
                <TextEquiv>
                    <Unicode>czedlnikem Nebo kto z was chtie ſtawie¬</Unicode>
                </TextEquiv>
            </TextLine>
            <TextLine id="l_322" custom="readingOrder {index:24;}">
                <Coords points="1100,1906 2011,1889 2012,1820 1102,1842"/>
                <Baseline points="1107,1890 2013,1870"/>
                <TextEquiv>
                    <Unicode>ti wieži • wſſak prwe ſedna poċita na kla¬</Unicode>
                </TextEquiv>
            </TextLine>
            <TextLine id="l_326" custom="readingOrder {index:25;}">
                <Coords points="1100,1952 1993,1958 1977,1883 1102,1904"/>
                <Baseline points="1107,1951 1997,1931"/>
                <TextEquiv>
                    <Unicode>dy • kterziż ſu potrzebni muožli mieti k</Unicode>
                </TextEquiv>
            </TextLine>
            <TextLine id="l_330" custom="readingOrder {index:26;}">
                <Coords points="1096,2022 2006,2024 2007,1954 1097,1962"/>
                <Baseline points="1102,2011 2008,1997"/>
                <TextEquiv>
                    <Unicode>dokonani • aby ſnad polože zaklad • a ne¬</Unicode>
                </TextEquiv>
            </TextLine>
            <TextLine id="l_334" custom="readingOrder {index:27;}">
                <Coords points="1105,2077 2012,2077 2013,2028 1973,2006 1106,2040"/>
                <Baseline points="1111,2076 2014,2051"/>
                <TextEquiv>
                    <Unicode>moha dokonati • wſſiczkni kterzi by wi¬</Unicode>
                </TextEquiv>
            </TextLine>
            <TextLine id="l_338" custom="readingOrder {index:28;}">
                <Coords points="1103,2142 1238,2172 2004,2131 2005,2076 1964,2066 1104,2098"/>
                <Baseline points="1110,2137 2007,2113"/>
                <TextEquiv>
                    <Unicode>dieli pocżali by ſe gemu poſmiewati ṙku¬</Unicode>
                </TextEquiv>
            </TextLine>
            <TextLine id="l_342" custom="readingOrder {index:29;}">
                <Coords points="1102,2209 2008,2195 2009,2125 1103,2163"/>
                <Baseline points="1108,2194 2011,2179"/>
                <TextEquiv>
                    <Unicode>cze Ze tento pocżal ſtawieti • a nemohl</Unicode>
                </TextEquiv>
            </TextLine>
            <TextLine id="l_346" custom="readingOrder {index:30;}">
                <Coords points="1104,2267 1363,2288 2015,2256 2015,2197 1946,2188 1105,2223"/>
                <Baseline points="1110,2262 2017,2245"/>
                <TextEquiv>
                    <Unicode>dokonati A neb ktery kral chte giti aby</Unicode>
                </TextEquiv>
            </TextLine>
            <TextLine id="l_350" custom="readingOrder {index:31;}">
                <Coords points="1104,2337 1918,2336 2008,2326 2011,2258 1105,2280"/>
                <Baseline points="1110,2325 2011,2299"/>
                <TextEquiv>
                    <Unicode>boiowal proti ginemu krali • wſſak ſeďe</Unicode>
                </TextEquiv>
            </TextLine>
            <TextLine id="l_354" custom="readingOrder {index:32;}">
                <Coords points="1096,2406 2006,2396 2008,2326 1097,2341"/>
                <Baseline points="1102,2385 2010,2360"/>
                <TextEquiv>
                    <Unicode>prwe pomyſti • mohll iby s deſyeti tiſy¬</Unicode>
                </TextEquiv>
            </TextLine>
            <TextLine id="l_358" custom="readingOrder {index:33;}">
                <Coords points="1099,2459 2006,2448 2007,2396 1947,2386 1102,2409"/>
                <Baseline points="1107,2452 2010,2425"/>
                <TextEquiv>
                    <Unicode>czy potkati ſe s oniemno ktery ſe dwad¬</Unicode>
                </TextEquiv>
            </TextLine>
            <TextLine id="l_362" custom="readingOrder {index:34;}">
                <Coords points="1102,2536 1786,2495 2012,2515 2013,2444 1278,2450 1102,2482"/>
                <Baseline points="1108,2502 2013,2489"/>
                <TextEquiv>
                    <Unicode>cieti tiſyty beṙe ſe proti niemu ginak an</Unicode>
                </TextEquiv>
            </TextLine>
            <TextLine id="l_368" custom="readingOrder {index:35;}">
                <Coords points="1103,2570 1661,2593 1998,2565 2020,2527 1787,2494 1755,2523 1103,2537"/>
                <Baseline points="1109,2569 2021,2548"/>
                <TextEquiv>
                    <Unicode>geſſtie podal tahne poſſſe poſelſtwie •</Unicode>
                </TextEquiv>
            </TextLine>
            <TextLine id="l_372" custom="readingOrder {index:36;}">
                <Coords points="1091,2634 1453,2662 1541,2631 1942,2634 2008,2625 2009,2564 1339,2576 1091,2618"/>
                <Baseline points="1098,2628 2011,2607"/>
                <TextEquiv>
                    <Unicode>k niemu žadage za ty wieczy ktere ſu ku</Unicode>
                </TextEquiv>
            </TextLine>
            <TextLine id="l_376" custom="readingOrder {index:37;}">
                <Coords points="1091,2707 1977,2705 2011,2642 1092,2654"/>
                <Baseline points="1097,2694 2012,2669"/>
                <TextEquiv>
                    <Unicode>pokogi Protož tak každy z was ktož ſe ne¬</Unicode>
                </TextEquiv>
            </TextLine>
            <TextLine id="l_380" custom="readingOrder {index:38;}">
                <Coords points="1103,2774 2016,2740 2017,2701 1923,2690 1105,2713"/>
                <Baseline points="1110,2760 2019,2729"/>
                <TextEquiv>
                    <Unicode>odpowie wſſech wieczij kterymiž wlad¬</Unicode>
                </TextEquiv>
            </TextLine>
            <TextLine id="l_384" custom="readingOrder {index:39;}">
                <Coords points="1116,2834 1936,2830 2009,2808 2011,2767 1118,2776"/>
                <Baseline points="1123,2816 2012,2793"/>
                <TextEquiv>
                    <Unicode>ne • nemuož byti mym vcżedlnikem Do¬</Unicode>
                </TextEquiv>
            </TextLine>
            <TextLine id="l_388" custom="readingOrder {index:40;}">
                <Coords points="1100,2890 2012,2876 2004,2829 1881,2817 1103,2845"/>
                <Baseline points="1108,2884 2016,2854"/>
                <TextEquiv>
                    <Unicode>braṫ geſt ſuol • pakliṫ ſuol bude zmarze¬</Unicode>
                </TextEquiv>
            </TextLine>
            <TextLine id="l_392" custom="readingOrder {index:41;}">
                <Coords points="1097,2948 2000,2950 2017,2890 1097,2909"/>
                <Baseline points="1103,2940 2019,2923"/>
                <TextEquiv>
                    <Unicode>na: cžim bude ſoleno • ani do zemie ani</Unicode>
                </TextEquiv>
            </TextLine>
            <TextLine id="l_396" custom="readingOrder {index:42;}">
                <Coords points="1096,3012 2014,3004 2014,2957 1900,2932 1844,2961 1097,2964"/>
                <Baseline points="1103,2996 2017,2979"/>
                <TextEquiv>
                    <Unicode>do hnoge ſe hodi • ale wywrżena bude</Unicode>
                </TextEquiv>
            </TextLine>
            <TextLine id="l_400" custom="readingOrder {index:43;}">
                <Coords points="1099,3070 1552,3091 1965,3058 1965,3022 1882,3001 1444,3028 1341,3005 1100,3040"/>
                <Baseline points="1106,3058 1967,3037"/>
                <TextEquiv>
                    <Unicode>wen • Ktož ma vſſi k sſlyſſeni ſlyſs •</Unicode>
                </TextEquiv>
            </TextLine>
            <TextLine id="l_412" custom="readingOrder {index:44;}">
                <Coords points="1290,3144 1672,3145 1749,3105 1817,3133 1890,3111 1966,3135 1967,3070 1788,3071 1748,3095 1696,3069 1551,3091 1291,3072"/>
                <Baseline points="1296,3109 1969,3099"/>
                <TextEquiv>
                    <Unicode>Przibližowachu ſe Ca XV</Unicode>
                </TextEquiv>
            </TextLine>
            <TextLine id="l_416" custom="readingOrder {index:45;} abbrev {offset:6; length:4;expansion:niemv;} textStyle {offset:9; length:1;superscript:true;}">
                <Coords points="1288,3218 1335,3196 2013,3193 2012,3118 1604,3150 1372,3135 1291,3161"/>
                <Baseline points="1296,3185 2017,3158"/>
                <TextEquiv>
                    <Unicode>pak k niev zgewni v tayni hrzie¬</Unicode>
                </TextEquiv>
            </TextLine>
            <TextLine id="l_420" custom="readingOrder {index:46;}">
                <Coords points="1285,3283 1511,3301 1711,3265 2009,3263 2013,3193 1759,3185 1601,3220 1546,3190 1475,3213 1340,3192 1287,3220"/>
                <Baseline points="1292,3254 2014,3220"/>
                <TextEquiv>
                    <Unicode>ſſniczy • aby geho ſlyſſal Y re¬</Unicode>
                </TextEquiv>
            </TextLine>
            <TextLine id="l_424" custom="readingOrder {index:47;}">
                <Coords points="1823,3310 1842,3320 1868,3314 1890,3323 1926,3316 1937,3323 1951,3313 1958,3318 1977,3310 1977,3262 1967,3258 1907,3262 1897,3253 1875,3260 1862,3254 1834,3273 1823,3270"/>
                <Baseline points="1829,3286 1980,3285"/>
                <TextEquiv>
                    <Unicode>dd v</Unicode>
                </TextEquiv>
            </TextLine>
            <TextEquiv>
                <Unicode>żeníe woluow kapil ſem patero.a gdu
abych gich zkuſyl ꝓti teke wymluw¬ 
mie K giny rzekl menu ſem poſal a
protożt nemohu przigiti Y nawrati w
ſe ſluzebnik zwieſtowal lyto wiecy pav
ſwemu Tehdy rozhniewaw ſe hoſpo¬
da rz rzekl ſluzebniku ſwemu.Wygdi
rychle narynky a na vſicze.Mieſta. a
chude a mdle ſlepe a chrome v weḋ ſem
Y wecze ſluzebnik. Pane ſtalot ſe ḡt 
ſakož ſy rozkrzal A geſſtieṫ mieſto geſt
Y wecze pan ſluzebniku.Bygdiż na cze¬
ſty a mezy ploty a przipud przigiti aṫ ſe
naplni duom muoy. Giſtie prawímṫ¬
wam.że żadny zmuzuow tiech kteṙiż ſu
pozweni ne okuſie wecżerze ne Y ſſli
ſu mnozu zaſtupowe s nim.a obratiw¬
ſe rzekl k nim. Gdeli kto ke mnie.a neb
ma w nenawiſti otcze ſweho y materze
y zeny y ſynuow y bratrzi y ſeſtr. a ge¬
ſſiie y ziwota ſweo. nemuoz bytz mym 
vcżedlnikem.a ko neneſe krziże ſweho
a negde po mnie.nemuoz bytzniym S¬
czedlnikem Nebo kto z was chtie ſtawie¬
t wieží.wſſak prwe ſedna počita na kla¬
dy kterziz ſu potrzebni muozli miecz k
dokonani. aby ſnad poloże zaklad. a ne.
moha dokonati wſſiczkni kterziṡ y wi¬
dieli po cżaliby ſe gemu poſmiewati ṙku
cze Bze tento poczal ſtawiet. a nemoh l¬
dokonati. A neb ktery kral chte git aby¬
bozowal proti ginemu krali wſſak ſede¬
prwe pomyſti mohlliṡ y s deſyeti tiſy¬
czy potkati ſe s o niemno ktery ſe dwad¬
czeti tiſycy leṙe ſe proti niemu ginak an¬
geſſtie podal tahne poſſſe poſelſtwie¬
k niemu žadage za ty wieczy ktere ſu ka¬
pokogi Protoz tak każdy z was ktoż ſe ne¬
odpowie wſſech wieczh kterymiž wlad¬
ne.nemuoz bytimym y czedlnikem Do¬
braṫ geſt ſuol Pakliṫ ſuol bude zimarze¬
na r czini bude ſoleno. ani do zemie ani
do hnocie ſe hodi.ale wywrżena bude.
wen. Ktoz ma vſſi sſlyſſeni ſlyſs
iilowai ſak io e
pak k neem zgewni v tavni hrzie¬ 
ſſniczy aby gehoſyſſal Y ṙe¬
o d v¬</Unicode>
            </TextEquiv>
        </TextRegion>
    </Page>
</PcGts>
