<?xml version="1.0" encoding="UTF-8" standalone="yes"?>
<PcGts xmlns="http://schema.primaresearch.org/PAGE/gts/pagecontent/2013-07-15" xmlns:xsi="http://www.w3.org/2001/XMLSchema-instance" xsi:schemaLocation="http://schema.primaresearch.org/PAGE/gts/pagecontent/2013-07-15 http://schema.primaresearch.org/PAGE/gts/pagecontent/2013-07-15/pagecontent.xsd">
    <Metadata>
        <Creator>prov=READ-COOP:name=PyLaia@TranskribusPlatform:version=2.20.0:model_id=49186:lm=none:date=04_12_2024_12:41</Creator>
        <Created>2024-11-22T17:31:54.811+01:00</Created>
        <LastChange>2024-12-12T11:40:42.279+01:00</LastChange>
        <TranskribusMetadata docId="5363448" pageId="84626545" pageNr="841" tsid="211947984" status="GT" userId="100969" imgUrl="https://files.transkribus.eu/Get?id=KEOLDKKFSJNZZJNEWZARKKXO&amp;fileType=view" xmlUrl="https://files.transkribus.eu/Get?id=LQZZVGHMCEFWRMWLZJVOXJVI" imageId="69898547"/>
    </Metadata>
    <Page imageFilename="DTL_547662-0842.jpeg" imageWidth="2530" imageHeight="3955">
        <ReadingOrder>
            <OrderedGroup id="ro_1734605780819" caption="Regions reading order">
                <RegionRefIndexed index="0" regionRef="tr_2"/>
                <RegionRefIndexed index="1" regionRef="r"/>
            </OrderedGroup>
        </ReadingOrder>
        <TextRegion orientation="0.0" id="tr_2" custom="readingOrder {index:0;}">
            <Coords points="495,227 507,3204 1446,3254 1416,243"/>
            <TextLine id="tr_2_tl_1" custom="readingOrder {index:0;}">
                <Coords points="1347,179 1371,185 1435,171 1454,184 1473,176 1497,191 1527,177 1559,181 1581,171 1582,92 1536,105 1479,89 1462,103 1441,98 1427,108 1384,85 1348,85"/>
                <Baseline points="1355,155 1380,157 1405,158 1431,158 1456,157 1482,155 1507,155 1533,155 1558,155 1584,155"/>
                <TextEquiv>
                    <Unicode>Ezechyel</Unicode>
                </TextEquiv>
            </TextLine>
            <TextLine id="tr_2_tl_2" custom="readingOrder {index:1;}">
                <Coords points="510,320 1393,329 1393,266 1336,246 1222,277 1120,229 1025,270 942,242 510,272"/>
                <Baseline points="516,313 560,313 604,313 648,313 692,316 736,313 780,313 824,316 868,313 912,313 956,313 1000,313 1044,313 1088,313 1132,315 1176,316 1220,316 1264,316 1308,316 1352,316 1396,319"/>
                <TextEquiv>
                    <Unicode>dete wiedieti že ia pan wylil ſem rozhnie¬</Unicode>
                </TextEquiv>
            </TextLine>
            <TextLine id="tr_2_tl_4" custom="readingOrder {index:2;}">
                <Coords points="510,400 1402,399 1402,344 1218,328 510,337"/>
                <Baseline points="516,376 560,376 604,376 649,376 693,379 738,376 782,376 827,376 871,379 916,379 960,376 1004,376 1049,379 1093,376 1138,379 1182,376 1227,379 1271,379 1316,379 1360,379 1405,376"/>
                <TextEquiv>
                    <Unicode>wanie me na was: Y ſtalo ſe ſlowo pa¬</Unicode>
                </TextEquiv>
            </TextLine>
            <TextLine id="tr_2_tl_7" custom="readingOrder {index:3;}">
                <Coords points="501,451 1369,467 1383,403 500,401"/>
                <Baseline points="507,438 551,438 595,438 639,438 683,438 727,438 771,441 815,441 859,441 903,438 947,440 991,441 1035,441 1079,439 1123,440 1167,441 1211,441 1255,441 1299,441 1343,441 1387,444"/>
                <TextEquiv>
                    <Unicode>nie ke mnie rzka. Synu cżlowiecżi rczy</Unicode>
                </TextEquiv>
            </TextLine>
            <TextLine id="tr_2_tl_8" custom="readingOrder {index:4;} abbrev {offset:27; length:7;expansion:deſſtiem;}">
                <Coords points="510,502 1396,520 1396,468 1323,448 1149,480 1058,449 1016,473 510,453"/>
                <Baseline points="516,498 560,501 604,501 648,501 692,501 736,501 780,501 825,501 869,504 913,504 957,504 1001,504 1045,502 1089,503 1134,504 1178,504 1222,504 1266,504 1310,504 1354,504 1399,504"/>
                <TextEquiv>
                    <Unicode>gemu. Tys zemie necżiſta a deſſtiē ne¬</Unicode>
                </TextEquiv>
            </TextLine>
            <TextLine id="tr_2_tl_10" custom="readingOrder {index:5;}">
                <Coords points="503,596 554,572 1393,584 1393,527 1360,516 640,534 503,501"/>
                <Baseline points="510,567 554,567 598,567 642,564 687,564 731,564 775,564 820,567 864,567 908,567 953,567 997,564 1041,567 1085,567 1130,567 1174,567 1218,567 1263,567 1307,567 1351,567 1396,564"/>
                <TextEquiv>
                    <Unicode>ſkropena W den prchliwoſti zaprziſeže¬</Unicode>
                </TextEquiv>
            </TextLine>
            <TextLine id="tr_2_tl_12" custom="readingOrder {index:6;}">
                <Coords points="501,635 1387,649 1387,586 1328,578 501,595"/>
                <Baseline points="507,623 551,626 595,626 639,626 683,626 727,629 771,629 816,629 860,629 904,629 948,626 992,626 1036,626 1080,626 1125,629 1169,629 1213,626 1257,628 1301,629 1345,627 1390,629"/>
                <TextEquiv>
                    <Unicode>nie prorokuow proſtṙed nieho. iako lew</Unicode>
                </TextEquiv>
            </TextLine>
            <TextLine id="tr_2_tl_14" custom="readingOrder {index:7;}">
                <Coords points="507,703 1394,716 1393,650 1355,635 507,647"/>
                <Baseline points="513,692 557,689 601,689 645,689 689,689 733,689 777,689 822,689 866,689 910,689 954,692 998,689 1042,692 1086,692 1131,692 1175,692 1219,692 1263,692 1307,692 1351,692 1396,689"/>
                <TextEquiv>
                    <Unicode>rzwawy a bera lupež. duſſi ſežrali nedo¬</Unicode>
                </TextEquiv>
            </TextLine>
            <TextLine id="tr_2_tl_17" custom="readingOrder {index:8;}">
                <Coords points="510,778 1391,781 1391,712 1352,698 995,724 510,701"/>
                <Baseline points="516,755 559,752 603,752 647,752 691,752 735,752 779,752 822,755 866,753 910,754 954,755 998,755 1042,755 1086,755 1129,755 1173,755 1217,755 1261,755 1305,755 1349,755 1393,755"/>
                <TextEquiv>
                    <Unicode>ſtatečneho a mzdu brali Wdowy geho</Unicode>
                </TextEquiv>
            </TextLine>
            <TextLine id="tr_2_tl_19" custom="readingOrder {index:9;} abbrev {offset:11; length:7;expansion:proſtrzed;}">
                <Coords points="501,832 1393,845 1393,784 1345,768 501,784"/>
                <Baseline points="507,814 551,814 595,814 640,814 684,814 729,817 773,817 818,817 862,817 907,817 951,817 995,817 1040,817 1084,817 1129,817 1173,820 1218,817 1262,817 1307,817 1351,817 1396,811"/>
                <TextEquiv>
                    <Unicode>rozmnožili ꝓſtrzed nieho kniežie geho</Unicode>
                </TextEquiv>
            </TextLine>
            <TextLine id="tr_2_tl_21" custom="readingOrder {index:10;}">
                <Coords points="516,900 1393,894 1393,844 1316,827 1209,851 516,836"/>
                <Baseline points="522,883 565,879 609,877 653,877 696,877 740,877 784,877 827,877 871,877 915,877 959,878 1002,880 1046,879 1090,877 1133,880 1177,880 1221,877 1264,877 1308,877 1352,877 1396,874"/>
                <TextEquiv>
                    <Unicode>potupili zakon moy. a poſſkwrnili ſwa¬</Unicode>
                </TextEquiv>
            </TextLine>
            <TextLine id="tr_2_tl_22" custom="readingOrder {index:11;}">
                <Coords points="501,956 1390,961 1390,903 1270,889 1086,915 780,884 501,900"/>
                <Baseline points="507,940 551,940 595,940 639,937 684,937 728,940 772,940 817,940 861,940 905,940 950,940 994,943 1038,940 1082,943 1127,943 1171,940 1215,940 1260,940 1304,940 1348,940 1393,937"/>
                <TextEquiv>
                    <Unicode>tynie me: Mezy ſwatym a prokletym</Unicode>
                </TextEquiv>
            </TextLine>
            <TextLine id="tr_2_tl_24" custom="readingOrder {index:12;}">
                <Coords points="503,1020 1387,1010 1387,961 1345,951 503,957"/>
                <Baseline points="510,999 554,999 598,999 642,999 686,999 730,999 774,999 818,1002 862,1002 906,1002 950,1002 994,1002 1038,1002 1082,1002 1126,1004 1170,1003 1214,1002 1258,1002 1302,1000 1346,999 1390,999"/>
                <TextEquiv>
                    <Unicode>nemieli rozdielu. a mezy poſſkwrnie¬</Unicode>
                </TextEquiv>
            </TextLine>
            <TextLine id="tr_2_tl_26" custom="readingOrder {index:13;}">
                <Coords points="501,1075 1390,1081 1390,1022 1334,1014 501,1025"/>
                <Baseline points="507,1068 551,1062 595,1062 639,1065 684,1062 728,1062 772,1062 817,1062 861,1062 905,1062 950,1065 994,1065 1038,1065 1082,1065 1127,1062 1171,1062 1215,1062 1260,1062 1304,1062 1348,1062 1393,1062"/>
                <TextEquiv>
                    <Unicode>nym a cżiſtym neſrozumieli. a od ſobot</Unicode>
                </TextEquiv>
            </TextLine>
            <TextLine id="tr_2_tl_28" custom="readingOrder {index:14;}">
                <Coords points="501,1143 1390,1148 1369,1076 501,1086"/>
                <Baseline points="507,1125 551,1123 595,1125 639,1125 684,1125 728,1125 772,1125 817,1125 861,1125 905,1125 950,1125 994,1125 1038,1128 1082,1128 1127,1125 1171,1128 1215,1125 1260,1125 1304,1125 1348,1125 1393,1122"/>
                <TextEquiv>
                    <Unicode>mych odwratili ocżi ſwe. a poſſkwrnio¬</Unicode>
                </TextEquiv>
            </TextLine>
            <TextLine id="tr_2_tl_30" custom="readingOrder {index:15;} abbrev {offset:8; length:7;expansion:proſtrzed;} abbrev {offset:31; length:3;expansion:geho;} abbrev {offset:35; length:2; continued:true;expansion:proſtṙed;}">
                <Coords points="512,1194 1390,1207 1390,1148 1335,1139 512,1146"/>
                <Baseline points="519,1185 562,1185 606,1185 650,1187 693,1187 737,1185 781,1185 824,1185 868,1185 912,1187 956,1187 999,1187 1043,1187 1087,1187 1130,1187 1174,1187 1218,1186 1261,1186 1305,1187 1349,1187 1393,1185"/>
                <TextEquiv>
                    <Unicode>wan ſem ꝓſtrzed nich: Kniežata ge° ꝓ¬</Unicode>
                </TextEquiv>
            </TextLine>
            <TextLine id="tr_2_tl_32" custom="readingOrder {index:16;} abbrev {offset:0; length:5; continued:true;expansion:proſtṙed;}">
                <Coords points="507,1275 1393,1259 1393,1207 1362,1203 896,1193 776,1222 507,1196"/>
                <Baseline points="513,1250 557,1250 601,1249 645,1247 689,1247 733,1246 777,1244 822,1245 866,1247 910,1247 954,1247 998,1247 1042,1250 1086,1250 1131,1247 1175,1247 1219,1247 1263,1247 1307,1247 1351,1247 1396,1244"/>
                <TextEquiv>
                    <Unicode>ſtṙed nieho. yako wlczie chwatagicze lu¬</Unicode>
                </TextEquiv>
            </TextLine>
            <TextLine id="tr_2_tl_34" custom="readingOrder {index:17;}">
                <Coords points="507,1345 621,1314 1393,1334 1393,1259 1337,1252 1248,1284 774,1254 507,1275"/>
                <Baseline points="513,1313 557,1313 601,1313 645,1313 689,1310 733,1310 777,1310 821,1310 865,1310 909,1310 954,1310 998,1310 1042,1310 1086,1312 1130,1313 1174,1313 1218,1313 1262,1313 1306,1313 1350,1315 1395,1315"/>
                <TextEquiv>
                    <Unicode>pež. k proliti krwe a k zatraceni duſſij</Unicode>
                </TextEquiv>
            </TextLine>
            <TextLine id="tr_2_tl_36" custom="readingOrder {index:18;}">
                <Coords points="501,1385 1387,1395 1387,1334 616,1316 501,1347"/>
                <Baseline points="507,1373 551,1373 595,1373 639,1373 683,1373 727,1373 771,1373 816,1370 860,1373 904,1373 948,1373 992,1370 1036,1372 1080,1375 1125,1374 1169,1373 1213,1375 1257,1374 1301,1373 1345,1375 1390,1376"/>
                <TextEquiv>
                    <Unicode>a lakomie ſtogiece po zyſku. a proroczy</Unicode>
                </TextEquiv>
            </TextLine>
            <TextLine id="tr_2_tl_38" custom="readingOrder {index:19;}">
                <Coords points="507,1459 1402,1458 1402,1394 1367,1387 507,1396"/>
                <Baseline points="513,1432 557,1435 602,1435 646,1435 691,1435 736,1435 780,1432 825,1432 869,1435 914,1435 959,1435 1003,1435 1048,1438 1092,1438 1137,1438 1182,1435 1226,1435 1271,1438 1315,1438 1360,1435 1405,1438"/>
                <TextEquiv>
                    <Unicode>geho pomazowachu gich lez pṙinieſſe¬</Unicode>
                </TextEquiv>
            </TextLine>
            <TextLine id="tr_2_tl_40" custom="readingOrder {index:20;}">
                <Coords points="501,1510 1387,1505 1386,1465 1284,1446 1092,1476 631,1438 500,1460"/>
                <Baseline points="507,1498 551,1495 595,1495 639,1495 683,1495 727,1495 771,1495 816,1495 860,1495 904,1495 948,1495 992,1495 1036,1495 1080,1495 1125,1498 1169,1498 1213,1498 1257,1498 1301,1498 1345,1498 1390,1495"/>
                <TextEquiv>
                    <Unicode>nie Widuce marne wiecy a prorokugi¬</Unicode>
                </TextEquiv>
            </TextLine>
            <TextLine id="tr_2_tl_42" custom="readingOrder {index:21;}">
                <Coords points="503,1583 951,1558 1385,1590 1395,1505 1341,1533 977,1505 502,1523"/>
                <Baseline points="510,1561 554,1558 598,1558 643,1558 687,1558 732,1558 776,1558 821,1558 865,1558 910,1558 954,1558 998,1558 1043,1561 1087,1561 1132,1561 1176,1561 1221,1561 1265,1564 1310,1564 1354,1564 1399,1570"/>
                <TextEquiv>
                    <Unicode>ce gemu lež rzkuce. Totoṫ die pan když</Unicode>
                </TextEquiv>
            </TextLine>
            <TextLine id="tr_2_tl_44" custom="readingOrder {index:22;}">
                <Coords points="507,1643 853,1619 1382,1649 1401,1583 506,1585"/>
                <Baseline points="513,1620 557,1620 602,1620 646,1620 691,1620 736,1620 780,1620 825,1617 869,1617 914,1620 959,1620 1003,1620 1048,1620 1092,1623 1137,1623 1182,1623 1226,1623 1271,1623 1315,1623 1360,1623 1405,1623"/>
                <TextEquiv>
                    <Unicode>pan nemluwil Lide zemie bezprawim</Unicode>
                </TextEquiv>
            </TextLine>
            <TextLine id="tr_2_tl_46" custom="readingOrder {index:23;} abbrev {offset:29; length:6;expansion:chudeho;}">
                <Coords points="507,1708 1402,1700 1402,1649 1372,1641 507,1642"/>
                <Baseline points="513,1686 557,1683 602,1683 646,1683 691,1683 736,1683 780,1680 825,1683 869,1683 914,1683 959,1683 1003,1683 1048,1683 1092,1683 1137,1683 1182,1683 1226,1686 1271,1686 1315,1686 1360,1686 1405,1689"/>
                <TextEquiv>
                    <Unicode>ſe obchodili a brali naſylim chude° a ne¬</Unicode>
                </TextEquiv>
            </TextLine>
            <TextLine id="tr_2_tl_48" custom="readingOrder {index:24;} abbrev {offset:0; length:11;expansion:doſtateċneho;} abbrev {offset:24; length:10;expansion:pṙichozieho;}">
                <Coords points="501,1766 1178,1774 1244,1749 1345,1776 1390,1766 1389,1701 500,1707"/>
                <Baseline points="507,1740 551,1746 595,1746 639,1746 684,1746 728,1746 772,1746 817,1743 861,1743 905,1746 950,1746 994,1746 1038,1746 1082,1746 1127,1746 1171,1746 1215,1748 1260,1749 1304,1749 1348,1749 1393,1749"/>
                <TextEquiv>
                    <Unicode>doſtatečne° tryznili. a pṙichozie° vtiſko¬</Unicode>
                </TextEquiv>
            </TextLine>
            <TextLine id="tr_2_tl_50" custom="readingOrder {index:25;}">
                <Coords points="516,1823 1390,1834 1401,1765 515,1774"/>
                <Baseline points="522,1808 566,1805 610,1805 654,1805 698,1805 742,1805 786,1805 831,1805 875,1805 919,1805 963,1805 1007,1805 1051,1807 1095,1808 1140,1810 1184,1809 1228,1808 1272,1810 1316,1811 1360,1811 1405,1811"/>
                <TextEquiv>
                    <Unicode>wali bezprawim bez ſaudu: Y hledal</Unicode>
                </TextEquiv>
            </TextLine>
            <TextLine id="tr_2_tl_52" custom="readingOrder {index:26;}">
                <Coords points="510,1892 1393,1892 1377,1823 510,1825"/>
                <Baseline points="516,1871 560,1870 604,1868 648,1868 692,1868 736,1868 780,1868 824,1868 868,1869 912,1871 956,1871 1000,1871 1044,1871 1088,1871 1132,1871 1176,1871 1220,1871 1264,1874 1308,1874 1352,1874 1396,1868"/>
                <TextEquiv>
                    <Unicode>ſem z nich muže geſſto by pṙehradil plo¬</Unicode>
                </TextEquiv>
            </TextLine>
            <TextLine id="tr_2_tl_54" custom="readingOrder {index:27;}">
                <Coords points="507,1949 1390,1947 1379,1894 507,1890"/>
                <Baseline points="513,1931 557,1931 601,1928 645,1931 689,1931 733,1931 777,1931 821,1931 865,1931 909,1934 953,1934 997,1932 1041,1933 1085,1934 1129,1934 1173,1934 1217,1934 1261,1934 1305,1934 1349,1934 1393,1934"/>
                <TextEquiv>
                    <Unicode>tem. a ſtaal zpieče ſe proti mnie za zemi</Unicode>
                </TextEquiv>
            </TextLine>
            <TextLine id="tr_2_tl_56" custom="readingOrder {index:28;}">
                <Coords points="502,2006 1381,2027 1380,1950 564,1940 501,1969"/>
                <Baseline points="507,1993 550,1993 594,1993 638,1993 682,1993 725,1993 769,1993 813,1993 857,1993 900,1993 944,1991 988,1992 1032,1993 1075,1993 1119,1995 1163,1996 1207,1996 1250,1996 1294,1996 1338,1996 1382,1996"/>
                <TextEquiv>
                    <Unicode>abych gie nezruſſil. a nenalezl ſem Y</Unicode>
                </TextEquiv>
            </TextLine>
            <TextLine id="tr_2_tl_58" custom="readingOrder {index:29;}">
                <Coords points="510,2068 1380,2091 1393,2028 509,2008"/>
                <Baseline points="516,2053 560,2053 604,2056 648,2053 692,2053 736,2056 780,2056 824,2056 868,2056 912,2056 956,2056 1000,2056 1044,2056 1088,2056 1132,2056 1176,2056 1220,2058 1264,2057 1308,2058 1352,2059 1396,2059"/>
                <TextEquiv>
                    <Unicode>wylil ſem na nie rozhniewanie me. a o¬</Unicode>
                </TextEquiv>
            </TextLine>
            <TextLine id="tr_2_tl_60" custom="readingOrder {index:30;}">
                <Coords points="507,2141 1396,2137 1396,2092 1214,2066 1105,2091 1035,2065 507,2068"/>
                <Baseline points="513,2116 557,2116 601,2116 645,2116 690,2116 734,2116 778,2116 823,2116 867,2116 911,2119 956,2116 1000,2119 1044,2119 1088,2119 1133,2119 1177,2119 1221,2119 1266,2122 1310,2119 1354,2116 1399,2113"/>
                <TextEquiv>
                    <Unicode>hniem hniewu meho ſtrawil ſem ge.</Unicode>
                </TextEquiv>
            </TextLine>
            <TextLine id="tr_2_tl_62" custom="readingOrder {index:31;} abbrev {offset:34; length:2;expansion:ſem;}">
                <Coords points="507,2192 1398,2200 1371,2126 1297,2152 507,2140"/>
                <Baseline points="513,2178 557,2178 601,2178 645,2178 690,2178 734,2178 778,2178 823,2178 867,2178 911,2181 956,2178 1000,2178 1044,2178 1088,2181 1133,2181 1177,2181 1221,2181 1266,2181 1310,2183 1354,2184 1399,2184"/>
                <TextEquiv>
                    <Unicode>Ceſtu gich na hlawu gich nawratil ſē</Unicode>
                </TextEquiv>
            </TextLine>
            <TextLine id="tr_2_tl_64" custom="readingOrder {index:32;}">
                <Coords points="507,2257 964,2236 1022,2265 1396,2273 1395,2201 1063,2192 996,2230 860,2190 506,2205"/>
                <Baseline points="513,2244 557,2244 601,2241 645,2241 690,2241 734,2241 778,2238 823,2241 867,2238 911,2238 956,2235 1000,2240 1044,2241 1088,2241 1133,2244 1177,2244 1221,2246 1266,2247 1310,2249 1354,2252 1399,2253"/>
                <TextEquiv>
                    <Unicode>prawi pan buoh. Capi.XXIII</Unicode>
                </TextEquiv>
            </TextLine>
            <TextLine id="tr_2_tl_66" custom="readingOrder {index:33;}">
                <Coords points="692,2325 1396,2321 1395,2273 1213,2251 1064,2274 930,2241 691,2273"/>
                <Baseline points="698,2301 733,2304 768,2304 803,2304 838,2304 873,2304 908,2304 943,2304 978,2304 1013,2304 1048,2304 1083,2304 1118,2305 1153,2306 1188,2304 1223,2304 1258,2306 1293,2307 1328,2307 1363,2307 1399,2304"/>
                <TextEquiv>
                    <Unicode>Stalo ſe ſlowo panie ke mnie.</Unicode>
                </TextEquiv>
            </TextLine>
            <TextLine id="tr_2_tl_68" custom="readingOrder {index:34;}">
                <Coords points="516,2397 632,2421 708,2369 1396,2398 1396,2336 1277,2317 766,2317 674,2362 516,2327"/>
                <Baseline points="522,2375 565,2374 609,2372 653,2370 697,2369 741,2367 785,2367 828,2366 872,2365 916,2367 960,2367 1004,2367 1048,2367 1092,2367 1135,2367 1179,2367 1223,2367 1267,2367 1311,2370 1355,2373 1399,2373"/>
                <TextEquiv>
                    <Unicode>y rzka. Synu cżlowiecżi. Dwie</Unicode>
                </TextEquiv>
            </TextLine>
            <TextLine id="tr_2_tl_70" custom="readingOrder {index:35;}">
                <Coords points="701,2456 761,2432 968,2450 1130,2430 1382,2462 1393,2398 700,2379"/>
                <Baseline points="707,2423 741,2425 775,2426 810,2426 844,2426 879,2426 913,2426 948,2426 982,2426 1017,2429 1051,2429 1085,2429 1120,2429 1154,2429 1189,2429 1223,2431 1258,2432 1292,2432 1327,2435 1361,2433 1396,2429"/>
                <TextEquiv>
                    <Unicode>ženie dcerzi mateře gedne byly</Unicode>
                </TextEquiv>
            </TextLine>
            <TextLine id="tr_2_tl_72" custom="readingOrder {index:36;}">
                <Coords points="510,2502 1303,2526 1396,2520 1396,2464 1130,2430 721,2440 674,2408 509,2439"/>
                <Baseline points="516,2489 560,2486 604,2486 648,2486 692,2486 736,2486 780,2486 825,2486 869,2486 913,2486 957,2489 1001,2489 1045,2489 1089,2489 1134,2491 1178,2492 1222,2492 1266,2492 1310,2494 1354,2497 1399,2498"/>
                <TextEquiv>
                    <Unicode>a ſeſmilnily w egiptu W mladoſti ſwe</Unicode>
                </TextEquiv>
            </TextLine>
            <TextLine id="tr_2_tl_74" custom="readingOrder {index:37;}">
                <Coords points="507,2580 779,2554 1387,2585 1357,2508 1123,2531 1025,2500 932,2524 506,2504"/>
                <Baseline points="513,2549 556,2549 600,2549 644,2549 688,2549 732,2552 776,2552 819,2549 863,2549 907,2551 951,2552 995,2552 1039,2554 1083,2553 1126,2552 1170,2554 1214,2555 1258,2555 1302,2557 1346,2560 1390,2558"/>
                <TextEquiv>
                    <Unicode>ſmilnileſta Tu ſu makany gich czeczky</Unicode>
                </TextEquiv>
            </TextLine>
            <TextLine id="tr_2_tl_76" custom="readingOrder {index:38;}">
                <Coords points="501,2631 1127,2622 1324,2652 1393,2634 1392,2580 586,2557 500,2583"/>
                <Baseline points="507,2611 551,2608 595,2611 640,2611 684,2611 729,2611 773,2611 818,2611 862,2611 907,2611 951,2611 995,2611 1040,2614 1084,2614 1129,2614 1173,2617 1218,2617 1262,2617 1307,2617 1351,2617 1396,2617"/>
                <TextEquiv>
                    <Unicode>a zlamany prſy diewcżieho wieku gich.</Unicode>
                </TextEquiv>
            </TextLine>
            <TextLine id="tr_2_tl_78" custom="readingOrder {index:39;}">
                <Coords points="519,2687 1362,2702 1394,2698 1394,2633 518,2628"/>
                <Baseline points="525,2665 568,2671 612,2671 655,2671 699,2674 742,2671 786,2671 829,2673 873,2674 916,2674 960,2674 1004,2676 1047,2677 1091,2677 1134,2679 1178,2680 1221,2678 1265,2677 1308,2678 1352,2679 1396,2677"/>
                <TextEquiv>
                    <Unicode>A gmena gich: Oolla wietſſie. a O¬</Unicode>
                </TextEquiv>
            </TextLine>
            <TextLine id="tr_2_tl_80" custom="readingOrder {index:40;}">
                <Coords points="510,2760 1393,2764 1392,2701 1331,2690 1208,2714 1139,2687 509,2686"/>
                <Baseline points="516,2731 560,2734 604,2734 648,2734 692,2734 736,2737 780,2737 824,2734 868,2737 912,2740 956,2740 1000,2740 1044,2740 1088,2741 1132,2736 1176,2738 1220,2743 1264,2743 1308,2743 1352,2746 1396,2743"/>
                <TextEquiv>
                    <Unicode>oliba ſeſtra gegie menſſie: Y miel ſem</Unicode>
                </TextEquiv>
            </TextLine>
            <TextLine id="tr_2_tl_82" custom="readingOrder {index:41;}">
                <Coords points="517,2824 1394,2831 1372,2758 516,2756"/>
                <Baseline points="522,2796 565,2796 609,2796 653,2796 696,2796 740,2799 784,2799 827,2799 871,2799 915,2799 959,2801 1002,2802 1046,2802 1090,2802 1133,2804 1177,2805 1221,2805 1264,2805 1308,2807 1352,2810 1396,2808"/>
                <TextEquiv>
                    <Unicode>ge. a zrodily ſyny a dcery: Giſtie gich</Unicode>
                </TextEquiv>
            </TextLine>
            <TextLine id="tr_2_tl_84" custom="readingOrder {index:42;}">
                <Coords points="512,2883 1390,2881 1390,2831 1297,2808 1218,2834 768,2802 512,2826"/>
                <Baseline points="519,2859 562,2859 606,2859 650,2859 693,2859 737,2856 781,2859 824,2859 868,2861 912,2862 956,2862 999,2864 1043,2865 1087,2865 1130,2865 1174,2867 1218,2868 1261,2868 1305,2868 1349,2868 1393,2868"/>
                <TextEquiv>
                    <Unicode>gmena. Smaria Oolla a Geruzalem</Unicode>
                </TextEquiv>
            </TextLine>
            <TextLine id="tr_2_tl_86" custom="readingOrder {index:43;}">
                <Coords points="516,2929 1298,2959 1387,2936 1386,2891 1264,2880 515,2884"/>
                <Baseline points="522,2919 565,2922 608,2922 652,2922 695,2919 739,2922 782,2924 825,2923 869,2924 912,2925 956,2925 999,2927 1042,2928 1086,2928 1129,2928 1173,2930 1216,2931 1259,2931 1303,2931 1346,2930 1390,2928"/>
                <TextEquiv>
                    <Unicode>Ooliba. Tehdy ſeſmilnila Oolla na</Unicode>
                </TextEquiv>
            </TextLine>
            <TextLine id="tr_2_tl_88" custom="readingOrder {index:44;}">
                <Coords points="511,2998 1375,3017 1383,2936 510,2949"/>
                <Baseline points="516,2981 559,2981 603,2981 646,2984 690,2981 733,2981 777,2983 820,2986 864,2987 907,2987 951,2987 995,2987 1038,2989 1082,2990 1125,2992 1169,2993 1212,2993 1256,2991 1299,2991 1343,2992 1387,2990"/>
                <TextEquiv>
                    <Unicode>mie. a zabywala ſe s ſwymi milowni¬</Unicode>
                </TextEquiv>
            </TextLine>
            <TextLine id="tr_2_tl_90" custom="readingOrder {index:45;}">
                <Coords points="519,3064 1398,3081 1396,3021 1353,3004 519,2998"/>
                <Baseline points="525,3050 568,3047 612,3047 656,3047 699,3047 743,3050 787,3047 830,3049 874,3050 918,3052 962,3053 1005,3053 1049,3055 1093,3056 1136,3056 1180,3056 1224,3056 1267,3058 1311,3059 1355,3059 1399,3056"/>
                <TextEquiv>
                    <Unicode>ky s Aſyrſkymi: geſſto ſe przibližo¬</Unicode>
                </TextEquiv>
            </TextLine>
            <TextLine id="tr_2_tl_92" custom="readingOrder {index:46;}">
                <Coords points="517,3121 1390,3149 1389,3092 1310,3073 516,3062"/>
                <Baseline points="522,3107 565,3107 609,3107 652,3107 696,3110 739,3110 783,3110 826,3112 870,3113 913,3113 957,3113 1001,3115 1044,3116 1088,3116 1131,3116 1175,3118 1218,3119 1262,3119 1305,3119 1349,3118 1393,3110"/>
                <TextEquiv>
                    <Unicode>wachu. odieni modrym poſtawczem.</Unicode>
                </TextEquiv>
            </TextLine>
            <TextLine id="tr_2_tl_94" custom="readingOrder {index:47;}">
                <Coords points="510,3196 816,3200 900,3232 1083,3206 1389,3225 1387,3150 1268,3132 1159,3156 858,3120 510,3129"/>
                <Baseline points="516,3175 559,3175 603,3172 647,3175 690,3175 734,3175 778,3175 821,3177 865,3176 909,3180 953,3179 996,3178 1040,3180 1084,3181 1127,3181 1166,3196 1212,3199 1255,3193 1298,3199 1349,3206 1400,3207"/>
                <TextEquiv>
                    <Unicode>S kniežaty a s zprawczemi. s mladczy</Unicode>
                </TextEquiv>
            </TextLine>
            <TextEquiv>
                <Unicode>Ekzechyel
dete wledieti że la pan wylil ſem rozhnie¬
wanie me na was r Yy ſtalo ſe ſlowo pa¬
nie ke mnie rzka.Synu cżlowiecżi rcz y¬
cemu .T yo zemie necżiſta a deẛſtē ne¬ 
ſtropena W den prchliwoſli zaprziẛeże
nie proroknow proſtṙed nieho.iakd lew¬
rzwa wy a bera lupeż.duẛẛi ſeżrali nedo¬
ſtateċneho a mzdu brali Wo dowy geho
rozmnożili pſtrzed nieho knieżie geho¬
potu pili zakon moy.a poſſswrnili ſwa¬
tynie me Mezy ſwatym a prokletyni
nemieli rozdielua mezy poſſbwrnie
nym a cżiſtym neſrozumieli.a od ſobot
nych odwratili ocżi ſwe.a poſſkwrnio¬
wan ſem pſtrzed nich? knieżata g. ꝓeo 
ſtṙed nieho.yako wlczie chwatagícze lue¬
peżkproliti brwe a k zatraceni duẛſij
a lakomie ſlogiece po zvſku.a proroczy
geho pomnazowachu gich lez pṙinie ſe
nie Widuce marne wiec y a prorokṙi gi
ce gemu leż rzkuce.Totoṫ die pan kdyż
pan nemluwil.Ade zemie bezprawim
ẛe obchodili a brali naſylin chudcude a ne¬ 
doſtateċne tryznllia pṙichozie ytiſto¬ 
wali bezprawim bez ſauduY hledal
ſem z nich muże geſſloby pṙehradil plo¬
tem.a ſtaal zpiece ſe proti mnie za zemi
abych ciie nezruẛſil.a nenalezl ſem Y
tyẛil ſem na ne rozhnie wanie me.a o¬
hniem hnie wu meho ſtrawil ſem ge.
Teſtu gich na hlawu gich nawratil ſē 
prawi pan bnohapi.xix.
Stalo ſe ſlowo panie ke mnie.
yzki.Synu cżlowiecżi.Pwie¬
żenie dce rzi mateṙe cedne byly¬
a ſeſmllally we giptu N mladoſti ſur¬
ſmiluileſta T ſu makny cżich czeczl.y
a zlamany prſy diewcżieho wieku gicha
A gmena cich? Polla wietſſie.a A¬
oliba ſeſtra ge gie menſſieY miel ſem
ge.a zrodily ſyny a dcery. Giſtie gach
gmena.Smaria Molla a Geruzaleny
PolibaTehdy ſeſmilnila Polla na.
miea zabywala ſe s ſwymi milownim. 
by s A ſyrſtymi  geẛſto ſe przibliżo¬
wachu.odieni modrym poſtawczen.
Sknieżat y a o zprawczemi s mladczy</Unicode>
            </TextEquiv>
        </TextRegion>
        <TextRegion id="r" custom="readingOrder {index:1;}">
            <Coords points="1475,244 2382,252 2382,3267 1479,3239"/>
            <TextLine id="tr_2_tl_3" custom="readingOrder {index:0;}">
                <Coords points="1499,339 2369,339 2368,259 2096,256 2027,219 1889,270 1498,257"/>
                <Baseline points="1504,313 1547,313 1590,313 1633,310 1677,310 1720,312 1763,311 1807,312 1850,313 1893,313 1937,313 1980,313 2023,313 2066,315 2110,314 2153,314 2196,317 2240,320 2283,321 2326,321 2370,325"/>
                <TextEquiv>
                    <Unicode>chlipnymi. y ſe wſſelikymi gezdczy. a</Unicode>
                </TextEquiv>
            </TextLine>
            <TextLine id="tr_2_tl_5" custom="readingOrder {index:1;} abbrev {offset:32; length:2;expansion:gest;}">
                <Coords points="1481,396 2337,410 2370,401 2369,338 1480,343"/>
                <Baseline points="1486,373 1530,379 1574,376 1619,376 1663,376 1707,376 1752,376 1796,376 1840,373 1885,376 1929,376 1973,376 2018,376 2062,376 2106,379 2151,379 2195,379 2239,381 2284,384 2328,387 2373,388"/>
                <TextEquiv>
                    <Unicode>geſſto na konie wſedali: Y dala ḡt ſmil¬</Unicode>
                </TextEquiv>
            </TextLine>
            <TextLine id="tr_2_tl_6" custom="readingOrder {index:2;}">
                <Coords points="1486,463 1972,443 2323,478 2361,469 2361,419 2177,388 1485,396"/>
                <Baseline points="1492,441 1535,438 1579,438 1622,435 1666,438 1710,435 1753,437 1797,438 1840,436 1884,435 1928,435 1971,437 2015,438 2058,440 2102,441 2146,441 2189,443 2233,446 2276,447 2320,448 2364,447"/>
                <TextEquiv>
                    <Unicode>ſtwie ſwa na nie. y wyborne ſyny a ſyr¬</Unicode>
                </TextEquiv>
            </TextLine>
            <TextLine id="tr_2_tl_9" custom="readingOrder {index:3;}">
                <Coords points="1487,524 2362,527 2361,476 2259,458 1486,463"/>
                <Baseline points="1492,504 1535,501 1579,501 1622,501 1666,498 1710,501 1753,499 1797,498 1840,500 1884,501 1928,501 1971,501 2015,501 2058,501 2102,503 2146,504 2189,506 2233,509 2276,510 2320,511 2364,513"/>
                <TextEquiv>
                    <Unicode>ſke wſſelike. y na wſſeczky o nimiž ſe za¬</Unicode>
                </TextEquiv>
            </TextLine>
            <TextLine id="tr_2_tl_11" custom="readingOrder {index:4;}">
                <Coords points="1482,583 2359,595 2359,535 1481,525"/>
                <Baseline points="1489,567 1532,564 1576,564 1619,564 1663,564 1707,561 1750,563 1794,564 1837,564 1881,564 1925,564 1968,564 2012,564 2055,566 2099,567 2143,569 2186,570 2230,572 2273,575 2317,576 2361,576"/>
                <TextEquiv>
                    <Unicode>bywala a w nečiſtotach gich poſſkwrni¬</Unicode>
                </TextEquiv>
            </TextLine>
            <TextLine id="tr_2_tl_13" custom="readingOrder {index:5;}">
                <Coords points="1489,654 2071,633 2345,664 2361,601 1488,578"/>
                <Baseline points="1495,629 1538,626 1581,626 1625,626 1668,626 1712,629 1755,627 1799,626 1842,626 1886,626 1929,626 1972,626 2016,626 2059,626 2103,626 2146,629 2190,630 2233,632 2277,635 2320,636 2364,635"/>
                <TextEquiv>
                    <Unicode>la ſe Nadto y ſmilſtwij ſwych. geſſto</Unicode>
                </TextEquiv>
            </TextLine>
            <TextLine id="tr_2_tl_15" custom="readingOrder {index:6;}">
                <Coords points="1481,709 2364,726 2363,666 2301,650 1480,643"/>
                <Baseline points="1486,689 1530,689 1574,689 1618,689 1662,689 1706,689 1750,689 1794,689 1838,689 1882,689 1926,689 1970,689 2014,691 2058,690 2102,691 2146,692 2190,694 2234,695 2278,697 2322,700 2367,701"/>
                <TextEquiv>
                    <Unicode>miela w egiptie neoſtala Neb y oni ſpa¬</Unicode>
                </TextEquiv>
            </TextLine>
            <TextLine id="tr_2_tl_16" custom="readingOrder {index:7;}">
                <Coords points="1486,777 2359,774 2331,712 1486,711"/>
                <Baseline points="1492,752 1535,752 1578,752 1622,752 1665,752 1709,752 1752,750 1796,749 1839,749 1883,751 1926,752 1969,754 2013,753 2056,752 2100,754 2143,755 2187,755 2230,756 2274,758 2317,759 2361,764"/>
                <TextEquiv>
                    <Unicode>wali ſu s ni w mladoſti gegie. a oni ſu</Unicode>
                </TextEquiv>
            </TextLine>
            <TextLine id="tr_2_tl_18" custom="readingOrder {index:8;}">
                <Coords points="1480,836 2339,852 2345,778 1479,780"/>
                <Baseline points="1486,814 1529,814 1572,814 1615,814 1658,814 1701,814 1744,814 1788,814 1831,812 1874,813 1917,814 1960,814 2003,814 2046,814 2090,815 2133,817 2176,817 2219,818 2262,821 2305,824 2349,826"/>
                <TextEquiv>
                    <Unicode>zlamali prſy diewcżieho wieku gegieho</Unicode>
                </TextEquiv>
            </TextLine>
            <TextLine id="tr_2_tl_20" custom="readingOrder {index:9;} abbrev {offset:29; length:4;expansion:protož;}">
                <Coords points="1480,886 2351,897 2350,851 2304,841 1480,836"/>
                <Baseline points="1486,877 1529,874 1572,877 1615,877 1659,874 1702,876 1745,875 1789,874 1832,874 1875,874 1919,874 1962,876 2005,877 2048,877 2092,879 2135,880 2178,881 2222,883 2265,883 2308,883 2352,877"/>
                <TextEquiv>
                    <Unicode>a wylili ſmilſtwo ſwe na ni. ꝓtož pod¬</Unicode>
                </TextEquiv>
            </TextLine>
            <TextLine id="tr_2_tl_23" custom="readingOrder {index:10;}">
                <Coords points="1486,956 2352,974 2351,899 1485,896"/>
                <Baseline points="1492,937 1535,940 1578,937 1621,940 1664,937 1707,937 1750,937 1794,937 1837,937 1880,937 1923,937 1966,939 2009,940 2052,940 2096,941 2139,943 2182,943 2225,944 2268,947 2311,949 2355,952"/>
                <TextEquiv>
                    <Unicode>dal ſem gi w rucze milownikow gegich</Unicode>
                </TextEquiv>
            </TextLine>
            <TextLine id="tr_2_tl_25" custom="readingOrder {index:11;}">
                <Coords points="1495,1011 2351,1029 2350,983 2247,954 1495,964"/>
                <Baseline points="1501,996 1543,999 1586,1002 1628,1002 1671,1002 1713,1000 1756,1001 1798,1000 1841,999 1883,1001 1926,1002 1969,1002 2011,1002 2054,1002 2096,1003 2139,1005 2181,1005 2224,1005 2266,1008 2309,1008 2352,1005"/>
                <TextEquiv>
                    <Unicode>w ruce ſynuow aſyrſkych s nimiž ſe w</Unicode>
                </TextEquiv>
            </TextLine>
            <TextLine id="tr_2_tl_27" custom="readingOrder {index:12;}">
                <Coords points="1486,1084 1867,1070 2229,1103 2354,1089 2355,1037 1796,1012 1679,1037 1485,1008"/>
                <Baseline points="1492,1062 1535,1062 1578,1062 1621,1062 1665,1065 1708,1063 1751,1064 1795,1063 1838,1062 1881,1062 1925,1062 1968,1064 2011,1065 2054,1065 2098,1065 2141,1066 2184,1068 2228,1069 2271,1071 2314,1071 2358,1071"/>
                <TextEquiv>
                    <Unicode>ſmilſtwi zabywala: Dni ſu odkrywa¬</Unicode>
                </TextEquiv>
            </TextLine>
            <TextLine id="tr_2_tl_29" custom="readingOrder {index:13;}">
                <Coords points="1481,1131 2303,1160 2359,1154 2358,1103 1979,1100 1867,1069 1480,1084"/>
                <Baseline points="1486,1122 1529,1125 1573,1125 1617,1125 1661,1125 1704,1125 1748,1122 1792,1125 1836,1125 1879,1127 1923,1128 1967,1126 2011,1127 2054,1128 2098,1128 2142,1130 2186,1131 2229,1133 2273,1134 2317,1134 2361,1134"/>
                <TextEquiv>
                    <Unicode>li hanbu gegi. ſyny a dczery gegie po¬</Unicode>
                </TextEquiv>
            </TextLine>
            <TextLine id="tr_2_tl_31" custom="readingOrder {index:14;}">
                <Coords points="1489,1208 2350,1220 2350,1158 2275,1144 1489,1135"/>
                <Baseline points="1495,1187 1537,1187 1580,1187 1623,1187 1666,1187 1709,1187 1752,1187 1794,1187 1837,1187 1880,1187 1923,1187 1966,1189 2009,1190 2052,1190 2094,1190 2137,1189 2180,1189 2223,1193 2266,1194 2309,1195 2352,1196"/>
                <TextEquiv>
                    <Unicode>brali. a ſamu zabili mecżem Y vcżinily</Unicode>
                </TextEquiv>
            </TextLine>
            <TextLine id="tr_2_tl_33" custom="readingOrder {index:15;}">
                <Coords points="1495,1273 1828,1280 1883,1249 1951,1277 2321,1274 2350,1271 2350,1221 1494,1209"/>
                <Baseline points="1501,1253 1543,1250 1586,1250 1628,1250 1671,1250 1713,1250 1756,1250 1798,1250 1841,1248 1883,1249 1926,1250 1969,1250 2011,1251 2054,1252 2096,1251 2139,1254 2181,1256 2224,1256 2266,1256 2309,1256 2352,1250"/>
                <TextEquiv>
                    <Unicode>ſe ſlowutne ženy. a ſaudy cżinilli w nie.</Unicode>
                </TextEquiv>
            </TextLine>
            <TextLine id="tr_2_tl_35" custom="readingOrder {index:16;}">
                <Coords points="1504,1336 2166,1323 2326,1351 2351,1274 1502,1266"/>
                <Baseline points="1510,1310 1552,1313 1594,1313 1636,1313 1679,1313 1721,1315 1763,1314 1805,1313 1848,1315 1890,1315 1932,1313 1974,1314 2017,1316 2059,1315 2101,1314 2143,1316 2186,1319 2228,1319 2270,1322 2312,1322 2355,1322"/>
                <TextEquiv>
                    <Unicode>To když vzrzela ſeſtra gegie Ooliba</Unicode>
                </TextEquiv>
            </TextLine>
            <TextLine id="tr_2_tl_37" custom="readingOrder {index:17;}">
                <Coords points="1491,1386 2346,1409 2346,1353 2282,1331 1491,1333"/>
                <Baseline points="1498,1370 1540,1373 1583,1373 1625,1376 1668,1376 1710,1376 1753,1376 1795,1376 1838,1374 1880,1375 1923,1376 1966,1376 2008,1377 2051,1379 2093,1379 2136,1379 2178,1379 2221,1379 2263,1382 2306,1379 2349,1379"/>
                <TextEquiv>
                    <Unicode>wiecze než ona chlipnoſti ſe zabywala. a</Unicode>
                </TextEquiv>
            </TextLine>
            <TextLine id="tr_2_tl_39" custom="readingOrder {index:18;}">
                <Coords points="1491,1458 2345,1463 2344,1409 2288,1390 1491,1386"/>
                <Baseline points="1498,1438 1540,1435 1582,1435 1625,1435 1667,1437 1710,1436 1752,1435 1794,1435 1837,1437 1879,1438 1922,1438 1964,1439 2006,1441 2049,1441 2091,1441 2134,1441 2176,1441 2218,1441 2261,1441 2303,1444 2346,1441"/>
                <TextEquiv>
                    <Unicode>ſmilſtwo ſwe nad ſmilſtwo ſeſtry ſwe</Unicode>
                </TextEquiv>
            </TextLine>
            <TextLine id="tr_2_tl_41" custom="readingOrder {index:19;}">
                <Coords points="1489,1520 2347,1510 2346,1462 2310,1456 1488,1463"/>
                <Baseline points="1495,1504 1537,1501 1580,1501 1623,1501 1665,1501 1708,1501 1751,1501 1793,1499 1836,1498 1879,1500 1922,1501 1964,1501 2007,1501 2050,1502 2092,1504 2135,1504 2178,1504 2220,1504 2263,1504 2306,1504 2349,1504"/>
                <TextEquiv>
                    <Unicode>k ſynom a ſyrſkym wydala. neſtydli¬</Unicode>
                </TextEquiv>
            </TextLine>
            <TextLine id="tr_2_tl_43" custom="readingOrder {index:20;}">
                <Coords points="1491,1573 2303,1601 2359,1586 2359,1529 1490,1520"/>
                <Baseline points="1498,1558 1541,1561 1584,1561 1627,1561 1670,1561 1713,1561 1756,1561 1800,1561 1843,1563 1886,1562 1929,1563 1972,1564 2015,1564 2058,1566 2102,1567 2145,1567 2188,1568 2231,1570 2274,1570 2317,1570 2361,1570"/>
                <TextEquiv>
                    <Unicode>wie wywodam a zprawciem k ſobie pṙi¬</Unicode>
                </TextEquiv>
            </TextLine>
            <TextLine id="tr_2_tl_45" custom="readingOrder {index:21;}">
                <Coords points="1486,1631 2350,1659 2350,1598 2219,1579 1486,1592"/>
                <Baseline points="1492,1623 1535,1623 1578,1623 1621,1623 1664,1626 1707,1624 1750,1625 1793,1626 1836,1626 1879,1626 1922,1626 1965,1626 2008,1626 2051,1626 2094,1627 2137,1629 2180,1629 2223,1630 2266,1632 2309,1632 2352,1629"/>
                <TextEquiv>
                    <Unicode>chazegicym oblecżenym w rozlicżne ru¬</Unicode>
                </TextEquiv>
            </TextLine>
            <TextLine id="tr_2_tl_47" custom="readingOrder {index:22;}">
                <Coords points="1480,1699 2352,1706 2352,1664 2265,1643 1480,1646"/>
                <Baseline points="1486,1686 1529,1686 1572,1689 1616,1689 1659,1686 1703,1686 1746,1688 1790,1689 1833,1687 1877,1688 1920,1689 1963,1689 2007,1689 2050,1689 2094,1689 2137,1691 2181,1694 2224,1694 2268,1693 2311,1694 2355,1692"/>
                <TextEquiv>
                    <Unicode>cho gezdczom. geſſto ſe woziechu koň¬</Unicode>
                </TextEquiv>
            </TextLine>
            <TextLine id="tr_2_tl_49" custom="readingOrder {index:23;}">
                <Coords points="1482,1759 2350,1761 2350,1712 1482,1707"/>
                <Baseline points="1489,1746 1532,1746 1575,1746 1618,1746 1661,1749 1704,1749 1747,1751 1791,1750 1834,1751 1877,1752 1920,1752 1963,1754 2006,1753 2049,1754 2093,1755 2136,1755 2179,1755 2222,1754 2265,1752 2308,1751 2352,1746"/>
                <TextEquiv>
                    <Unicode>mi. a wſſelikym mladczom kraſy wy¬</Unicode>
                </TextEquiv>
            </TextLine>
            <TextLine id="tr_2_tl_51" custom="readingOrder {index:24;}">
                <Coords points="1480,1828 2351,1836 2350,1763 2129,1788 1480,1758"/>
                <Baseline points="1486,1811 1529,1811 1572,1811 1615,1808 1659,1808 1702,1808 1745,1810 1789,1811 1832,1813 1875,1812 1919,1813 1962,1814 2005,1814 2048,1816 2092,1815 2135,1815 2178,1817 2222,1817 2265,1817 2308,1817 2352,1814"/>
                <TextEquiv>
                    <Unicode>borne. Y widiel ſem že by poſſkwrnie¬</Unicode>
                </TextEquiv>
            </TextLine>
            <TextLine id="tr_2_tl_53" custom="readingOrder {index:25;}">
                <Coords points="1480,1894 2352,1888 2352,1835 2228,1825 2081,1855 2013,1825 1480,1837"/>
                <Baseline points="1486,1871 1529,1871 1572,1871 1616,1874 1659,1874 1703,1874 1746,1874 1790,1872 1833,1873 1877,1874 1920,1876 1963,1877 2007,1877 2050,1879 2094,1878 2137,1879 2181,1880 2224,1880 2268,1880 2311,1880 2355,1877"/>
                <TextEquiv>
                    <Unicode>na byla ceſta gedna obu. a prziſpoṙila</Unicode>
                </TextEquiv>
            </TextLine>
            <TextLine id="tr_2_tl_55" custom="readingOrder {index:26;}">
                <Coords points="1486,1966 2352,1950 2351,1889 1485,1893"/>
                <Baseline points="1492,1937 1535,1937 1578,1937 1621,1937 1664,1937 1707,1937 1750,1935 1794,1936 1837,1937 1880,1935 1923,1938 1966,1940 2009,1942 2052,1941 2096,1940 2139,1940 2182,1941 2225,1942 2268,1940 2311,1940 2355,1943"/>
                <TextEquiv>
                    <Unicode>ſmilſtwij ſwych. A když vzṙela muže</Unicode>
                </TextEquiv>
            </TextLine>
            <TextLine id="tr_2_tl_57" custom="readingOrder {index:27;}">
                <Coords points="1483,2027 2263,2033 2351,2023 2350,1951 1482,1966"/>
                <Baseline points="1489,1996 1532,1996 1575,1999 1618,1996 1661,1999 1704,1999 1747,1999 1791,1999 1834,2001 1877,2002 1920,2002 1963,2004 2006,2003 2049,2002 2093,2002 2136,2003 2179,2005 2222,2004 2265,2003 2308,2004 2352,2002"/>
                <TextEquiv>
                    <Unicode>malowane na ſtienie obrazy kaldeyſkich</Unicode>
                </TextEquiv>
            </TextLine>
            <TextLine id="tr_2_tl_59" custom="readingOrder {index:28;}">
                <Coords points="1489,2076 1998,2071 2090,2103 2353,2073 2328,2016 2152,2011 2109,2041 1488,2020"/>
                <Baseline points="1495,2056 1538,2059 1581,2059 1624,2059 1667,2059 1710,2061 1753,2062 1796,2062 1839,2062 1882,2062 1925,2064 1968,2063 2011,2064 2054,2065 2097,2065 2140,2065 2183,2065 2226,2065 2269,2065 2312,2065 2355,2068"/>
                <TextEquiv>
                    <Unicode>wydawene barwami. a opaſanee po le¬</Unicode>
                </TextEquiv>
            </TextLine>
            <TextLine id="tr_2_tl_61" custom="readingOrder {index:29;}">
                <Coords points="1489,2141 2345,2155 2352,2076 2089,2104 1488,2075"/>
                <Baseline points="1495,2119 1538,2122 1581,2122 1624,2125 1667,2125 1710,2125 1753,2127 1796,2128 1839,2128 1882,2126 1925,2127 1968,2128 2011,2130 2054,2130 2097,2128 2140,2129 2183,2131 2226,2130 2269,2128 2312,2128 2355,2128"/>
                <TextEquiv>
                    <Unicode>dwi paſy rytieṙſkymi. a cżepice ſſlechti¬</Unicode>
                </TextEquiv>
            </TextLine>
            <TextLine id="tr_2_tl_63" custom="readingOrder {index:30;}">
                <Coords points="1480,2216 1624,2191 1725,2220 2352,2207 2351,2154 2317,2139 1479,2144"/>
                <Baseline points="1486,2181 1529,2184 1572,2184 1616,2184 1659,2187 1703,2187 1746,2189 1790,2188 1833,2189 1877,2190 1920,2190 1963,2190 2007,2190 2050,2190 2094,2190 2137,2190 2181,2190 2224,2190 2268,2190 2311,2190 2355,2190"/>
                <TextEquiv>
                    <Unicode>czuow na gich hlawach barwene kraſu</Unicode>
                </TextEquiv>
            </TextLine>
            <TextLine id="tr_2_tl_65" custom="readingOrder {index:31;}">
                <Coords points="1489,2248 1574,2276 1667,2255 2218,2285 2353,2267 2352,2205 1488,2215"/>
                <Baseline points="1495,2241 1538,2244 1581,2244 1624,2247 1667,2247 1710,2247 1753,2249 1796,2252 1839,2253 1882,2253 1925,2253 1968,2253 2011,2253 2054,2253 2097,2253 2140,2252 2183,2250 2226,2250 2269,2250 2312,2250 2355,2250"/>
                <TextEquiv>
                    <Unicode>wſſech wywod podobenſtwi ſynow ba¬</Unicode>
                </TextEquiv>
            </TextLine>
            <TextLine id="tr_2_tl_67" custom="readingOrder {index:32;}">
                <Coords points="1482,2323 2353,2340 2352,2267 2320,2260 2208,2285 1482,2269"/>
                <Baseline points="1489,2307 1532,2310 1575,2310 1618,2310 1662,2313 1705,2313 1748,2311 1792,2312 1835,2313 1878,2315 1922,2316 1965,2316 2008,2316 2051,2314 2095,2313 2138,2313 2181,2313 2225,2314 2268,2315 2311,2313 2355,2313"/>
                <TextEquiv>
                    <Unicode>bilonſkych. a zemie kaldeyſte w niež ſu</Unicode>
                </TextEquiv>
            </TextLine>
            <TextLine id="tr_2_tl_69" custom="readingOrder {index:33;}">
                <Coords points="1486,2390 2344,2385 2344,2342 2210,2323 1712,2352 1486,2322"/>
                <Baseline points="1492,2375 1534,2373 1577,2373 1620,2373 1662,2373 1705,2373 1748,2374 1790,2375 1833,2375 1876,2377 1919,2378 1961,2377 2004,2375 2047,2375 2089,2375 2132,2376 2175,2377 2217,2375 2260,2375 2303,2373 2346,2367"/>
                <TextEquiv>
                    <Unicode>ſe zrodili. zabywala ſe proti nim poža¬</Unicode>
                </TextEquiv>
            </TextLine>
            <TextLine id="tr_2_tl_71" custom="readingOrder {index:34;}">
                <Coords points="1482,2447 2346,2454 2346,2384 1482,2400"/>
                <Baseline points="1489,2429 1532,2435 1575,2435 1618,2435 1661,2438 1704,2438 1747,2438 1790,2438 1833,2438 1876,2440 1919,2439 1962,2438 2005,2438 2048,2438 2091,2438 2134,2439 2177,2440 2220,2438 2263,2437 2306,2435 2349,2435"/>
                <TextEquiv>
                    <Unicode>danim ocżij ſwych Y poſlala poſly ſwe</Unicode>
                </TextEquiv>
            </TextLine>
            <TextLine id="tr_2_tl_73" custom="readingOrder {index:35;}">
                <Coords points="1482,2508 2331,2526 2331,2455 1482,2447"/>
                <Baseline points="1489,2495 1531,2495 1573,2498 1615,2498 1658,2498 1700,2498 1742,2500 1784,2501 1827,2501 1869,2501 1911,2501 1953,2501 1996,2501 2038,2501 2080,2501 2122,2501 2165,2501 2207,2501 2249,2501 2291,2504 2334,2498"/>
                <TextEquiv>
                    <Unicode>k nim do zemie kaldeyſke: A když przy¬</Unicode>
                </TextEquiv>
            </TextLine>
            <TextLine id="tr_2_tl_75" custom="readingOrder {index:36;}">
                <Coords points="1491,2582 2352,2581 2352,2510 1491,2514"/>
                <Baseline points="1498,2564 1540,2562 1583,2561 1626,2561 1669,2561 1712,2561 1755,2563 1797,2564 1840,2564 1883,2564 1926,2564 1969,2564 2012,2564 2055,2564 2097,2564 2140,2564 2183,2563 2226,2561 2269,2561 2312,2561 2355,2558"/>
                <TextEquiv>
                    <Unicode>ſſli k nie ſynowe babilonſſti do pokogi¬</Unicode>
                </TextEquiv>
            </TextLine>
            <TextLine id="tr_2_tl_77" custom="readingOrder {index:37;}">
                <Coords points="1480,2637 2340,2641 2340,2591 2287,2579 1480,2579"/>
                <Baseline points="1486,2620 1528,2623 1571,2623 1614,2623 1657,2625 1700,2626 1743,2626 1785,2626 1828,2626 1871,2626 1914,2626 1957,2628 2000,2628 2043,2626 2085,2626 2128,2625 2171,2623 2214,2623 2257,2623 2300,2623 2343,2620"/>
                <TextEquiv>
                    <Unicode>ka prſij gegich poſſkwrnili ſu gie necży¬</Unicode>
                </TextEquiv>
            </TextLine>
            <TextLine id="tr_2_tl_79" custom="readingOrder {index:38;}">
                <Coords points="1489,2708 2343,2705 2343,2641 2268,2633 2168,2662 1489,2637"/>
                <Baseline points="1495,2686 1537,2686 1580,2686 1622,2686 1665,2686 1707,2688 1750,2687 1792,2688 1835,2689 1877,2689 1920,2688 1963,2686 2005,2686 2048,2687 2090,2688 2133,2686 2175,2686 2218,2686 2260,2683 2303,2683 2346,2683"/>
                <TextEquiv>
                    <Unicode>ſtymi podawenimi ſwymi. a poſſkwr¬</Unicode>
                </TextEquiv>
            </TextLine>
            <TextLine id="tr_2_tl_81" custom="readingOrder {index:39;}">
                <Coords points="1482,2759 2343,2763 2343,2708 2266,2696 1482,2712"/>
                <Baseline points="1489,2746 1531,2746 1574,2746 1617,2746 1660,2748 1703,2749 1746,2749 1788,2749 1831,2749 1874,2747 1917,2749 1960,2750 2003,2749 2046,2749 2088,2749 2131,2749 2174,2749 2217,2749 2260,2748 2303,2747 2346,2746"/>
                <TextEquiv>
                    <Unicode>niena geſt od nich. a naſycena duſſe ge¬</Unicode>
                </TextEquiv>
            </TextLine>
            <TextLine id="tr_2_tl_83" custom="readingOrder {index:40;}">
                <Coords points="1482,2841 1567,2815 1955,2844 2352,2817 2352,2763 1482,2775"/>
                <Baseline points="1489,2808 1532,2808 1575,2810 1618,2811 1662,2813 1705,2814 1748,2811 1792,2809 1835,2811 1878,2811 1922,2811 1965,2811 2008,2811 2051,2812 2095,2813 2138,2811 2181,2811 2225,2811 2268,2808 2311,2805 2355,2802"/>
                <TextEquiv>
                    <Unicode>gie od nich: Y obnažila ſmilſtwie ſwa.</Unicode>
                </TextEquiv>
            </TextLine>
            <TextLine id="tr_2_tl_85" custom="readingOrder {index:41;}">
                <Coords points="1482,2890 2352,2880 2327,2816 2232,2842 2180,2817 1482,2841"/>
                <Baseline points="1489,2871 1532,2871 1575,2873 1618,2872 1662,2873 1705,2874 1748,2874 1792,2874 1835,2874 1878,2874 1922,2874 1965,2875 2008,2876 2051,2874 2095,2874 2138,2874 2181,2874 2225,2874 2268,2871 2311,2871 2355,2868"/>
                <TextEquiv>
                    <Unicode>a odkryla hanbu ſwu: Y odeſſla duſſe</Unicode>
                </TextEquiv>
            </TextLine>
            <TextLine id="tr_2_tl_87" custom="readingOrder {index:42;}">
                <Coords points="1480,2939 1812,2947 1855,2974 1892,2948 2344,2941 2344,2888 2243,2880 2149,2904 1480,2890"/>
                <Baseline points="1486,2934 1529,2934 1572,2934 1615,2934 1658,2936 1701,2937 1744,2937 1787,2939 1830,2939 1873,2937 1916,2938 1959,2940 2002,2940 2045,2939 2088,2937 2131,2937 2174,2937 2217,2934 2260,2934 2303,2931 2346,2928"/>
                <TextEquiv>
                    <Unicode>ma od nie. iakož byla odeſſla duſſe ma</Unicode>
                </TextEquiv>
            </TextLine>
            <TextLine id="tr_2_tl_89" custom="readingOrder {index:43;}">
                <Coords points="1480,3018 2344,3022 2333,2940 1480,2966"/>
                <Baseline points="1486,2993 1529,2996 1572,2996 1615,2999 1658,2996 1701,2996 1744,2996 1787,2998 1830,2999 1873,2999 1916,2999 1959,2999 2002,2999 2045,2999 2088,2999 2131,2999 2174,2998 2217,2996 2260,2995 2303,2993 2346,2993"/>
                <TextEquiv>
                    <Unicode>od ſeſtry gegie. Neb rozmnožila ſmil¬</Unicode>
                </TextEquiv>
            </TextLine>
            <TextLine id="tr_2_tl_91" custom="readingOrder {index:44;}">
                <Coords points="1486,3076 2344,3072 2344,3022 2305,3009 2203,3035 1486,3015"/>
                <Baseline points="1492,3059 1534,3059 1577,3059 1620,3059 1662,3061 1705,3062 1748,3062 1790,3062 1833,3062 1876,3062 1919,3062 1961,3062 2004,3062 2047,3062 2089,3061 2132,3059 2175,3059 2217,3059 2260,3059 2303,3056 2346,3053"/>
                <TextEquiv>
                    <Unicode>ſtwie ſwa: rozpominagiczy ſe na dny</Unicode>
                </TextEquiv>
            </TextLine>
            <TextLine id="tr_2_tl_93" custom="readingOrder {index:45;}">
                <Coords points="1486,3139 2344,3130 2344,3071 1486,3078"/>
                <Baseline points="1492,3122 1534,3119 1577,3119 1620,3121 1662,3122 1705,3122 1748,3122 1790,3122 1833,3122 1876,3124 1919,3125 1961,3125 2004,3125 2047,3125 2089,3125 2132,3125 2175,3124 2217,3122 2260,3119 2303,3116 2346,3116"/>
                <TextEquiv>
                    <Unicode>mladoſti ſwe. w nichž ſmilnila w zemi</Unicode>
                </TextEquiv>
            </TextLine>
            <TextLine id="tr_2_tl_95" custom="readingOrder {index:46;}">
                <Coords points="1486,3220 2351,3234 2330,3124 2020,3160 1487,3139"/>
                <Baseline points="1492,3181 1535,3184 1578,3188 1621,3190 1664,3190 1707,3190 1750,3190 1794,3190 1837,3190 1880,3190 1923,3190 1966,3190 2009,3189 2052,3187 2096,3188 2139,3189 2182,3187 2225,3184 2268,3184 2311,3181 2355,3178"/>
                <TextEquiv>
                    <Unicode>Egipſke: Y zabywala ſe w chlipnoſti</Unicode>
                </TextEquiv>
            </TextLine>
            <TextEquiv>
                <Unicode>chlipnymi.y ſewſſelibyni czezdczy.a
geſſto na konie wſedaliY dala ḡ ſmil 
ſtwie ſwa na ne.y wyborne ſyny a ſye¬
ſte wſſelike y na wſſeczky o nimiż ſe za¬
bywala a w neċiſtotach gich poſſbwrui
la ſe Nadto y ſmuſtwij ſwych. geſſto
miela wegiptie neoſtala Neb y oni ſpa¬
wali ſu sni w mladoſli gegie.a oni ſu
zlanali prſy diewcżieho wieka gegieho
a wyhli ſmuſtwo ſwe nani. ꝓto pod. 
dal ſem gi w rucze milowniko w gegich
w ruce ſynnow a ſyrſtych oniiniż ſe w¬
ſmiſtwi zab ywala ni ſu odbrywa¬
li hanbu gegi.ſyny a dczery cegie po¬
brali.a ſamu zabili mecżen Y vcżinily
ẛe ſlowutne żeny.a ſaud y cżinilli w nie.
To kdyż vzrzela ſeſtra gegie Poliba¬
wiecze neż ona chlipnoſti ſe zabywala.a
ſmiſtwo ſwe nad ſnuſtwo ſeſtey ſwe.
b ſynon a ſyrſtym wydala.neſtydli.
wie wywodam a zprawcieni k ſobie pṙi¬
chaze gic ym oblecżenym wrozlicżne ru¬
cho gezdczom.geſſto ſe woziechu kon
ni.a wſẛelibym mladczom braſy wy
borne.Y widiel ſem że by poſſbwrnie.
na byla ceſta gedna obua prziſ poṙila
ſnuſtwij ſwych.A bdyż vzṙela muże.
malowane na ſtienie obrazy kalde yſtich
wydawene barwami.a opaſanee po le¬
dwi paſy rotieṙẛkyn.a cże pice ſſlechti 
cznow na gich hla wach barwene kraſu.
wſẛech wywod podobenſtwi ſynow ba¬
bilonſe ycha zemie kaldeyſte w nież ſu
ẛe zeodili.zabywala ſe proti nim poza.
danim ocżij ſwych Y poẛlala poſly ſwe.
knim do zemie kalde yſte A kdyż przy¬
ẛẛli knie ſynowe babilonſſti do pokogī 
ka prſij ge gich poſſkwrnili ſu gie neezy¬
ſtymi poda wenimi ſwymi.a poſſbwr¬
niena geſt od nich.a naſycena duẛẛe go 
gie od nich?Y obnażila ſmuſtwie ſwa.
a odbryla hanbu ſwu?Y odeſſla duſſe.
ma od nie.iakoż byla odeſſla duẛẛe ma¬
od ſeſtry gegie.Neb rozimuożila ſmil¬
ſtwie ſwa r rozpominagiczy ſe na dny
mladoſti ſwew nichż ſmilnila w zenl
Egipſte?Y zabywala ſe w chhpnoſti¬</Unicode>
            </TextEquiv>
        </TextRegion>
    </Page>
</PcGts>
