<?xml version="1.0" encoding="UTF-8" standalone="yes"?>
<PcGts xmlns="http://schema.primaresearch.org/PAGE/gts/pagecontent/2013-07-15" xmlns:xsi="http://www.w3.org/2001/XMLSchema-instance" xsi:schemaLocation="http://schema.primaresearch.org/PAGE/gts/pagecontent/2013-07-15 http://schema.primaresearch.org/PAGE/gts/pagecontent/2013-07-15/pagecontent.xsd">
    <Metadata>
        <Creator>prov=READ-COOP:name=PyLaia@TranskribusPlatform:version=2.20.0:model_id=58856:lm=none:date=06_12_2024_09:53</Creator>
        <Created>2024-11-22T17:31:47.528+01:00</Created>
        <LastChange>2024-12-10T15:02:57.942+01:00</LastChange>
        <TranskribusMetadata docId="5363448" pageId="84612059" pageNr="26" tsid="211429609" status="GT" userId="100969" imgUrl="https://files.transkribus.eu/Get?id=SVQJBRBOGDIAJMHYVDRNUWLK&amp;fileType=view" xmlUrl="https://files.transkribus.eu/Get?id=XNDQWTIRDTLPVVHIBOUHFOOT" imageId="69884550"/>
    </Metadata>
    <Page imageFilename="DTL_547662-0027.jpeg" imageWidth="2530" imageHeight="3955">
        <ReadingOrder>
            <OrderedGroup id="ro_1734605778995" caption="Regions reading order">
                <RegionRefIndexed index="0" regionRef="tr_1"/>
                <RegionRefIndexed index="1" regionRef="r"/>
            </OrderedGroup>
        </ReadingOrder>
        <TextRegion orientation="0.0" id="tr_1" custom="readingOrder {index:0;}">
            <Coords points="329,434 346,3294 1245,3294 1236,412"/>
            <TextLine id="tr_1_tl_1" custom="readingOrder {index:0;}">
                <Coords points="1082,309 1168,334 1265,320 1282,333 1323,320 1358,332 1456,326 1457,235 1436,225 1401,235 1372,214 1311,211 1234,238 1189,235 1149,210 1084,221"/>
                <Baseline points="1089,295 1115,292 1141,292 1168,290 1194,289 1221,289 1247,289 1274,289 1300,289 1326,289 1353,289 1379,289 1406,289 1432,287 1459,283"/>
                <TextEquiv>
                    <Unicode>Moyżieſſowy</Unicode>
                </TextEquiv>
            </TextLine>
            <TextLine id="tr_1_tl_3" custom="readingOrder {index:1;}">
                <Coords points="352,493 1194,471 1194,423 1115,403 721,426 432,404 353,431"/>
                <Baseline points="358,477 399,477 441,477 483,474 525,471 567,471 609,468 651,468 693,468 735,466 777,465 818,465 860,465 902,465 944,465 986,465 1028,465 1070,465 1112,465 1154,465 1196,462"/>
                <TextEquiv>
                    <Unicode>rzekl ge buoh · nezuoſtanet duch muoy</Unicode>
                </TextEquiv>
            </TextLine>
            <TextLine id="tr_1_tl_4" custom="readingOrder {index:2;}">
                <Coords points="346,544 1199,551 1199,500 1151,473 346,504"/>
                <Baseline points="352,537 394,537 437,534 479,534 522,534 564,534 607,532 649,529 692,528 734,528 777,528 819,528 862,528 904,528 947,528 989,528 1032,528 1074,528 1117,528 1159,525 1202,522"/>
                <TextEquiv>
                    <Unicode>w cżlowieku na wieky · neboṫ tielo geſt ·</Unicode>
                </TextEquiv>
            </TextLine>
            <TextLine id="tr_1_tl_6" custom="readingOrder {index:3;}">
                <Coords points="355,612 1208,611 1186,548 355,548"/>
                <Baseline points="361,602 403,599 446,599 488,596 531,596 573,594 616,593 658,593 701,590 743,590 786,591 828,590 871,589 913,591 956,592 998,593 1041,591 1083,591 1126,591 1168,591 1211,593"/>
                <TextEquiv>
                    <Unicode>A budut dnowe geho · Sto dwadczeti</Unicode>
                </TextEquiv>
            </TextLine>
            <TextLine id="tr_1_tl_8" custom="readingOrder {index:4;}">
                <Coords points="340,681 1203,670 1173,610 342,611"/>
                <Baseline points="346,662 391,662 436,657 481,658 526,659 572,656 617,656 662,656 707,653 752,653 798,656 843,653 888,653 933,653 978,653 1024,653 1069,650 1114,650 1159,650 1205,644"/>
                <TextEquiv>
                    <Unicode>leth · Obrowe pak byli gſu na zemi ·</Unicode>
                </TextEquiv>
            </TextLine>
            <TextLine id="tr_1_tl_11" custom="readingOrder {index:5;}">
                <Coords points="340,753 565,726 1205,741 1205,675 1155,666 340,686"/>
                <Baseline points="346,725 389,725 432,723 475,722 518,720 561,719 604,719 647,719 690,719 733,720 777,721 820,719 863,718 906,716 949,716 992,716 1035,716 1078,716 1121,716 1164,716 1208,716"/>
                <TextEquiv>
                    <Unicode>za dnuow tiech nebo kdyż gſu wchazeli</Unicode>
                </TextEquiv>
            </TextLine>
            <TextLine id="tr_1_tl_13" custom="readingOrder {index:6;}">
                <Coords points="357,813 1208,799 1194,738 358,745"/>
                <Baseline points="364,791 406,788 448,785 491,785 533,785 575,783 618,782 660,782 702,782 745,782 787,780 829,779 872,779 914,780 956,781 999,779 1041,779 1083,779 1126,779 1168,779 1211,779"/>
                <TextEquiv>
                    <Unicode>ſynowe bożie : ke dczeram lidſkym · y ro¬</Unicode>
                </TextEquiv>
            </TextLine>
            <TextLine id="tr_1_tl_14" custom="readingOrder {index:7;}">
                <Coords points="349,866 1129,870 1205,863 1206,799 349,814"/>
                <Baseline points="355,847 397,850 440,847 482,847 525,843 568,841 610,841 653,841 696,841 738,841 781,841 824,841 866,841 909,841 952,841 994,841 1037,841 1080,841 1122,841 1165,838 1208,829"/>
                <TextEquiv>
                    <Unicode>dily ony · Tot gſu mocznij od wieku ·</Unicode>
                </TextEquiv>
            </TextLine>
            <TextLine id="tr_1_tl_17" custom="readingOrder {index:8;}">
                <Coords points="343,924 1204,922 1205,867 1095,854 344,874"/>
                <Baseline points="349,913 391,911 434,908 477,907 520,907 563,907 605,907 648,905 691,906 734,906 777,904 819,904 862,904 905,904 948,904 991,904 1033,904 1076,904 1119,901 1162,901 1205,901"/>
                <TextEquiv>
                    <Unicode>mużie znamenici · Wida pak buoh · że</Unicode>
                </TextEquiv>
            </TextLine>
            <TextLine id="tr_1_tl_19" custom="readingOrder {index:9;}">
                <Coords points="349,993 1208,986 1209,926 350,928"/>
                <Baseline points="355,973 397,971 440,970 483,970 526,970 569,968 611,969 654,970 697,968 740,967 783,967 825,967 868,967 911,967 954,967 997,966 1039,964 1082,964 1125,964 1168,964 1211,964"/>
                <TextEquiv>
                    <Unicode>by mnoha zloſt lidſka byla na zemi · a</Unicode>
                </TextEquiv>
            </TextLine>
            <TextLine id="tr_1_tl_21" custom="readingOrder {index:10;}">
                <Coords points="355,1054 1175,1050 1203,1044 1204,991 1146,968 871,1003 433,979 355,1003"/>
                <Baseline points="361,1038 403,1032 445,1032 487,1032 529,1032 572,1032 614,1030 656,1031 698,1032 740,1030 783,1029 825,1029 867,1029 909,1029 951,1028 994,1026 1036,1026 1078,1026 1120,1026 1162,1026 1205,1017"/>
                <TextEquiv>
                    <Unicode>wſſelike myſſlenie ſrdcze · klopotno by¬</Unicode>
                </TextEquiv>
            </TextLine>
            <TextLine id="tr_1_tl_23" custom="readingOrder {index:11;}">
                <Coords points="340,1137 503,1105 1208,1099 1209,1049 1097,1040 852,1068 762,1042 342,1055"/>
                <Baseline points="346,1098 389,1098 432,1096 475,1095 519,1095 562,1094 605,1092 648,1092 692,1092 735,1092 778,1092 821,1092 865,1092 908,1091 951,1089 994,1089 1038,1089 1081,1089 1124,1086 1167,1086 1211,1089"/>
                <TextEquiv>
                    <Unicode>lo ke zlemu · wſſeliky cżas · zželelo ſe mu¬</Unicode>
                </TextEquiv>
            </TextLine>
            <TextLine id="tr_1_tl_25" custom="readingOrder {index:12;} abbrev {offset:35; length:3; continued:true;expansion:buduczieho;}">
                <Coords points="355,1186 1153,1184 1202,1169 1203,1127 1058,1100 1019,1131 821,1104 665,1125 626,1100 356,1134"/>
                <Baseline points="361,1167 403,1161 445,1161 487,1158 529,1158 572,1158 614,1156 656,1155 698,1155 740,1155 783,1155 825,1155 867,1154 909,1152 951,1151 994,1148 1036,1147 1078,1152 1120,1149 1162,1149 1205,1146"/>
                <TextEquiv>
                    <Unicode>że ge cżlowieka vcżinil na zemi. A bu¬</Unicode>
                </TextEquiv>
            </TextLine>
            <TextLine id="tr_1_tl_27" custom="readingOrder {index:13;} abbrev {offset:0; length:7; continued:true;expansion:buduczieho;} textStyle {offset:6; length:1;superscript:true;}">
                <Coords points="346,1230 1218,1244 1218,1178 1104,1165 346,1191"/>
                <Baseline points="352,1220 395,1223 438,1223 482,1221 525,1220 569,1220 612,1219 655,1217 699,1217 742,1216 786,1214 829,1214 872,1215 916,1216 959,1214 1003,1214 1046,1214 1089,1211 1133,1211 1176,1211 1220,1211"/>
                <TextEquiv>
                    <Unicode>duczieo ſe wyſtrzieha ge · a boleſt ſrdcze</Unicode>
                </TextEquiv>
            </TextLine>
            <TextLine id="tr_1_tl_29" custom="readingOrder {index:14;}">
                <Coords points="352,1314 501,1284 655,1313 792,1287 1127,1303 1207,1293 1208,1247 893,1223 784,1255 353,1249"/>
                <Baseline points="358,1289 400,1286 443,1283 485,1283 528,1281 571,1280 613,1280 656,1278 699,1279 741,1279 784,1277 827,1277 869,1277 912,1276 955,1274 997,1274 1040,1274 1083,1274 1125,1274 1168,1271 1211,1265"/>
                <TextEquiv>
                    <Unicode>pocżiw wnitrz wecze · Wyhladim cżlo¬</Unicode>
                </TextEquiv>
            </TextLine>
            <TextLine id="tr_1_tl_31" custom="readingOrder {index:15;}">
                <Coords points="358,1357 1204,1353 1178,1285 359,1313"/>
                <Baseline points="364,1349 406,1346 448,1346 490,1346 532,1343 575,1343 617,1343 659,1343 701,1343 743,1341 786,1340 828,1340 870,1340 912,1340 954,1340 997,1339 1039,1337 1081,1337 1123,1337 1165,1337 1208,1331"/>
                <TextEquiv>
                    <Unicode>wieka kterehoż ſem ſtworzil · od ſwrch¬</Unicode>
                </TextEquiv>
            </TextLine>
            <TextLine id="tr_1_tl_34" custom="readingOrder {index:16;}">
                <Coords points="352,1433 1197,1421 1215,1356 352,1362"/>
                <Baseline points="358,1408 403,1409 448,1406 493,1405 538,1405 584,1402 629,1402 674,1405 719,1402 764,1405 810,1405 855,1402 900,1399 945,1402 990,1399 1036,1399 1081,1399 1126,1396 1171,1399 1217,1393"/>
                <TextEquiv>
                    <Unicode>ku zemie · od cżlowieka · aż do howad · od</Unicode>
                </TextEquiv>
            </TextLine>
            <TextLine id="tr_1_tl_36" custom="readingOrder {index:17;}">
                <Coords points="352,1497 1208,1473 1208,1434 1128,1408 353,1432"/>
                <Baseline points="358,1474 400,1471 443,1471 485,1469 528,1466 571,1465 613,1465 656,1465 699,1465 741,1464 784,1462 827,1462 869,1463 912,1465 955,1465 997,1464 1040,1461 1083,1459 1125,1459 1168,1456 1211,1450"/>
                <TextEquiv>
                    <Unicode>zemieplazu aż do ptaczſtwa nebeſkeho ·</Unicode>
                </TextEquiv>
            </TextLine>
            <TextLine id="tr_1_tl_38" custom="readingOrder {index:18;}">
                <Coords points="345,1545 1208,1535 1209,1474 1179,1467 346,1505"/>
                <Baseline points="352,1531 397,1534 442,1532 487,1531 532,1529 578,1528 623,1528 668,1528 713,1528 758,1528 804,1528 849,1528 894,1528 939,1525 984,1525 1030,1522 1075,1522 1120,1522 1165,1519 1211,1513"/>
                <TextEquiv>
                    <Unicode>nebo lito mi geſt że gſem ge vcżinil ·</Unicode>
                </TextEquiv>
            </TextLine>
            <TextLine id="tr_1_tl_40" custom="readingOrder {index:19;}">
                <Coords points="358,1610 1109,1595 1217,1624 1218,1543 1175,1536 359,1547"/>
                <Baseline points="364,1590 406,1595 449,1594 492,1591 535,1590 578,1590 620,1590 663,1590 706,1590 749,1590 792,1590 834,1590 877,1589 920,1587 963,1587 1006,1587 1048,1587 1091,1587 1134,1587 1177,1587 1220,1587"/>
                <TextEquiv>
                    <Unicode>Noe pak naſſel ge miloſt przed hoſpo¬</Unicode>
                </TextEquiv>
            </TextLine>
            <TextLine id="tr_1_tl_42" custom="readingOrder {index:20;}">
                <Coords points="358,1668 1181,1671 1215,1624 1109,1596 359,1612"/>
                <Baseline points="364,1656 406,1656 449,1656 491,1654 534,1653 577,1653 619,1653 662,1651 705,1650 747,1651 790,1653 833,1652 875,1650 918,1650 961,1650 1003,1650 1046,1649 1089,1647 1131,1647 1174,1647 1217,1635"/>
                <TextEquiv>
                    <Unicode>dinem · Titot gſu rodowe Noe: Noe</Unicode>
                </TextEquiv>
            </TextLine>
            <TextLine id="tr_1_tl_44" custom="readingOrder {index:21;}">
                <Coords points="346,1739 1114,1738 1205,1725 1206,1658 346,1667"/>
                <Baseline points="352,1719 394,1719 437,1719 480,1717 523,1716 566,1716 608,1716 651,1716 694,1714 737,1713 780,1713 822,1713 865,1713 908,1713 951,1713 994,1712 1036,1710 1079,1707 1122,1707 1165,1707 1208,1704"/>
                <TextEquiv>
                    <Unicode>muż ſprawedliwy a dokonaly byl . me¬</Unicode>
                </TextEquiv>
            </TextLine>
            <TextLine id="tr_1_tl_46" custom="readingOrder {index:22;} abbrev {offset:20; length:5;expansion:bohem;}">
                <Coords points="352,1813 686,1784 1216,1800 1217,1741 612,1725 353,1751"/>
                <Baseline points="358,1784 401,1782 444,1781 487,1781 530,1780 573,1777 616,1774 659,1774 702,1776 745,1776 789,1776 832,1776 875,1776 918,1776 961,1776 1004,1775 1047,1773 1090,1773 1133,1773 1176,1770 1220,1773"/>
                <TextEquiv>
                    <Unicode>zy narody ſwymi · z bohē chodil . a zplo¬</Unicode>
                </TextEquiv>
            </TextLine>
            <TextLine id="tr_1_tl_48" custom="readingOrder {index:23;}">
                <Coords points="350,1858 1214,1850 1197,1791 1068,1784 352,1813"/>
                <Baseline points="358,1844 403,1844 448,1842 493,1841 538,1841 584,1841 629,1838 674,1838 719,1838 764,1838 810,1838 855,1835 900,1838 945,1835 990,1838 1036,1835 1081,1835 1126,1832 1171,1832 1217,1823"/>
                <TextEquiv>
                    <Unicode>dil trzi ſyny · Sem a Cham a Iafeta ·</Unicode>
                </TextEquiv>
            </TextLine>
            <TextLine id="tr_1_tl_50" custom="readingOrder {index:24;}">
                <Coords points="360,1921 1219,1915 1220,1847 1145,1841 1005,1869 362,1857"/>
                <Baseline points="367,1904 409,1907 452,1907 495,1905 538,1904 581,1904 623,1902 666,1903 709,1902 752,1901 795,1900 837,1899 880,1901 923,1900 966,1898 1009,1899 1051,1901 1094,1898 1137,1898 1180,1895 1223,1895"/>
                <TextEquiv>
                    <Unicode>Poruſſena geſt pak zemie przed hoſpo¬</Unicode>
                </TextEquiv>
            </TextLine>
            <TextLine id="tr_1_tl_52" custom="readingOrder {index:25;}">
                <Coords points="355,1980 1139,1987 1210,1980 1212,1914 356,1920"/>
                <Baseline points="361,1967 403,1970 446,1967 488,1967 531,1967 574,1967 616,1967 659,1965 702,1964 744,1964 787,1963 830,1961 872,1961 915,1961 958,1961 1000,1961 1043,1961 1086,1961 1128,1958 1171,1955 1214,1949"/>
                <TextEquiv>
                    <Unicode>dinem . a naplniena geſt neprawoſti ·</Unicode>
                </TextEquiv>
            </TextLine>
            <TextLine id="tr_1_tl_54" custom="readingOrder {index:26;}">
                <Coords points="352,2038 1094,2051 1213,2020 1214,1987 353,1977"/>
                <Baseline points="358,2026 403,2028 448,2029 493,2029 538,2029 584,2029 629,2029 674,2029 719,2026 764,2026 810,2021 855,2023 900,2023 945,2020 990,2023 1036,2023 1081,2020 1126,2020 1171,2017 1217,2011"/>
                <TextEquiv>
                    <Unicode>Y když widiel buoh · že by zemie poru¬</Unicode>
                </TextEquiv>
            </TextLine>
            <TextLine id="tr_1_tl_56" custom="readingOrder {index:27;}">
                <Coords points="364,2113 1180,2112 1220,2094 1222,2027 597,2063 365,2029"/>
                <Baseline points="370,2095 412,2095 455,2092 497,2092 540,2092 583,2090 625,2089 668,2089 711,2089 753,2089 796,2088 839,2086 881,2086 924,2086 967,2086 1009,2085 1052,2083 1095,2083 1137,2083 1180,2083 1223,2077"/>
                <TextEquiv>
                    <Unicode>ſſena byla . wſſelike giſtie tielo · poruſſi¬</Unicode>
                </TextEquiv>
            </TextLine>
            <TextLine id="tr_1_tl_58" custom="readingOrder {index:28;}">
                <Coords points="346,2160 554,2191 833,2158 1159,2174 1220,2158 1222,2098 346,2120"/>
                <Baseline points="352,2158 395,2156 439,2155 482,2156 526,2157 569,2155 613,2155 656,2154 700,2152 743,2151 787,2150 831,2151 874,2149 918,2149 961,2149 1005,2146 1048,2146 1092,2146 1135,2143 1179,2143 1223,2146"/>
                <TextEquiv>
                    <Unicode>lo bylo czeſtu ſwu na zemi · rzekl ge k</Unicode>
                </TextEquiv>
            </TextLine>
            <TextLine id="tr_1_tl_60" custom="readingOrder {index:29;} abbrev {offset:39; length:2;expansion:gest;}">
                <Coords points="369,2231 1217,2226 1218,2158 555,2189 370,2169"/>
                <Baseline points="376,2217 418,2217 460,2220 502,2217 544,2217 587,2217 629,2217 671,2215 713,2212 755,2211 798,2211 840,2211 882,2211 924,2211 966,2211 1009,2210 1051,2208 1093,2208 1135,2208 1177,2205 1220,2205"/>
                <TextEquiv>
                    <Unicode>Noe : konecz wſſelikeho tiela prziſſel ḡt</Unicode>
                </TextEquiv>
            </TextLine>
            <TextLine id="tr_1_tl_62" custom="readingOrder {index:30;}">
                <Coords points="357,2314 524,2287 1226,2291 1226,2236 1191,2232 358,2243"/>
                <Baseline points="364,2286 407,2281 450,2280 493,2280 537,2280 580,2278 623,2277 666,2277 710,2277 753,2276 796,2274 839,2274 883,2274 926,2273 969,2271 1012,2271 1056,2271 1099,2271 1142,2271 1185,2268 1229,2265"/>
                <TextEquiv>
                    <Unicode>przed mie · naplniena geſt zemie nepra¬</Unicode>
                </TextEquiv>
            </TextLine>
            <TextLine id="tr_1_tl_64" custom="readingOrder {index:31;}">
                <Coords points="360,2361 1148,2362 1212,2341 1213,2290 360,2311"/>
                <Baseline points="367,2343 409,2343 451,2340 494,2340 536,2340 578,2340 621,2340 663,2342 705,2339 748,2339 790,2340 832,2339 875,2337 917,2337 959,2336 1002,2334 1044,2333 1086,2331 1129,2331 1171,2331 1214,2325"/>
                <TextEquiv>
                    <Unicode>woſti . od twarzi gich a yat ge wyhla¬</Unicode>
                </TextEquiv>
            </TextLine>
            <TextLine id="tr_1_tl_66" custom="readingOrder {index:32;}">
                <Coords points="357,2427 1214,2422 1185,2343 358,2362"/>
                <Baseline points="364,2402 406,2402 449,2402 491,2402 534,2402 577,2402 619,2402 662,2402 705,2400 747,2399 790,2399 833,2399 875,2399 918,2398 961,2396 1003,2395 1046,2393 1089,2393 1131,2393 1174,2393 1217,2390"/>
                <TextEquiv>
                    <Unicode>dim s zemij · Vcżin ſobie korab · z drzie¬</Unicode>
                </TextEquiv>
            </TextLine>
            <TextLine id="tr_1_tl_68" custom="readingOrder {index:33;}">
                <Coords points="358,2478 732,2499 1225,2470 1226,2419 1144,2406 359,2429"/>
                <Baseline points="364,2465 407,2465 450,2465 493,2465 537,2465 580,2465 623,2465 666,2465 710,2465 753,2464 796,2462 839,2462 883,2462 926,2461 969,2459 1012,2459 1056,2456 1099,2456 1142,2456 1185,2456 1229,2450"/>
                <TextEquiv>
                    <Unicode>wie hoblowaneho · Prziehrady w kora¬</Unicode>
                </TextEquiv>
            </TextLine>
            <TextLine id="tr_1_tl_70" custom="readingOrder {index:34;}">
                <Coords points="355,2550 1199,2542 1218,2478 438,2500 356,2476"/>
                <Baseline points="361,2528 406,2529 451,2528 496,2528 541,2528 587,2528 632,2528 677,2528 722,2528 767,2525 813,2522 858,2525 903,2522 948,2522 993,2519 1039,2519 1084,2519 1129,2519 1174,2519 1220,2516"/>
                <TextEquiv>
                    <Unicode>bu zdielaſs · a klijm pomažeẛs wnitrz y</Unicode>
                </TextEquiv>
            </TextLine>
            <TextLine id="tr_1_tl_72" custom="readingOrder {index:35;}">
                <Coords points="352,2602 1226,2600 1227,2542 1139,2524 353,2561"/>
                <Baseline points="358,2593 401,2590 445,2590 488,2590 532,2589 575,2588 619,2590 662,2590 706,2590 749,2589 793,2587 837,2586 880,2584 924,2584 967,2584 1011,2584 1054,2584 1098,2581 1141,2581 1185,2581 1229,2581"/>
                <TextEquiv>
                    <Unicode>zewnitrz · A takto gei vdielaſs : trzi ſeth</Unicode>
                </TextEquiv>
            </TextLine>
            <TextLine id="tr_1_tl_74" custom="readingOrder {index:36;}">
                <Coords points="350,2666 704,2688 930,2653 1225,2662 1226,2602 1175,2587 538,2624 352,2603"/>
                <Baseline points="358,2653 401,2653 445,2653 488,2653 532,2653 575,2653 619,2653 662,2652 706,2651 749,2652 793,2650 837,2650 880,2649 924,2647 967,2647 1011,2647 1054,2644 1098,2644 1141,2644 1185,2644 1229,2641"/>
                <TextEquiv>
                    <Unicode>loktuow bude dluhoſt korabu : padeſati</Unicode>
                </TextEquiv>
            </TextLine>
            <TextLine id="tr_1_tl_76" custom="readingOrder {index:37;}">
                <Coords points="350,2728 1226,2722 1206,2657 705,2688 352,2664"/>
                <Baseline points="358,2716 401,2716 445,2716 488,2716 532,2716 575,2716 619,2715 662,2714 706,2716 749,2715 793,2713 837,2713 880,2712 924,2710 967,2710 1011,2707 1054,2707 1098,2704 1141,2704 1185,2707 1229,2704"/>
                <TextEquiv>
                    <Unicode>loktow ſſirz · a trzidczyti loktuow wyſoſt</Unicode>
                </TextEquiv>
            </TextLine>
            <TextLine id="tr_1_tl_78" custom="readingOrder {index:38;}">
                <Coords points="360,2780 444,2805 1052,2798 1090,2773 1222,2795 1223,2722 360,2731"/>
                <Baseline points="367,2775 409,2778 452,2778 495,2778 538,2776 581,2777 623,2776 666,2775 709,2775 752,2775 795,2774 837,2772 880,2772 923,2771 966,2769 1009,2769 1051,2767 1094,2767 1137,2767 1180,2767 1223,2767"/>
                <TextEquiv>
                    <Unicode>geho · wokno w korabu vdielaſs · a k lo¬</Unicode>
                </TextEquiv>
            </TextLine>
            <TextLine id="tr_1_tl_80" custom="readingOrder {index:39;} abbrev {offset:26; length:3;expansion:geho;} textStyle {offset:28; length:1;superscript:true;}">
                <Coords points="364,2861 1226,2849 1226,2792 1174,2779 501,2808 365,2781"/>
                <Baseline points="370,2841 415,2841 460,2841 505,2841 550,2841 596,2838 641,2838 686,2838 731,2838 776,2835 822,2835 867,2838 912,2835 957,2832 1002,2832 1048,2832 1093,2832 1138,2832 1183,2832 1229,2829"/>
                <TextEquiv>
                    <Unicode>ktu konati budeſs ſwrchek geo dwerze</Unicode>
                </TextEquiv>
            </TextLine>
            <TextLine id="tr_1_tl_82" custom="readingOrder {index:40;}">
                <Coords points="364,2916 1224,2914 1232,2851 364,2861"/>
                <Baseline points="370,2904 413,2904 456,2904 499,2902 542,2903 585,2902 628,2901 671,2901 714,2901 757,2900 801,2899 844,2900 887,2898 930,2898 973,2897 1016,2895 1059,2895 1102,2895 1145,2892 1188,2892 1232,2886"/>
                <TextEquiv>
                    <Unicode>pak korabu wſtawiſs na boku z duolu ·</Unicode>
                </TextEquiv>
            </TextLine>
            <TextLine id="tr_1_tl_84" custom="readingOrder {index:41;}">
                <Coords points="364,2978 1216,2986 1226,2923 587,2935 365,2907"/>
                <Baseline points="370,2964 412,2966 455,2966 498,2966 541,2966 584,2965 626,2964 669,2964 712,2964 755,2963 798,2961 840,2961 883,2961 926,2960 969,2958 1012,2958 1054,2958 1097,2958 1140,2958 1183,2955 1226,2955"/>
                <TextEquiv>
                    <Unicode>Ponebie wniem wzdielaſs na nichžto</Unicode>
                </TextEquiv>
            </TextLine>
            <TextLine id="tr_1_tl_86" custom="readingOrder {index:42;}">
                <Coords points="358,3049 1176,3043 1226,3027 1227,2984 359,2976"/>
                <Baseline points="364,3023 407,3026 450,3026 493,3026 537,3026 580,3024 623,3024 666,3026 710,3026 753,3025 796,3024 839,3025 883,3023 926,3022 969,3020 1012,3020 1056,3017 1099,3017 1142,3017 1185,3017 1229,3014"/>
                <TextEquiv>
                    <Unicode>odwogite · a o trogitee komory budu :</Unicode>
                </TextEquiv>
            </TextLine>
            <TextLine id="tr_1_tl_88" custom="readingOrder {index:43;}">
                <Coords points="373,3116 1194,3104 1228,3097 1229,3029 374,3045"/>
                <Baseline points="379,3083 421,3091 464,3089 506,3089 549,3087 592,3088 634,3089 677,3089 720,3089 762,3089 805,3088 848,3086 890,3086 933,3085 976,3082 1018,3080 1061,3080 1104,3080 1146,3080 1189,3080 1232,3077"/>
                <TextEquiv>
                    <Unicode>A y va vwedu potopy na zemi · abych</Unicode>
                </TextEquiv>
            </TextLine>
            <TextLine id="tr_1_tl_90" custom="readingOrder {index:44;}">
                <Coords points="363,3166 1229,3165 1217,3094 364,3116"/>
                <Baseline points="370,3155 413,3153 456,3152 499,3152 542,3152 585,3152 628,3152 671,3152 714,3152 757,3151 801,3149 844,3148 887,3146 930,3146 973,3146 1016,3146 1059,3146 1102,3146 1145,3143 1188,3143 1232,3143"/>
                <TextEquiv>
                    <Unicode>zahubil wſſelike tielo wnienižto duch</Unicode>
                </TextEquiv>
            </TextLine>
            <TextLine id="tr_1_tl_92" custom="readingOrder {index:45;} abbrev {offset:16; length:5;expansion:nebem;}">
                <Coords points="364,3226 546,3251 1233,3232 1233,3170 1157,3158 364,3168"/>
                <Baseline points="370,3214 413,3214 456,3214 499,3214 543,3214 586,3214 629,3214 672,3214 716,3214 759,3214 802,3213 845,3211 889,3210 932,3208 975,3208 1018,3208 1062,3208 1105,3205 1148,3205 1191,3205 1235,3208"/>
                <TextEquiv>
                    <Unicode>żiwota geſt pod nebē · wſſeczkny wieczy</Unicode>
                </TextEquiv>
            </TextLine>
            <TextLine id="tr_1_tl_94" custom="readingOrder {index:46;}">
                <Coords points="357,3302 778,3322 1233,3291 1233,3236 1183,3217 572,3251 359,3226"/>
                <Baseline points="364,3280 407,3280 451,3280 494,3280 538,3279 581,3277 625,3277 668,3277 712,3277 755,3276 799,3275 843,3276 886,3274 930,3273 973,3271 1017,3271 1060,3271 1104,3268 1147,3268 1191,3268 1235,3268"/>
                <TextEquiv>
                    <Unicode>ktereż na zemi gſu · zkażeny budu · A v¬</Unicode>
                </TextEquiv>
            </TextLine>
            <TextEquiv>
                <Unicode>zij dyzieſſowy
rzekl cze buoh. nezuoſtanet duch muog
w czlowieku na wieky. nebot tielo geſt
A budút dnowe geho.Gto dwadczetz 
leth.Obrowe pak byli gſu na zemi¬
za dnuow tiech nebo kdyz gſu wchazeli¬
ſynowe boṙie  kdczeramudſkym.y ro¬
dily ony. Tot gſu mocznijz od wieku
mużie znamenici.Wida pak buoh. ze.
sy mnoha zloſi lidſka byla na zeni. a
wſſelike myſſlenie ſrdcze klopotnos y
lo ke zſeni wſſeliky czas.z žeſelo ſe mu¬
że ge czlowieku vczinil na zeni. A bu¬
duczieo ſe wyſtrziehage.a boleſt ſrdcze 
pocziw w nitrz iwecze.W yhladim czlo¬
wieka kterehoz ſem ſtworzil.od ſwrcii
ku zemie.od czlowieka aż dohowad. od
zemie plazu aż do ptaczſtwa nebeſfeho.
nebo lito mi geſt że gſem ge vcżinil
Noe pak naſſel cze miloſt przed hoſpoz¬
dinem. Titot gſu rodowe Adez Ade
muz ſprawedliw ya dokonaly byl.ne¬
zy narody ſwymi z bohe chodil. a zplo¬
dil trzi ſyny. Gem a Chaní a. Iafeta.
Poruſſena geſt pak zemie przed hoſpo¬
diem.a naplniena geſt neprawoſti.
Y když widiel buoh že by zemie poṙij. 
ſſena byla.wſſelike ciſtie tielo.poriſſi¬
ſo bylo czeſtu ſwu na zenii rzekl ge k
Noe kdnecz wſſelike ho tiela prziſſel ḡt 
przed mie. napliziena geſt zenie nepra¬
woſti.od twarzi gich a yat gze wyhla
dim s zenic.Bczin ſobie korab. zdrżie¬
wie hoblowancho.Prziehrady w kra¬
bu zdielaſs.a klijní pomazeẛs w nitrz y
zewnitrz.A takto gei vdielaſs.trzi ſetcz¬
loktuow bude dluhoſt korabu padeſatl¬
loktow ſſirz a trzidcz yti ſoktujow wyſoſt
czeho.wobno w korabu vdielaſs. a klo¬
ktu konati budefo ſwrchek geo dwrze¬ 
pak kdrabu wſtawiſs na boku z duolu?
Po nebie.w niem wzdielaſs na nichžto
odwoczite.a otrocżitee k omory brdu?
A y ya vwdu potopy na zemi. abych
zahubil wſſelike tielo.w niemżto duch
żiwota geſt pod nebe.wſſeczkny wieczy 
ktereż na zemi gſu zbiżeny buzdij. A y¬</Unicode>
            </TextEquiv>
        </TextRegion>
        <TextRegion id="r" custom="readingOrder {index:1;}">
            <Coords points="1279,436 2251,436 2251,3305 1279,3305"/>
            <TextLine id="tr_1_tl_2" custom="readingOrder {index:0;}">
                <Coords points="1304,485 2170,497 2169,419 2106,408 1303,406"/>
                <Baseline points="1310,468 1353,466 1396,465 1439,465 1482,465 1525,465 1568,465 1612,465 1655,466 1698,468 1741,468 1784,468 1827,469 1870,471 1914,471 1957,471 2000,471 2043,471 2086,471 2129,471 2173,465"/>
                <TextEquiv>
                    <Unicode>ſtanowimt vmluwu mu ſtebu : a weg¬</Unicode>
                </TextEquiv>
            </TextLine>
            <TextLine id="tr_1_tl_5" custom="readingOrder {index:1;}">
                <Coords points="1309,554 2170,551 2170,497 2070,487 1309,488"/>
                <Baseline points="1316,534 1358,532 1401,531 1444,531 1487,529 1530,530 1573,531 1615,531 1658,533 1701,533 1744,532 1787,534 1830,534 1873,534 1915,534 1958,534 2001,533 2044,531 2087,531 2130,534 2173,528"/>
                <TextEquiv>
                    <Unicode>deſs do korabu · ty y ſynowi twogi · że¬</Unicode>
                </TextEquiv>
            </TextLine>
            <TextLine id="tr_1_tl_7" custom="readingOrder {index:2;}">
                <Coords points="1301,614 2168,617 2177,552 1299,557"/>
                <Baseline points="1307,591 1350,591 1394,591 1438,591 1481,591 1525,593 1569,593 1612,593 1656,593 1700,593 1744,593 1787,595 1831,594 1875,593 1918,593 1962,595 2006,596 2049,596 2093,596 2137,598 2181,596"/>
                <TextEquiv>
                    <Unicode>na twa y żeny ſynow twych ſtebu · A</Unicode>
                </TextEquiv>
            </TextLine>
            <TextLine id="tr_1_tl_9" custom="readingOrder {index:3;}">
                <Coords points="1313,683 2175,676 2175,616 2132,611 1313,619"/>
                <Baseline points="1319,656 1364,656 1409,653 1454,656 1499,656 1545,653 1590,656 1635,653 1680,656 1725,656 1771,656 1816,656 1861,656 1906,656 1951,656 1997,659 2042,659 2087,659 2132,659 2178,656"/>
                <TextEquiv>
                    <Unicode>ze wſſech żiwocżichuow wſſelikeho tiela</Unicode>
                </TextEquiv>
            </TextLine>
            <TextLine id="tr_1_tl_10" custom="readingOrder {index:4;}">
                <Coords points="1313,740 2055,751 2170,724 2169,679 2009,669 1312,683"/>
                <Baseline points="1319,719 1361,716 1404,716 1447,716 1489,716 1532,716 1575,716 1617,718 1660,717 1703,718 1746,719 1788,719 1831,719 1874,719 1916,719 1959,720 2002,722 2044,722 2087,719 2130,722 2173,713"/>
                <TextEquiv>
                    <Unicode>po dwem vwedeſs do korabu . aby zuo¬</Unicode>
                </TextEquiv>
            </TextLine>
            <TextLine id="tr_1_tl_12" custom="readingOrder {index:5;}">
                <Coords points="1313,804 2158,809 2134,730 1313,740"/>
                <Baseline points="1319,782 1361,779 1403,779 1445,779 1487,781 1529,780 1571,779 1613,781 1655,779 1697,777 1740,779 1782,779 1824,779 1866,780 1908,782 1950,782 1992,782 2034,782 2076,779 2118,782 2161,782"/>
                <TextEquiv>
                    <Unicode>ſtaly żiwy ſtebu · ſamcze y ſamiczy · Z</Unicode>
                </TextEquiv>
            </TextLine>
            <TextLine id="tr_1_tl_15" custom="readingOrder {index:6;}">
                <Coords points="1316,873 1634,852 1677,878 1804,842 1860,869 2175,870 2175,802 1316,803"/>
                <Baseline points="1322,844 1364,841 1407,841 1450,841 1493,841 1536,841 1578,841 1621,841 1664,843 1707,844 1750,844 1792,842 1835,842 1878,844 1921,844 1964,844 2006,844 2049,844 2092,844 2135,844 2178,844"/>
                <TextEquiv>
                    <Unicode>placzſtwa podle plodu gych : a z howad</Unicode>
                </TextEquiv>
            </TextLine>
            <TextLine id="tr_1_tl_16" custom="readingOrder {index:7;}">
                <Coords points="1309,926 2184,937 2184,872 2150,864 1867,870 1806,842 1682,883 1633,852 1309,869"/>
                <Baseline points="1316,901 1359,901 1403,901 1446,904 1490,904 1533,901 1577,904 1620,904 1664,904 1707,904 1751,904 1795,904 1838,906 1882,907 1925,907 1969,907 2012,909 2056,908 2099,907 2143,907 2187,910"/>
                <TextEquiv>
                    <Unicode>w plodu gych · a ze wſſelikeho hmyzu</Unicode>
                </TextEquiv>
            </TextLine>
            <TextLine id="tr_1_tl_18" custom="readingOrder {index:8;} abbrev {offset:23; length:3;expansion:geho;} textStyle {offset:25; length:1;superscript:true;}">
                <Coords points="1307,998 2179,990 2164,932 2002,919 1307,924"/>
                <Baseline points="1313,964 1356,964 1399,964 1443,967 1486,967 1530,964 1573,966 1616,967 1660,967 1703,967 1747,967 1790,967 1833,967 1877,967 1920,967 1964,967 2007,967 2050,967 2094,967 2137,968 2181,967"/>
                <TextEquiv>
                    <Unicode>zemſkeho · podle plodu geo · po dweem</Unicode>
                </TextEquiv>
            </TextLine>
            <TextLine id="tr_1_tl_20" custom="readingOrder {index:9;}">
                <Coords points="1308,1054 2037,1059 2183,1045 2182,988 1307,998"/>
                <Baseline points="1313,1026 1356,1026 1400,1029 1443,1029 1487,1029 1530,1026 1574,1028 1617,1027 1661,1028 1704,1027 1748,1026 1792,1028 1835,1029 1879,1027 1922,1028 1966,1029 2009,1029 2053,1029 2096,1029 2140,1029 2184,1026"/>
                <TextEquiv>
                    <Unicode>ze wſſech wegdut ſ tebu · aby mohli żiwi</Unicode>
                </TextEquiv>
            </TextLine>
            <TextLine id="tr_1_tl_22" custom="readingOrder {index:10;}">
                <Coords points="1313,1112 2185,1109 2185,1044 2157,1039 1313,1051"/>
                <Baseline points="1319,1092 1362,1089 1405,1089 1449,1089 1492,1089 1536,1089 1579,1089 1622,1089 1666,1089 1709,1089 1753,1089 1796,1089 1839,1091 1883,1092 1926,1092 1970,1092 2013,1092 2056,1092 2100,1092 2143,1092 2187,1095"/>
                <TextEquiv>
                    <Unicode>byti · protoż naberzeſs s ſebu ze wſſech</Unicode>
                </TextEquiv>
            </TextLine>
            <TextLine id="tr_1_tl_24" custom="readingOrder {index:11;}">
                <Coords points="1319,1188 1395,1160 2192,1171 2192,1106 1319,1118"/>
                <Baseline points="1325,1155 1368,1152 1411,1152 1455,1152 1498,1152 1542,1152 1585,1152 1628,1152 1672,1152 1715,1152 1759,1152 1802,1153 1845,1155 1889,1155 1932,1155 1976,1155 2019,1155 2062,1155 2106,1152 2149,1155 2193,1152"/>
                <TextEquiv>
                    <Unicode>pokrmuow kterziżto gedeni mohu byti</Unicode>
                </TextEquiv>
            </TextLine>
            <TextLine id="tr_1_tl_26" custom="readingOrder {index:12;}">
                <Coords points="1307,1239 2185,1236 2185,1175 2068,1167 1380,1158 1307,1188"/>
                <Baseline points="1313,1211 1356,1214 1400,1214 1444,1214 1487,1214 1531,1213 1575,1212 1618,1214 1662,1213 1706,1212 1750,1214 1793,1214 1837,1214 1881,1214 1924,1214 1968,1214 2012,1214 2055,1214 2099,1214 2143,1211 2187,1208"/>
                <TextEquiv>
                    <Unicode>a ſneſeſs s ſobie · a budut za pokrm ·</Unicode>
                </TextEquiv>
            </TextLine>
            <TextLine id="tr_1_tl_28" custom="readingOrder {index:13;}">
                <Coords points="1319,1306 2182,1298 2182,1246 2098,1223 1906,1252 1319,1240"/>
                <Baseline points="1325,1280 1370,1277 1415,1277 1460,1277 1505,1277 1551,1274 1596,1277 1641,1274 1686,1274 1731,1274 1777,1274 1822,1277 1867,1277 1912,1277 1957,1277 2003,1277 2048,1277 2093,1277 2138,1280 2184,1277"/>
                <TextEquiv>
                    <Unicode>tak tobie yako gim · tehda vcżinil Noe</Unicode>
                </TextEquiv>
            </TextLine>
            <TextLine id="tr_1_tl_30" custom="readingOrder {index:14;}">
                <Coords points="1322,1353 2175,1364 2175,1306 2076,1286 2048,1311 1818,1284 1322,1305"/>
                <Baseline points="1328,1340 1370,1337 1413,1337 1455,1337 1498,1339 1540,1340 1583,1340 1625,1340 1668,1340 1710,1340 1753,1340 1795,1340 1838,1340 1880,1340 1923,1340 1965,1340 2008,1340 2050,1340 2093,1340 2135,1340 2178,1334"/>
                <TextEquiv>
                    <Unicode>wſſeczky wieczy ktereż byl rozkazal ge¬</Unicode>
                </TextEquiv>
            </TextLine>
            <TextLine id="tr_1_tl_32" custom="readingOrder {index:15;}">
                <Coords points="1306,1414 1351,1423 1425,1415 1433,1423 1492,1411 1550,1418 1551,1368 1514,1354 1497,1364 1446,1363 1426,1348 1401,1365 1352,1368 1308,1352"/>
                <Baseline points="1313,1399 1339,1401 1366,1399 1392,1399 1419,1399 1445,1399 1472,1399 1498,1399 1525,1395 1552,1390"/>
                <TextEquiv>
                    <Unicode>mu buoh</Unicode>
                </TextEquiv>
            </TextLine>
            <TextLine id="tr_1_tl_33" custom="readingOrder {index:16;}">
                <Coords points="1692,1418 1812,1411 1861,1435 1890,1420 1959,1431 2009,1403 2076,1433 2123,1430 2133,1369 2065,1353 1980,1373 1958,1355 1857,1368 1760,1351 1693,1375"/>
                <Baseline points="1698,1408 1723,1410 1749,1409 1774,1405 1800,1403 1826,1402 1851,1402 1877,1402 1903,1402 1928,1402 1954,1402 1980,1402 2005,1402 2031,1402 2057,1400 2082,1397 2108,1393 2134,1390"/>
                <TextEquiv>
                    <Unicode>Capitola.VII.</Unicode>
                </TextEquiv>
            </TextLine>
            <TextLine id="tr_1_tl_35" custom="readingOrder {index:17;}">
                <Coords points="1462,1492 1988,1468 2184,1493 2184,1400 2077,1433 2002,1404 1965,1434 1866,1437 1808,1411 1462,1413"/>
                <Baseline points="1468,1465 1505,1465 1543,1463 1581,1462 1619,1461 1657,1460 1695,1462 1732,1462 1770,1462 1808,1462 1846,1462 1884,1462 1922,1462 1959,1462 1997,1462 2035,1462 2073,1462 2111,1463 2149,1465 2187,1465"/>
                <TextEquiv>
                    <Unicode>Y Rzekl ge pan kniemu · Wegdiż</Unicode>
                </TextEquiv>
            </TextLine>
            <TextLine id="tr_1_tl_37" custom="readingOrder {index:18;}">
                <Coords points="1376,1584 1490,1533 2175,1551 2185,1491 1670,1473 1490,1483 1448,1517 1377,1485"/>
                <Baseline points="1382,1543 1422,1535 1462,1532 1502,1527 1543,1523 1583,1524 1623,1525 1663,1524 1704,1523 1744,1525 1784,1522 1824,1522 1865,1524 1905,1525 1945,1525 1985,1525 2026,1525 2066,1525 2106,1525 2146,1525 2187,1525"/>
                <TextEquiv>
                    <Unicode>y ty y weſſkeren duom twuoy · do</Unicode>
                </TextEquiv>
            </TextLine>
            <TextLine id="tr_1_tl_39" custom="readingOrder {index:19;} abbrev {offset:14; length:3;expansion:gsem;}">
                <Coords points="1462,1606 2184,1605 2184,1549 2153,1536 2109,1558 2045,1535 1462,1543"/>
                <Baseline points="1468,1584 1505,1584 1543,1584 1581,1584 1619,1584 1657,1584 1695,1584 1732,1584 1770,1584 1808,1584 1846,1584 1884,1584 1922,1584 1959,1584 1997,1586 2035,1587 2073,1587 2111,1587 2149,1586 2187,1584"/>
                <TextEquiv>
                    <Unicode>korabu : nebt gſē tie widiel ſpra¬</Unicode>
                </TextEquiv>
            </TextLine>
            <TextLine id="tr_1_tl_41" custom="readingOrder {index:20;}">
                <Coords points="1322,1664 2183,1659 2176,1603 1322,1616"/>
                <Baseline points="1328,1650 1370,1647 1413,1647 1456,1647 1499,1647 1542,1647 1584,1647 1627,1647 1670,1647 1713,1647 1756,1647 1798,1646 1841,1645 1884,1647 1927,1647 1970,1648 2012,1650 2055,1650 2098,1647 2141,1647 2184,1641"/>
                <TextEquiv>
                    <Unicode>wedliweho przed ſebu . w narodu tom¬</Unicode>
                </TextEquiv>
            </TextLine>
            <TextLine id="tr_1_tl_43" custom="readingOrder {index:21;}">
                <Coords points="1316,1732 2184,1742 2184,1667 2068,1655 1895,1684 1838,1659 1316,1669"/>
                <Baseline points="1322,1707 1365,1708 1408,1709 1451,1710 1495,1710 1538,1710 1581,1709 1624,1707 1668,1708 1711,1710 1754,1710 1797,1710 1841,1710 1884,1710 1927,1710 1970,1710 2014,1710 2057,1710 2100,1710 2143,1707 2187,1704"/>
                <TextEquiv>
                    <Unicode>to : ze wſſech żiwocżychuow cżiſtych.</Unicode>
                </TextEquiv>
            </TextLine>
            <TextLine id="tr_1_tl_45" custom="readingOrder {index:22;}">
                <Coords points="1319,1790 2184,1784 2184,1742 2017,1725 1319,1734"/>
                <Baseline points="1325,1764 1368,1770 1411,1770 1454,1770 1497,1770 1540,1770 1583,1770 1626,1770 1669,1770 1712,1770 1756,1770 1799,1770 1842,1770 1885,1772 1928,1773 1971,1772 2014,1771 2057,1773 2100,1773 2143,1773 2187,1773"/>
                <TextEquiv>
                    <Unicode>wezmeſs ſedmero a ſedmero · ſamcze a</Unicode>
                </TextEquiv>
            </TextLine>
            <TextLine id="tr_1_tl_47" custom="readingOrder {index:23;}">
                <Coords points="1322,1857 2188,1859 2173,1788 1322,1790"/>
                <Baseline points="1328,1835 1371,1832 1414,1832 1457,1832 1500,1829 1543,1831 1586,1832 1629,1832 1672,1830 1715,1831 1759,1832 1802,1832 1845,1832 1888,1832 1931,1832 1974,1833 2017,1835 2060,1835 2103,1835 2146,1835 2190,1838"/>
                <TextEquiv>
                    <Unicode>samicy . Z žiwoċichuow pak necżiſtych</Unicode>
                </TextEquiv>
            </TextLine>
            <TextLine id="tr_1_tl_49" custom="readingOrder {index:24;}">
                <Coords points="1328,1917 1970,1929 2020,1898 2193,1928 2193,1863 2086,1848 2049,1871 1328,1858"/>
                <Baseline points="1334,1893 1377,1892 1420,1895 1463,1893 1506,1894 1549,1893 1592,1892 1635,1892 1678,1894 1721,1893 1765,1894 1808,1895 1851,1895 1894,1895 1937,1894 1980,1892 2023,1894 2066,1899 2109,1901 2152,1902 2196,1901"/>
                <TextEquiv>
                    <Unicode>dwe a dwe . samcze a ſamiczy . ale y z</Unicode>
                </TextEquiv>
            </TextLine>
            <TextLine id="tr_1_tl_51" custom="readingOrder {index:25;} abbrev {offset:10; length:8;expansion:nebeſkejo;} textStyle {offset:17; length:1;superscript:true;}">
                <Coords points="1334,1979 2193,1977 2193,1924 2031,1900 1970,1928 1334,1924"/>
                <Baseline points="1340,1961 1382,1956 1425,1957 1468,1958 1511,1956 1554,1957 1596,1958 1639,1958 1682,1956 1725,1955 1768,1955 1810,1955 1853,1956 1896,1958 1939,1958 1982,1958 2024,1958 2067,1961 2110,1961 2153,1961 2196,1955"/>
                <TextEquiv>
                    <Unicode>ptaczſtwa nebeſkeo ſedmero a ſedmero</Unicode>
                </TextEquiv>
            </TextLine>
            <TextLine id="tr_1_tl_53" custom="readingOrder {index:26;}">
                <Coords points="1325,2044 2193,2035 2193,1980 2163,1972 1325,1981"/>
                <Baseline points="1331,2020 1374,2020 1417,2020 1460,2020 1504,2018 1547,2018 1590,2019 1633,2017 1677,2016 1720,2015 1763,2017 1806,2017 1850,2018 1893,2020 1936,2020 1979,2020 2023,2020 2066,2020 2109,2020 2152,2020 2196,2017"/>
                <TextEquiv>
                    <Unicode>ſamcze a ſamiczy · aby zachowano bylo</Unicode>
                </TextEquiv>
            </TextLine>
            <TextLine id="tr_1_tl_55" custom="readingOrder {index:27;}">
                <Coords points="1325,2110 1888,2113 1976,2084 2182,2110 2182,2047 2076,2033 1325,2044"/>
                <Baseline points="1331,2083 1373,2083 1416,2080 1458,2080 1501,2080 1544,2080 1586,2080 1629,2080 1672,2080 1714,2081 1757,2083 1800,2082 1842,2080 1885,2081 1928,2083 1970,2083 2013,2083 2056,2083 2098,2083 2141,2080 2184,2080"/>
                <TextEquiv>
                    <Unicode>ſiemie na twarzy wſſie zemie · nebo ge¬</Unicode>
                </TextEquiv>
            </TextLine>
            <TextLine id="tr_1_tl_57" custom="readingOrder {index:28;}">
                <Coords points="1325,2166 2197,2166 2197,2106 1979,2084 1888,2113 1325,2110"/>
                <Baseline points="1331,2155 1374,2147 1417,2144 1461,2143 1504,2143 1548,2143 1591,2143 1634,2144 1678,2145 1721,2143 1765,2144 1808,2145 1851,2144 1895,2146 1938,2146 1982,2146 2025,2146 2068,2146 2112,2146 2155,2146 2199,2146"/>
                <TextEquiv>
                    <Unicode>ſſtie · y po dnech ſedmi ya dſſtiiti budu</Unicode>
                </TextEquiv>
            </TextLine>
            <TextLine id="tr_1_tl_59" custom="readingOrder {index:29;}">
                <Coords points="1325,2231 1967,2211 2184,2238 2162,2164 1325,2166"/>
                <Baseline points="1331,2208 1373,2206 1416,2205 1459,2205 1502,2205 1545,2205 1587,2205 1630,2205 1673,2205 1716,2205 1759,2205 1801,2205 1844,2205 1887,2204 1930,2203 1973,2205 2015,2205 2058,2208 2101,2208 2144,2208 2187,2205"/>
                <TextEquiv>
                    <Unicode>na zemi · cżtyrzidczeti dnuow a cżtyrzid¬</Unicode>
                </TextEquiv>
            </TextLine>
            <TextLine id="tr_1_tl_61" custom="readingOrder {index:30;}">
                <Coords points="1319,2294 2197,2288 2197,2239 2036,2214 1319,2228"/>
                <Baseline points="1325,2268 1368,2268 1412,2268 1456,2268 1499,2267 1543,2265 1587,2265 1630,2265 1674,2265 1718,2265 1762,2266 1805,2268 1849,2267 1893,2265 1936,2265 1980,2268 2024,2268 2067,2268 2111,2268 2155,2265 2199,2265"/>
                <TextEquiv>
                    <Unicode>czeti noczij · a wyhladim wſſeliku pod¬</Unicode>
                </TextEquiv>
            </TextLine>
            <TextLine id="tr_1_tl_63" custom="readingOrder {index:31;}">
                <Coords points="1327,2358 1876,2328 1921,2356 2186,2357 2187,2290 2085,2305 2039,2278 1328,2291"/>
                <Baseline points="1334,2334 1376,2332 1419,2329 1462,2328 1505,2328 1548,2330 1590,2329 1633,2328 1676,2328 1719,2328 1762,2328 1804,2328 1847,2328 1890,2328 1933,2328 1976,2328 2018,2328 2061,2328 2104,2328 2147,2328 2190,2322"/>
                <TextEquiv>
                    <Unicode>ſtatu · kteru ſem vcżinil z ſwrchku ze¬</Unicode>
                </TextEquiv>
            </TextLine>
            <TextLine id="tr_1_tl_65" custom="readingOrder {index:32;}">
                <Coords points="1325,2416 2193,2406 2193,2354 2116,2343 1325,2353"/>
                <Baseline points="1331,2393 1374,2391 1417,2388 1460,2387 1504,2389 1547,2390 1590,2390 1633,2390 1677,2390 1720,2390 1763,2390 1806,2390 1850,2390 1893,2390 1936,2390 1979,2390 2023,2390 2066,2390 2109,2393 2152,2393 2196,2387"/>
                <TextEquiv>
                    <Unicode>mie · Tehda vcżinil Noe wſſeczkny</Unicode>
                </TextEquiv>
            </TextLine>
            <TextLine id="tr_1_tl_67" custom="readingOrder {index:33;}">
                <Coords points="1334,2469 2196,2469 2196,2405 2157,2400 2039,2429 1334,2416"/>
                <Baseline points="1340,2456 1385,2453 1430,2453 1475,2450 1520,2453 1566,2453 1611,2453 1656,2453 1701,2453 1746,2453 1792,2453 1837,2453 1882,2453 1927,2453 1972,2453 2018,2450 2063,2453 2108,2450 2153,2453 2199,2456"/>
                <TextEquiv>
                    <Unicode>wieczy kterež rozkazal gemu pan · A</Unicode>
                </TextEquiv>
            </TextLine>
            <TextLine id="tr_1_tl_69" custom="readingOrder {index:34;}">
                <Coords points="1333,2544 2035,2523 2192,2553 2193,2474 2154,2462 2027,2490 1891,2462 1334,2473"/>
                <Baseline points="1340,2522 1382,2519 1425,2519 1468,2517 1511,2516 1554,2516 1596,2518 1639,2517 1682,2518 1725,2518 1768,2516 1810,2516 1853,2516 1896,2516 1939,2516 1982,2516 2024,2516 2067,2516 2110,2516 2153,2516 2196,2513"/>
                <TextEquiv>
                    <Unicode>byl geſt w ſſeſti ſtech letech · kdyžto</Unicode>
                </TextEquiv>
            </TextLine>
            <TextLine id="tr_1_tl_71" custom="readingOrder {index:35;}">
                <Coords points="1331,2613 1751,2584 2192,2602 2192,2555 2155,2535 2011,2525 1331,2543"/>
                <Baseline points="1337,2584 1379,2579 1422,2578 1465,2576 1508,2575 1551,2577 1593,2578 1636,2576 1679,2577 1722,2578 1765,2578 1807,2578 1850,2577 1893,2576 1936,2578 1979,2578 2021,2578 2064,2578 2107,2578 2150,2575 2193,2572"/>
                <TextEquiv>
                    <Unicode>potopy wod rozwodnily ſe byly na ze¬</Unicode>
                </TextEquiv>
            </TextLine>
            <TextLine id="tr_1_tl_73" custom="readingOrder {index:36;}">
                <Coords points="1328,2658 2203,2651 2203,2605 2125,2594 1328,2614"/>
                <Baseline points="1334,2641 1377,2638 1421,2635 1464,2636 1508,2638 1551,2638 1595,2638 1638,2638 1682,2638 1725,2638 1769,2639 1813,2640 1856,2638 1900,2639 1943,2641 1987,2641 2030,2641 2074,2641 2117,2641 2161,2635 2205,2632"/>
                <TextEquiv>
                    <Unicode>mi · Y wſſel gest Noe a ſynowe geho ·</Unicode>
                </TextEquiv>
            </TextLine>
            <TextLine id="tr_1_tl_75" custom="readingOrder {index:37;}">
                <Coords points="1337,2728 2199,2722 2198,2667 2110,2652 2064,2677 1336,2651"/>
                <Baseline points="1343,2704 1388,2702 1433,2701 1478,2701 1523,2701 1569,2701 1614,2701 1659,2701 1704,2704 1749,2701 1795,2701 1840,2704 1885,2704 1930,2701 1975,2704 2021,2704 2066,2704 2111,2704 2156,2701 2202,2701"/>
                <TextEquiv>
                    <Unicode>žena geho · a ženy ſynow geho · ſ nim</Unicode>
                </TextEquiv>
            </TextLine>
            <TextLine id="tr_1_tl_77" custom="readingOrder {index:38;}">
                <Coords points="1331,2790 2193,2791 2193,2723 2066,2704 1914,2738 1331,2730"/>
                <Baseline points="1337,2764 1382,2764 1427,2764 1472,2764 1517,2764 1563,2761 1608,2764 1653,2761 1698,2764 1743,2764 1789,2761 1834,2764 1879,2764 1924,2761 1969,2761 2015,2764 2060,2764 2105,2767 2150,2764 2196,2758"/>
                <TextEquiv>
                    <Unicode>do korabu · pro wody potopy · Z żiwo¬</Unicode>
                </TextEquiv>
            </TextLine>
            <TextLine id="tr_1_tl_79" custom="readingOrder {index:39;}">
                <Coords points="1331,2836 2199,2859 2199,2783 1331,2795"/>
                <Baseline points="1337,2826 1380,2828 1423,2827 1466,2826 1510,2826 1553,2825 1596,2824 1639,2826 1683,2826 1726,2826 1769,2827 1812,2828 1856,2826 1899,2826 1942,2827 1985,2829 2029,2826 2072,2826 2115,2829 2158,2829 2202,2823"/>
                <TextEquiv>
                    <Unicode>cżichuow cżiſtych y necżiſtych · y zptacz¬</Unicode>
                </TextEquiv>
            </TextLine>
            <TextLine id="tr_1_tl_81" custom="readingOrder {index:40;}">
                <Coords points="1334,2911 2196,2899 2172,2847 1334,2847"/>
                <Baseline points="1340,2895 1385,2890 1430,2889 1475,2889 1520,2889 1566,2889 1611,2889 1656,2889 1701,2889 1746,2889 1792,2892 1837,2889 1882,2889 1927,2889 1972,2889 2018,2889 2063,2889 2108,2889 2153,2889 2199,2883"/>
                <TextEquiv>
                    <Unicode>ſtwa · a ze wſſeho czož hybe ſe na zemi</Unicode>
                </TextEquiv>
            </TextLine>
            <TextLine id="tr_1_tl_83" custom="readingOrder {index:41;}">
                <Coords points="1325,2980 2208,2961 2208,2910 2169,2900 1325,2909"/>
                <Baseline points="1331,2946 1375,2952 1419,2952 1463,2952 1507,2949 1551,2949 1595,2949 1639,2952 1683,2952 1727,2949 1771,2951 1815,2952 1859,2952 1903,2952 1947,2952 1991,2952 2035,2952 2079,2952 2123,2952 2167,2952 2211,2949"/>
                <TextEquiv>
                    <Unicode>dwe a dwe · weſſli gſu k Noe do korabu</Unicode>
                </TextEquiv>
            </TextLine>
            <TextLine id="tr_1_tl_85" custom="readingOrder {index:42;}">
                <Coords points="1331,3046 1482,3015 1562,3042 2193,3033 2185,2963 1331,2978"/>
                <Baseline points="1337,3020 1382,3015 1427,3014 1472,3014 1517,3012 1563,3011 1608,3011 1653,3011 1698,3014 1743,3014 1789,3014 1834,3017 1879,3014 1924,3014 1969,3014 2015,3014 2060,3014 2105,3014 2150,3014 2196,3011"/>
                <TextEquiv>
                    <Unicode>samecz a ſamicze · yakož byl rozkazal</Unicode>
                </TextEquiv>
            </TextLine>
            <TextLine id="tr_1_tl_87" custom="readingOrder {index:43;}">
                <Coords points="1325,3102 2198,3104 2204,3024 1812,3048 1481,3015 1324,3048"/>
                <Baseline points="1331,3077 1374,3077 1418,3077 1462,3077 1506,3077 1550,3074 1594,3077 1637,3077 1681,3079 1725,3078 1769,3077 1813,3077 1857,3077 1901,3077 1944,3077 1988,3077 2032,3077 2076,3077 2120,3077 2164,3079 2208,3077"/>
                <TextEquiv>
                    <Unicode>pan Noe · A kdyż pomimulo ſedm dnij</Unicode>
                </TextEquiv>
            </TextLine>
            <TextLine id="tr_1_tl_89" custom="readingOrder {index:44;}">
                <Coords points="1325,3158 2208,3156 2182,3097 1325,3099"/>
                <Baseline points="1331,3143 1375,3140 1419,3140 1463,3139 1507,3137 1551,3137 1595,3137 1639,3138 1683,3139 1727,3138 1771,3140 1815,3140 1859,3140 1903,3140 1947,3140 1991,3140 2035,3140 2079,3140 2123,3140 2167,3140 2211,3140"/>
                <TextEquiv>
                    <Unicode>wody potopy rozwodnily ſe byly na ze¬</Unicode>
                </TextEquiv>
            </TextLine>
            <TextLine id="tr_1_tl_91" custom="readingOrder {index:45;} abbrev {offset:10; length:10;expansion:ſſeſtiſteho;} textStyle {offset:19; length:1;superscript:true;}">
                <Coords points="1319,3232 2212,3220 2212,3168 2117,3149 1319,3168"/>
                <Baseline points="1325,3202 1369,3202 1413,3202 1458,3202 1502,3202 1547,3202 1591,3202 1636,3202 1680,3202 1725,3202 1769,3202 1813,3202 1858,3202 1902,3202 1947,3205 1991,3202 2036,3202 2080,3205 2125,3205 2169,3202 2214,3199"/>
                <TextEquiv>
                    <Unicode>mi : leta ſſeſtiſteo žiwota Noe · Mieſyece</Unicode>
                </TextEquiv>
            </TextLine>
            <TextLine id="tr_1_tl_93" custom="readingOrder {index:46;} abbrev {offset:0; length:6;expansion:druheho;} textStyle {offset:5; length:1;superscript:true;}">
                <Coords points="1339,3297 1504,3311 1575,3283 1674,3315 1816,3283 2013,3307 2214,3284 2201,3217 1339,3224"/>
                <Baseline points="1346,3268 1389,3265 1433,3266 1476,3267 1520,3265 1563,3265 1607,3265 1650,3265 1694,3265 1737,3266 1781,3268 1825,3268 1868,3267 1912,3265 1955,3265 1999,3268 2042,3268 2086,3268 2129,3268 2173,3268 2217,3265"/>
                <TextEquiv>
                    <Unicode>druheo ſedmnaczteho dne mieſyece : pro¬</Unicode>
                </TextEquiv>
            </TextLine>
            <TextEquiv>
                <Unicode>ſtanowit umluwumu ſ tebu a we g¬
deſs do korabu.ty y ſynowi twogi.że
ſa tway zeny ſynow twych ſ tebu.A
że wſſech ziwocżichuow wſſelik ho tiela
po dwem v wedeſo do korabu. aby zuo.
ſtaly żiwy ſlebu.ſamcze y ſamiczy¬
placzſiwa podle plodu gych a z howad¬
w plodu gych a ze wſſelikeho hmyza
zemſkeho podle plodu ge dween 
ze wſſech we czdut ſ tebu aṡy mohli żin i¬
s yti protoz na berzeſs s ſebu ze wſſechy
pokrimuow kterzizto gedenimohu s yti¬
a ſneſeſs s ſobie.a budut za poklni
tak tobie yako gin tehda uczinil. A be¬
wſſeczky wieczy kterez byl rozkuzal ge¬
mu buoh.
ſſ Kapitola II∙
A zekl cze pan krienij. Wegdiż
y  ty y weſſkeren duem twudy do¬
ko zabij.nebt gſe tie widiel ſpra¬
wedliweho przed ſebu.w narodutom
toz ze wſſech z twoczychuow cziſtych.
we zineſs ſedmnero a ſedmerok ſamcze a
sancy.R ziwotichuow pak necziſtych
dwe a dwe.sancze a ſamiczy. ale y z¬
ptaczſiwa nebeſkee ſedmero a ſednero¬
ſanicze a ſamiczy aby zachowano sylo¬
ſzemie na twarz y wſſie zemie. nebo cze¬
ſſtie. y po dnech ſedmi ya oſſiiti budu
na zenii Rztyrzidczeti dnuow a cztyrzid¬
czeti noczij a wyhladinn wfſeliku pod
ſtati. ktepu ſem vcżinil z ſwrcliku ze
mie Tehda uczinil.Noe wſſeczkny
wieczy kerež rozkazal gemu pan. N
byl geſt w ſſeſti ſtech ſetech kdyzto
potopy wod rozwodnily ſe syly na ze¬
ni Y wſſel gest Ade a ſynowe geho e¬
zena geho a zeny ſynow geho  ſ nim
do ko zabu pro wody potopy.Bżiwo¬
zichuow rziſtych y necziſtych. y zptacz
ſiwa. a ze wſſeho czoz hybe ſe na zeni¬
dwe a dwe .weſſli gſu side do kd zabu
saniecza ſamicze yakoz byl rozkazal
pan. Noe. A kdyż pomimulo ſedm priz
wody potopy rozwodnily ſe byly na że¬
mk ſetz ſſeſtiſteeh z iwota Ade. Mieſyece
druhe ſedmnaczteho dne mieſyece. Ppro¬ </Unicode>
            </TextEquiv>
        </TextRegion>
    </Page>
</PcGts>
