<?xml version="1.0" encoding="UTF-8" standalone="yes"?>
<PcGts xmlns="http://schema.primaresearch.org/PAGE/gts/pagecontent/2013-07-15" xmlns:xsi="http://www.w3.org/2001/XMLSchema-instance" xsi:schemaLocation="http://schema.primaresearch.org/PAGE/gts/pagecontent/2013-07-15 http://schema.primaresearch.org/PAGE/gts/pagecontent/2013-07-15/pagecontent.xsd">
    <Metadata>
        <Creator>prov=READ-COOP:name=PyLaia@TranskribusPlatform:version=2.19.0:model_id=58856:lm=none:date=30_11_2024_13:10</Creator>
        <Created>2024-11-22T17:31:52.992+01:00</Created>
        <LastChange>2024-12-05T22:05:18.351+01:00</LastChange>
        <TranskribusMetadata docId="5363448" pageId="84625997" pageNr="568" tsid="210339051" status="GT" userId="100969" imgUrl="https://files.transkribus.eu/Get?id=YJSWEJQDXJXTIIXOMFXLYXKQ&amp;fileType=view" xmlUrl="https://files.transkribus.eu/Get?id=NSKQOMGFRATBELSURZLJZOOZ" imageId="69898143"/>
    </Metadata>
    <Page imageFilename="DTL_547662-0569.jpeg" imageWidth="2530" imageHeight="3955">
        <ReadingOrder>
            <OrderedGroup id="ro_1734605780429" caption="Regions reading order">
                <RegionRefIndexed index="0" regionRef="r"/>
                <RegionRefIndexed index="1" regionRef="r_38"/>
            </OrderedGroup>
        </ReadingOrder>
        <TextRegion id="r" custom="readingOrder {index:0;}">
            <Coords points="230,367 1113,367 1113,3319 230,3319"/>
            <TextLine id="r_tl_1" custom="readingOrder {index:0;}">
                <Coords points="205,430 1057,427 1066,344 703,362 570,324 495,360 206,372"/>
                <Baseline points="211,420 217,423 262,420 307,417 352,414 396,411 441,408 486,405 531,405 576,405 620,402 665,402 710,399 755,399 799,402 844,402 889,399 934,399 979,399 1023,399 1068,394"/>
                <TextEquiv>
                    <Unicode>a ſſiitu : a powſtaň na pomocz mi. Wy¬</Unicode>
                </TextEquiv>
            </TextLine>
            <TextLine id="r_tl_2" custom="readingOrder {index:1;}">
                <Coords points="202,497 1064,492 1065,429 988,408 203,445"/>
                <Baseline points="208,486 217,486 262,483 307,480 352,477 396,474 441,471 486,468 531,468 576,468 620,462 665,468 710,465 755,465 799,468 844,465 889,465 934,465 979,462 1023,465 1068,459"/>
                <TextEquiv>
                    <Unicode>trhniž mecž a ſewrzyž ty na odpor kte¬</Unicode>
                </TextEquiv>
            </TextLine>
            <TextLine id="r_tl_3" custom="readingOrder {index:2;}">
                <Coords points="205,557 1074,541 1074,486 1012,474 206,505"/>
                <Baseline points="211,546 226,543 271,540 316,540 361,537 405,534 450,531 495,531 540,531 585,528 629,528 674,528 719,528 764,528 808,528 853,525 898,525 943,528 988,525 1032,528 1077,528"/>
                <TextEquiv>
                    <Unicode>rziž mi natiſk činie : powiez duſſi me ſpa¬</Unicode>
                </TextEquiv>
            </TextLine>
            <TextLine id="r_tl_4" custom="readingOrder {index:3;}">
                <Coords points="216,623 1042,603 1071,596 1072,541 217,557"/>
                <Baseline points="223,608 268,605 313,605 358,602 402,599 447,596 492,596 537,593 582,591 626,591 671,591 716,588 761,591 805,591 850,591 895,591 940,591 985,591 1029,588 1074,588"/>
                <TextEquiv>
                    <Unicode>ſenie twe ia ſem • Pohanieni budte a s¬</Unicode>
                </TextEquiv>
            </TextLine>
            <TextLine id="r_tl_5" custom="readingOrder {index:4;}">
                <Coords points="217,691 1054,662 1075,594 218,617"/>
                <Baseline points="223,671 226,668 271,668 316,665 361,665 405,662 450,659 495,659 540,656 585,653 629,653 674,653 719,653 764,653 808,653 853,653 898,653 943,650 988,650 1032,650 1077,650"/>
                <TextEquiv>
                    <Unicode>ſtraſſeni kterziž hledagi duſſe me Ať</Unicode>
                </TextEquiv>
            </TextLine>
            <TextLine id="r_tl_6" custom="readingOrder {index:5;}">
                <Coords points="202,757 613,720 1065,731 1046,659 203,699"/>
                <Baseline points="208,734 217,734 262,731 307,728 352,725 396,725 441,722 486,722 531,719 576,719 620,719 665,716 710,716 755,716 799,716 844,716 889,716 934,716 979,713 1023,710 1068,710"/>
                <TextEquiv>
                    <Unicode>gſu zpiet obrateni a zahanbeni : myſle¬</Unicode>
                </TextEquiv>
            </TextLine>
            <TextLine id="r_tl_7" custom="readingOrder {index:6;}">
                <Coords points="214,820 483,790 1035,803 1060,728 367,728 215,757"/>
                <Baseline points="220,796 256,793 301,791 346,785 391,785 435,785 480,782 525,779 570,779 614,782 659,779 704,779 749,779 793,779 838,776 883,779 928,779 973,779 1017,779 1062,779"/>
                <TextEquiv>
                    <Unicode>cze mi zlee wieczy • Budtež yako prach</Unicode>
                </TextEquiv>
            </TextLine>
            <TextLine id="r_tl_8" custom="readingOrder {index:7;}">
                <Coords points="211,877 553,849 992,866 1064,860 1065,806 590,792 212,822"/>
                <Baseline points="217,862 262,856 307,853 352,847 396,847 441,847 486,844 531,844 576,844 620,844 665,844 710,844 755,841 799,838 844,841 889,841 934,841 979,838 1023,835 1068,838"/>
                <TextEquiv>
                    <Unicode>przed twarzi wietru : a angel panie po</Unicode>
                </TextEquiv>
            </TextLine>
            <TextLine id="r_tl_9" custom="readingOrder {index:8;}">
                <Coords points="204,927 1053,924 1054,856 936,849 205,883"/>
                <Baseline points="211,919 250,916 295,913 340,910 385,910 429,910 474,907 519,907 564,904 608,904 653,904 698,904 743,904 788,904 832,901 877,904 922,904 967,901 1011,901 1056,895"/>
                <TextEquiv>
                    <Unicode>tiſkuge gich • Budtež czeſty gich tmy</Unicode>
                </TextEquiv>
            </TextLine>
            <TextLine id="r_tl_10" custom="readingOrder {index:9;}">
                <Coords points="202,988 1075,970 1075,925 995,915 203,930"/>
                <Baseline points="208,979 226,979 271,979 316,976 361,973 405,973 450,970 495,970 540,967 585,970 629,967 674,967 719,967 764,967 808,967 853,967 898,964 943,964 988,961 1032,961 1077,955"/>
                <TextEquiv>
                    <Unicode>a plzkoſt : a angel panie s stihage ge •</Unicode>
                </TextEquiv>
            </TextLine>
            <TextLine id="r_tl_11" custom="readingOrder {index:10;}">
                <Coords points="202,1052 1071,1045 1071,998 967,977 202,988"/>
                <Baseline points="208,1038 223,1038 268,1038 313,1035 358,1035 402,1035 447,1035 492,1032 537,1032 582,1029 626,1029 671,1029 716,1029 761,1029 805,1029 850,1026 895,1029 940,1029 985,1029 1029,1026 1050,1026"/>
                <TextEquiv>
                    <Unicode>Nebo nadarmo ſkryli ſu mi zahubu o¬</Unicode>
                </TextEquiv>
            </TextLine>
            <TextLine id="r_tl_12" custom="readingOrder {index:11;}">
                <Coords points="214,1122 513,1098 1021,1118 1075,1105 1076,1046 215,1053"/>
                <Baseline points="220,1095 226,1098 271,1098 316,1101 361,1098 405,1092 450,1095 495,1092 540,1095 585,1092 629,1089 674,1092 719,1089 764,1089 808,1089 853,1089 898,1089 943,1089 988,1089 1032,1089 1077,1086"/>
                <TextEquiv>
                    <Unicode>ſydla ſweho : bez przicziny zhanieſi ſu</Unicode>
                </TextEquiv>
            </TextLine>
            <TextLine id="r_tl_13" custom="readingOrder {index:12;}">
                <Coords points="208,1170 1075,1161 1075,1107 987,1095 208,1122"/>
                <Baseline points="214,1164 226,1164 271,1161 316,1161 361,1161 405,1155 450,1155 495,1158 540,1155 585,1155 629,1155 674,1155 719,1155 764,1155 808,1155 853,1152 898,1155 943,1155 988,1155 1032,1155 1077,1152"/>
                <TextEquiv>
                    <Unicode>duſſi mu • Přidiž nan oſydlo gehož ne¬</Unicode>
                </TextEquiv>
            </TextLine>
            <TextLine id="r_tl_14" custom="readingOrder {index:13;}">
                <Coords points="205,1245 1072,1235 1073,1164 205,1179"/>
                <Baseline points="211,1226 223,1226 268,1226 313,1223 358,1223 402,1220 447,1220 492,1220 537,1220 582,1217 626,1217 671,1217 716,1214 761,1214 805,1214 850,1217 895,1217 940,1217 985,1214 1029,1214 1074,1217"/>
                <TextEquiv>
                    <Unicode>zna : a ſecžka kteruž geſt ſkryl pochopiž</Unicode>
                </TextEquiv>
            </TextLine>
            <TextLine id="r_tl_15" custom="readingOrder {index:14;}">
                <Coords points="208,1304 888,1285 996,1308 1070,1288 1071,1235 209,1245"/>
                <Baseline points="214,1289 223,1289 268,1289 313,1286 358,1283 402,1277 447,1280 492,1283 537,1280 582,1280 626,1280 671,1280 716,1280 761,1277 805,1277 850,1277 895,1280 940,1280 985,1277 1029,1274 1074,1277"/>
                <TextEquiv>
                    <Unicode>ho : a w oſydlo padniž do nieho • Duſſe</Unicode>
                </TextEquiv>
            </TextLine>
            <TextLine id="r_tl_16" custom="readingOrder {index:15;}">
                <Coords points="205,1375 1072,1353 1072,1298 1042,1291 205,1313"/>
                <Baseline points="211,1346 223,1349 268,1349 313,1346 358,1346 402,1343 447,1343 492,1340 537,1343 582,1340 626,1340 671,1340 716,1340 761,1340 805,1340 850,1343 895,1343 940,1343 985,1343 1029,1340 1074,1340"/>
                <TextEquiv>
                    <Unicode>pak ma rozweſeli ſe w hoſpodinu : a ko¬</Unicode>
                </TextEquiv>
            </TextLine>
            <TextLine id="r_tl_17" custom="readingOrder {index:16;}">
                <Coords points="214,1420 1071,1407 1071,1360 801,1348 214,1376"/>
                <Baseline points="220,1408 223,1408 268,1411 313,1408 358,1408 402,1405 447,1405 492,1405 537,1405 582,1405 626,1402 671,1402 716,1399 761,1402 805,1402 850,1399 895,1399 940,1399 985,1402 1029,1399 1074,1396"/>
                <TextEquiv>
                    <Unicode>chati ſe bude nad ſpaſytelem ſwym •</Unicode>
                </TextEquiv>
            </TextLine>
            <TextLine id="r_tl_18" custom="readingOrder {index:17;} abbrev {offset:37; length:2;expansion:gest;}">
                <Coords points="208,1481 1012,1492 1070,1475 1071,1407 208,1424"/>
                <Baseline points="214,1468 220,1468 265,1471 310,1471 355,1468 399,1465 444,1468 489,1468 534,1468 579,1468 623,1465 668,1465 713,1465 758,1465 802,1465 847,1468 892,1468 937,1465 982,1462 1026,1465 1071,1462"/>
                <TextEquiv>
                    <Unicode>Wſſeczkyt koſti me diegi : pane ktoť ḡt</Unicode>
                </TextEquiv>
            </TextLine>
            <TextLine id="r_tl_19" custom="readingOrder {index:18;}">
                <Coords points="208,1556 1077,1547 1077,1473 208,1491"/>
                <Baseline points="214,1531 259,1534 304,1534 349,1534 394,1531 438,1528 483,1528 528,1528 573,1528 617,1528 662,1525 707,1525 752,1525 796,1525 841,1528 886,1528 931,1528 976,1528 1020,1528 1065,1528 1080,1531"/>
                <TextEquiv>
                    <Unicode>podoben tobie • Genż wyſwobozugeš</Unicode>
                </TextEquiv>
            </TextLine>
            <TextLine id="r_tl_20" custom="readingOrder {index:19;}">
                <Coords points="208,1604 683,1600 737,1627 1075,1593 1060,1542 349,1542 208,1571"/>
                <Baseline points="214,1596 226,1596 271,1596 316,1593 361,1593 405,1590 450,1590 495,1590 540,1590 585,1590 629,1590 674,1590 719,1587 764,1590 808,1590 853,1590 898,1590 943,1590 988,1593 1032,1593 1077,1587"/>
                <TextEquiv>
                    <Unicode>nuzneho z ruku ſylniegſſich nad meho</Unicode>
                </TextEquiv>
            </TextLine>
            <TextLine id="r_tl_21" custom="readingOrder {index:20;}">
                <Coords points="211,1665 1072,1673 1065,1597 738,1626 211,1608"/>
                <Baseline points="217,1656 223,1659 268,1659 313,1656 358,1656 402,1656 447,1653 492,1653 537,1653 582,1653 626,1653 671,1653 716,1653 761,1656 805,1656 850,1656 895,1656 940,1656 985,1656 1029,1653 1074,1653"/>
                <TextEquiv>
                    <Unicode>potrzebneho a chudeho od tiech kterziž</Unicode>
                </TextEquiv>
            </TextLine>
            <TextLine id="r_tl_22" custom="readingOrder {index:21;}">
                <Coords points="209,1736 1080,1726 1080,1677 963,1664 211,1668"/>
                <Baseline points="217,1722 232,1719 277,1719 322,1719 367,1719 411,1716 456,1713 501,1713 546,1716 591,1713 635,1716 680,1710 725,1713 770,1713 814,1716 859,1716 904,1716 949,1716 993,1716 1038,1716 1083,1713"/>
                <TextEquiv>
                    <Unicode>lupie geho • Powſtawſſe ſwiedkowe ne¬</Unicode>
                </TextEquiv>
            </TextLine>
            <TextLine id="r_tl_23" custom="readingOrder {index:22;}">
                <Coords points="220,1804 1081,1800 1081,1736 995,1724 745,1745 440,1719 220,1749"/>
                <Baseline points="226,1784 232,1781 277,1781 322,1779 367,1779 411,1779 456,1779 501,1779 546,1779 591,1779 635,1779 680,1779 725,1776 770,1776 814,1776 859,1779 904,1779 949,1779 993,1779 1038,1779 1083,1779"/>
                <TextEquiv>
                    <Unicode>prawij cžehož ſem newiediel tazali ſu</Unicode>
                </TextEquiv>
            </TextLine>
            <TextLine id="r_tl_24" custom="readingOrder {index:23;}">
                <Coords points="214,1854 1081,1851 1081,1800 962,1786 214,1803"/>
                <Baseline points="220,1844 232,1844 277,1841 322,1841 367,1838 411,1838 456,1841 501,1841 546,1838 591,1838 635,1838 680,1841 725,1838 770,1838 814,1841 859,1841 904,1841 949,1841 993,1841 1038,1841 1083,1838"/>
                <TextEquiv>
                    <Unicode>mie • Odplaczowali mi zlee za dobre ne¬</Unicode>
                </TextEquiv>
            </TextLine>
            <TextLine id="r_tl_25" custom="readingOrder {index:24;}">
                <Coords points="217,1924 1074,1923 1074,1854 1029,1849 217,1858"/>
                <Baseline points="223,1901 226,1904 271,1904 316,1904 361,1904 405,1904 450,1904 495,1901 540,1901 585,1901 629,1898 674,1901 719,1901 764,1901 808,1901 853,1901 898,1901 943,1904 988,1904 1032,1901 1077,1898"/>
                <TextEquiv>
                    <Unicode>plodnoſt duſſi me. Ja pak když mi by¬</Unicode>
                </TextEquiv>
            </TextLine>
            <TextLine id="r_tl_26" custom="readingOrder {index:25;}">
                <Coords points="217,1988 1080,1985 1080,1922 1015,1912 217,1924"/>
                <Baseline points="223,1970 232,1967 277,1967 322,1967 367,1964 411,1967 456,1967 501,1964 546,1964 591,1964 635,1961 680,1964 725,1964 770,1964 814,1964 859,1964 904,1964 949,1964 993,1964 1038,1967 1083,1964"/>
                <TextEquiv>
                    <Unicode>li obtiežni oblacžel ſem ſe w žini • Po¬</Unicode>
                </TextEquiv>
            </TextLine>
            <TextLine id="r_tl_27" custom="readingOrder {index:26;}">
                <Coords points="214,2041 1083,2040 1082,1991 949,1976 213,1986"/>
                <Baseline points="220,2029 265,2029 310,2026 355,2029 399,2026 444,2026 489,2026 534,2023 579,2023 623,2026 668,2026 713,2026 758,2026 802,2026 847,2026 892,2026 937,2029 982,2029 1026,2032 1071,2029 1086,2029"/>
                <TextEquiv>
                    <Unicode>nižowal ſem w poſtu duſſe ſwe : za mo¬</Unicode>
                </TextEquiv>
            </TextLine>
            <TextLine id="r_tl_28" custom="readingOrder {index:27;} abbrev {offset:19; length:3;expansion:meho;}">
                <Coords points="214,2103 1077,2110 1063,2038 214,2041"/>
                <Baseline points="220,2089 265,2092 310,2092 355,2092 399,2089 444,2089 489,2089 534,2089 579,2089 623,2089 668,2089 713,2089 758,2089 802,2089 847,2089 892,2089 937,2089 982,2086 1026,2089 1071,2092 1080,2092"/>
                <TextEquiv>
                    <Unicode>dlitba ma do luona me° obrati ſe • Jakž¬</Unicode>
                </TextEquiv>
            </TextLine>
            <TextLine id="r_tl_29" custom="readingOrder {index:28;}">
                <Coords points="214,2157 1075,2160 1075,2109 950,2094 214,2104"/>
                <Baseline points="220,2152 265,2152 310,2152 355,2152 399,2152 444,2152 489,2152 534,2152 579,2152 623,2152 668,2152 713,2152 758,2152 802,2152 847,2152 892,2152 937,2152 982,2152 1026,2155 1071,2155 1077,2155"/>
                <TextEquiv>
                    <Unicode>to bliżníeho a iakžto bratra naſſeho tak</Unicode>
                </TextEquiv>
            </TextLine>
            <TextLine id="r_tl_30" custom="readingOrder {index:29;}">
                <Coords points="226,2234 1080,2227 1073,2156 226,2167"/>
                <Baseline points="232,2211 277,2214 322,2214 367,2214 411,2211 456,2211 501,2211 546,2214 591,2214 635,2217 680,2214 725,2214 770,2214 814,2211 859,2211 904,2211 949,2214 993,2214 1038,2214 1083,2214"/>
                <TextEquiv>
                    <Unicode>ſem oblibowal : yakżto ten genž kwieli</Unicode>
                </TextEquiv>
            </TextLine>
            <TextLine id="r_tl_31" custom="readingOrder {index:30;}">
                <Coords points="220,2292 1081,2299 1073,2225 220,2244"/>
                <Baseline points="226,2274 271,2277 316,2277 361,2277 405,2274 450,2274 495,2274 540,2274 585,2277 629,2277 674,2277 719,2277 764,2277 808,2274 853,2274 898,2277 943,2277 988,2277 1032,2280 1077,2277 1083,2277"/>
                <TextEquiv>
                    <Unicode>a zarmuczen geſt tak ſem ſe ponižowal</Unicode>
                </TextEquiv>
            </TextLine>
            <TextLine id="r_tl_32" custom="readingOrder {index:31;}">
                <Coords points="220,2348 1081,2353 1053,2288 220,2289"/>
                <Baseline points="226,2334 271,2340 316,2337 361,2337 405,2337 450,2337 495,2337 540,2340 585,2340 629,2340 674,2340 719,2340 764,2340 808,2337 853,2340 898,2337 943,2337 988,2343 1032,2340 1077,2340 1083,2340"/>
                <TextEquiv>
                    <Unicode>A na wzduoru mi weſelili ſu ſe y ſebza¬</Unicode>
                </TextEquiv>
            </TextLine>
            <TextLine id="r_tl_33" custom="readingOrder {index:32;}">
                <Coords points="217,2417 1086,2418 1086,2360 1035,2353 217,2351"/>
                <Baseline points="223,2399 268,2399 313,2399 358,2399 402,2399 447,2399 492,2399 537,2399 582,2399 626,2402 671,2402 716,2402 761,2402 805,2399 850,2399 895,2402 940,2402 985,2402 1029,2402 1074,2402 1089,2402"/>
                <TextEquiv>
                    <Unicode>ſi : ſhromazdieni ſu na mie bicżowe a ne¬</Unicode>
                </TextEquiv>
            </TextLine>
            <TextLine id="r_tl_34" custom="readingOrder {index:33;}">
                <Coords points="223,2484 1080,2476 1080,2425 1023,2405 223,2417"/>
                <Baseline points="229,2465 274,2462 319,2462 364,2462 408,2462 453,2462 498,2462 543,2462 588,2462 632,2462 677,2462 722,2465 767,2462 811,2462 856,2465 901,2465 946,2462 990,2462 1035,2465 1080,2465 1083,2465"/>
                <TextEquiv>
                    <Unicode>poznal ſem • Rozptyleni gſu aniž ſu</Unicode>
                </TextEquiv>
            </TextLine>
            <TextLine id="r_tl_35" custom="readingOrder {index:34;}">
                <Coords points="217,2544 1034,2556 1086,2540 1085,2476 216,2485"/>
                <Baseline points="223,2525 268,2525 313,2525 358,2522 402,2522 447,2525 492,2525 537,2525 582,2528 626,2525 671,2525 716,2528 761,2528 805,2528 850,2528 895,2525 940,2525 985,2528 1029,2528 1074,2531 1089,2528"/>
                <TextEquiv>
                    <Unicode>poželeli : pokuſſeli ſu mie poſmiewali ſe</Unicode>
                </TextEquiv>
            </TextLine>
            <TextLine id="r_tl_36" custom="readingOrder {index:35;}">
                <Coords points="217,2601 1086,2594 1060,2536 216,2542"/>
                <Baseline points="223,2581 268,2584 313,2581 358,2584 402,2584 447,2587 492,2587 537,2587 582,2587 626,2587 671,2587 716,2587 761,2587 805,2590 850,2590 895,2590 940,2590 985,2590 1029,2590 1074,2590 1089,2590"/>
                <TextEquiv>
                    <Unicode>mi poſmiewanim • ſſkřypieli ſu na mie</Unicode>
                </TextEquiv>
            </TextLine>
            <TextLine id="r_tl_37" custom="readingOrder {index:36;}">
                <Coords points="208,2663 1089,2656 1075,2600 208,2601"/>
                <Baseline points="214,2644 259,2644 304,2644 349,2641 394,2644 438,2647 483,2647 528,2650 573,2650 617,2650 662,2650 707,2650 752,2650 796,2647 841,2647 886,2650 931,2650 976,2650 1020,2650 1065,2650 1092,2653"/>
                <TextEquiv>
                    <Unicode>zuby ſwymi • Hoſpodine když wzezrziš</Unicode>
                </TextEquiv>
            </TextLine>
            <TextLine id="r_tl_38" custom="readingOrder {index:37;}">
                <Coords points="208,2734 967,2738 1089,2724 1089,2678 207,2669"/>
                <Baseline points="214,2707 259,2710 304,2710 349,2710 394,2710 438,2710 483,2710 528,2710 573,2713 617,2716 662,2716 707,2713 752,2713 796,2713 841,2713 886,2713 931,2713 976,2713 1020,2716 1065,2716 1092,2716"/>
                <TextEquiv>
                    <Unicode>nawratiż duſſi mu od zlobiwoſti gich :</Unicode>
                </TextEquiv>
            </TextLine>
            <TextLine id="r_tl_39" custom="readingOrder {index:38;}">
                <Coords points="214,2780 1092,2806 1092,2724 214,2735"/>
                <Baseline points="220,2769 265,2769 310,2772 355,2769 399,2772 444,2772 489,2772 534,2775 579,2775 623,2775 668,2775 713,2775 758,2775 802,2772 847,2775 892,2775 937,2775 982,2775 1026,2778 1071,2775 1095,2775"/>
                <TextEquiv>
                    <Unicode>od lwuow gedinku mu Wyznawati ſe</Unicode>
                </TextEquiv>
            </TextLine>
            <TextLine id="r_tl_40" custom="readingOrder {index:39;}">
                <Coords points="214,2837 1083,2850 1083,2802 1007,2792 214,2780"/>
                <Baseline points="220,2829 265,2832 310,2835 355,2835 399,2832 444,2835 489,2835 534,2838 579,2838 623,2838 668,2838 713,2835 758,2835 802,2835 847,2835 892,2838 937,2838 982,2838 1026,2838 1071,2841 1086,2841"/>
                <TextEquiv>
                    <Unicode>budu tobie w cierkwí welike w lidu wa¬</Unicode>
                </TextEquiv>
            </TextLine>
            <TextLine id="r_tl_41" custom="readingOrder {index:40;}">
                <Coords points="214,2900 279,2923 758,2899 1063,2940 1085,2858 213,2836"/>
                <Baseline points="220,2892 265,2895 310,2895 355,2895 399,2895 444,2898 489,2898 534,2901 579,2901 623,2901 668,2901 713,2901 758,2898 802,2901 847,2901 892,2901 937,2901 982,2901 1026,2898 1071,2901 1089,2901"/>
                <TextEquiv>
                    <Unicode>žnem chwaliti budu tie • Ať  ſe ne weſe¬</Unicode>
                </TextEquiv>
            </TextLine>
            <TextLine id="r_tl_42" custom="readingOrder {index:41;}">
                <Coords points="208,2962 1081,2972 1081,2936 1007,2912 208,2900"/>
                <Baseline points="214,2952 259,2955 304,2955 349,2958 394,2961 438,2961 483,2964 528,2964 573,2964 617,2964 662,2964 707,2964 752,2964 796,2964 841,2964 886,2964 931,2964 976,2964 1020,2964 1065,2964 1083,2961"/>
                <TextEquiv>
                    <Unicode>lee nade mnu kterziž ni ſe protiwie ne¬</Unicode>
                </TextEquiv>
            </TextLine>
            <TextLine id="r_tl_43" custom="readingOrder {index:42;}">
                <Coords points="217,3043 1086,3039 1085,2972 448,2993 216,2964"/>
                <Baseline points="223,3014 268,3017 313,3020 358,3020 402,3023 447,3026 492,3026 537,3029 582,3029 626,3023 671,3026 716,3026 761,3026 805,3026 850,3023 895,3023 940,3023 985,3023 1029,3026 1074,3026 1089,3026"/>
                <TextEquiv>
                    <Unicode>ſſlechetnie : kterziž w nenawiſt magi</Unicode>
                </TextEquiv>
            </TextLine>
            <TextLine id="r_tl_44" custom="readingOrder {index:43;}">
                <Coords points="215,3090 1070,3115 1082,3039 214,3049"/>
                <Baseline points="220,3077 265,3080 310,3080 355,3083 399,3086 444,3089 489,3089 534,3089 579,3092 623,3089 668,3092 713,3089 758,3089 802,3089 847,3089 892,3089 937,3086 982,3089 1026,3089 1071,3089 1086,3086"/>
                <TextEquiv>
                    <Unicode>mie darmo a ponukagi ocžima • Neb</Unicode>
                </TextEquiv>
            </TextLine>
            <TextLine id="r_tl_45" custom="readingOrder {index:44;}">
                <Coords points="214,3155 589,3179 1088,3156 1074,3112 921,3097 708,3119 214,3090"/>
                <Baseline points="220,3140 265,3143 310,3143 355,3143 399,3146 444,3149 489,3149 534,3152 579,3152 623,3152 668,3155 713,3155 758,3152 802,3152 847,3152 892,3152 937,3152 982,3152 1026,3152 1071,3149 1089,3152"/>
                <TextEquiv>
                    <Unicode>mnie giſtie pokoynie mluwili ſu : a w</Unicode>
                </TextEquiv>
            </TextLine>
            <TextLine id="r_tl_46" custom="readingOrder {index:45;}">
                <Coords points="220,3228 1020,3236 1089,3226 1089,3177 218,3167"/>
                <Baseline points="226,3199 271,3202 316,3205 361,3208 405,3208 450,3211 495,3214 540,3214 585,3214 629,3214 674,3214 719,3214 764,3214 808,3214 853,3214 898,3214 943,3217 988,3217 1032,3214 1077,3214 1092,3211"/>
                <TextEquiv>
                    <Unicode>popudliwoſti żemſke mluwíece lſti mlu¬</Unicode>
                </TextEquiv>
            </TextLine>
            <TextLine id="r_tl_47" custom="readingOrder {index:46;}">
                <Coords points="211,3291 500,3323 702,3294 1038,3316 1090,3304 1089,3227 209,3221"/>
                <Baseline points="217,3265 262,3265 307,3271 352,3271 396,3271 441,3277 486,3274 531,3277 576,3280 620,3280 665,3280 710,3283 755,3283 799,3280 844,3277 889,3280 934,3280 979,3280 1023,3277 1068,3280 1092,3277"/>
                <TextEquiv>
                    <Unicode>wiecze ſſti myſlili ſu. A rozedrzeli gſu</Unicode>
                </TextEquiv>
            </TextLine>
            <TextEquiv>
                <Unicode>a ſſiitu a powſtan na pomocz mii. Wp¬
trhniż niecż a ſewrzyz tyna odpor kte
rziz mi natiſt ċinie e powiez duſſine ſpa¬
ſenie twe ſa ſem. Pohanieni budce a s¬
ſtraſſem kterziz hledaczi duſſe me.Aċ¬
gſu z piet obrateni a zahanbeni Myſle¬
cze mi zlee wieczy.Budtež yako prach
przed twarzi wietrua angel panie po
tiſkuge gich.Budtez czeſty gich tnip
a plzkoſt a angel panie s snhage ge
Nebo nadarmo ſkryli ſu mi zahubu o¬
ſydla ſweho bez przicziny zhanieſi ſu
duſſimu. Pṙidiż nan oſydlo gehoż ne¬
zna a ſeczk kteruz geſt ſkryl pochopiz¬
hoza w oſydlo prdniž do nieho.Duſſe
pak ma rozweſeli ſe w hoſpodinu a ko¬
chati ſe bude nad ſpaſytelem ſwym z¬
Wſſeczkyt koſti me diegi pane ktoṫ ḡt 
podoben tobie. Genż wyſwobozugeṡ
nu zneho z ruku ſylnie tſſich nad nieho
potrżebneho a chudeho od tiech kterziż
lupie geho.Powſtawſſe ſwiedkowe ne¬
priwij czehoz sem newiediel tazali ſu
mie Odplaczowali mi zlee za dobre ne¬
plodnoſt duſſinie. Ia pak kdyz mi by¬
li obtiezni oblaczel ſem ſe w zini. Po¬ 
niżowal ſem w poſtu duſſe ſwe za mo¬
dlitba ma do ſuona meo obrati ſe.Iakž¬ 
to bliżníeho a iakżto bratra niſſeho tak
ſem oblibowal.yakżto ten genż kwieſy¬
a zarmuczen geſt tak ſem ſe poniżowal
A na wzduoru mi w ſelili ſu ſe y ſeb za¬
ſi ſhromazdieni ſu na mie bicżowe a ne¬
poznel ſem Nozptyleni gſu aniż ſu
požele ſi?pokuſſeli ſu mie poſmiewali ſe
mi poſmiewanim ſſkrypieli ſu na mie¬
zusy ſwymi. Koſpodine kdyż wzezrziṡ
nawratiż duſſi mu od zlobiwoſti czich
od ſlwuow gedinku mu.Myznawati ſe.
budu tobie w cżerkwí welike w lidú wa¬
z nem chwiti budu tże iċ ſe ne weſe¬
lee nade mnu kterziż ni ſe protiwie ne.
ſſlechetnie kterziz w nenawiſt magi¬
mie darmo a ponukugi oczima. Neb
mnie giſtie pokoynie mluwili ſu a w¬
popudlim oſti żemſke mluwíeceſſti mlu¬
wieczi ſſti myſſili ſu. A rozedrzeli gſu</Unicode>
            </TextEquiv>
        </TextRegion>
        <TextRegion id="r_38" custom="readingOrder {index:1;}">
            <Coords points="1182,358 2073,358 2073,3292 1182,3292"/>
            <TextLine id="r_38_tl_1" custom="readingOrder {index:0;}">
                <Coords points="1167,410 2056,421 2042,336 1348,362 1251,323 1167,355"/>
                <Baseline points="1173,402 1217,402 1262,405 1307,402 1352,405 1396,405 1441,405 1486,408 1531,408 1576,408 1620,408 1665,408 1710,408 1755,408 1799,408 1844,408 1889,408 1934,408 1978,408 2023,405 2059,408"/>
                <TextEquiv>
                    <Unicode>vſla ſwa : rziekali ſu haha haha widie¬</Unicode>
                </TextEquiv>
            </TextLine>
            <TextLine id="r_38_tl_2" custom="readingOrder {index:1;}">
                <Coords points="1160,489 2056,485 2056,433 1957,419 1160,405"/>
                <Baseline points="1167,468 1211,468 1256,465 1301,468 1346,468 1390,468 1435,468 1480,468 1525,468 1570,471 1614,468 1659,471 1704,471 1749,471 1793,468 1838,471 1883,471 1928,471 1973,474 2017,474 2059,474"/>
                <TextEquiv>
                    <Unicode>liť ſu ocži naſſe • Widiel ſy hoſpodine</Unicode>
                </TextEquiv>
            </TextLine>
            <TextLine id="r_38_tl_3" custom="readingOrder {index:2;}">
                <Coords points="1160,544 2047,553 2028,484 1160,489"/>
                <Baseline points="1167,528 1211,528 1256,528 1301,531 1346,531 1390,531 1435,534 1480,531 1525,534 1570,537 1614,537 1659,537 1704,537 1749,537 1793,537 1838,537 1883,534 1928,534 1973,534 2017,534 2050,534"/>
                <TextEquiv>
                    <Unicode>nemlcžiž : hoſpodine ne odchazegž ode</Unicode>
                </TextEquiv>
            </TextLine>
            <TextLine id="r_38_tl_4" custom="readingOrder {index:3;}">
                <Coords points="1159,606 1979,618 2054,612 2053,552 1158,548"/>
                <Baseline points="1164,588 1208,591 1253,591 1298,591 1343,593 1387,593 1432,593 1477,596 1522,596 1567,599 1611,596 1656,596 1701,596 1746,596 1790,596 1835,596 1880,596 1925,596 1970,596 2014,596 2056,593"/>
                <TextEquiv>
                    <Unicode>mne Powſtaniž a pohlediž k ſaudu me¬</Unicode>
                </TextEquiv>
            </TextLine>
            <TextLine id="r_38_tl_5" custom="readingOrder {index:4;}">
                <Coords points="1164,666 2053,669 2024,612 1164,614"/>
                <Baseline points="1170,647 1214,653 1259,653 1304,656 1349,656 1393,656 1438,656 1483,656 1528,659 1573,659 1617,662 1662,662 1707,659 1752,659 1796,656 1841,659 1886,659 1931,656 1976,656 2020,656 2056,656"/>
                <TextEquiv>
                    <Unicode>mu bože muoy a pane muoy k przy me</Unicode>
                </TextEquiv>
            </TextLine>
            <TextLine id="r_38_tl_6" custom="readingOrder {index:5;}">
                <Coords points="1176,730 2056,740 2056,673 1176,660"/>
                <Baseline points="1182,698 1226,713 1271,716 1316,716 1361,716 1405,716 1450,719 1495,719 1540,722 1584,722 1629,722 1674,722 1719,722 1764,722 1808,719 1853,719 1898,719 1943,716 1987,719 2032,719 2059,719"/>
                <TextEquiv>
                    <Unicode>Suď mie podle ſprawedluoſti hoſpodi¬</Unicode>
                </TextEquiv>
            </TextLine>
            <TextLine id="r_38_tl_7" custom="readingOrder {index:6;}">
                <Coords points="1164,792 2051,796 2051,740 2001,731 1164,743"/>
                <Baseline points="1170,776 1214,776 1259,776 1304,779 1349,779 1393,782 1438,782 1483,782 1528,785 1573,785 1617,785 1662,785 1707,785 1752,785 1796,785 1841,785 1886,782 1931,782 1976,782 2020,782 2053,782"/>
                <TextEquiv>
                    <Unicode>ne bože muoy : a ať ſe neradugi nade</Unicode>
                </TextEquiv>
            </TextLine>
            <TextLine id="r_38_tl_8" custom="readingOrder {index:7;}">
                <Coords points="1160,846 2025,868 2043,794 1159,799"/>
                <Baseline points="1167,838 1211,838 1256,838 1301,838 1346,841 1390,838 1435,844 1480,844 1525,844 1570,844 1614,844 1659,844 1704,844 1749,844 1793,844 1838,844 1883,844 1928,841 1973,841 2017,844 2047,844"/>
                <TextEquiv>
                    <Unicode>mnu • Aṫ nerziekagi w ſrdciech ſwych</Unicode>
                </TextEquiv>
            </TextLine>
            <TextLine id="r_38_tl_9" custom="readingOrder {index:8;}">
                <Coords points="1164,914 2051,912 2051,857 1164,852"/>
                <Baseline points="1170,901 1214,901 1259,901 1304,904 1349,904 1393,904 1438,904 1483,907 1528,904 1573,907 1617,907 1662,907 1707,907 1752,907 1796,907 1841,907 1886,907 1931,904 1976,904 2020,904 2053,904"/>
                <TextEquiv>
                    <Unicode>haha haha duſſi naſſi : a aṫ nerziekagi</Unicode>
                </TextEquiv>
            </TextLine>
            <TextLine id="r_38_tl_10" custom="readingOrder {index:9;}">
                <Coords points="1176,983 2051,983 2051,934 1979,915 1176,923"/>
                <Baseline points="1182,961 1226,964 1271,964 1316,967 1361,967 1405,967 1450,967 1495,967 1540,967 1584,970 1629,970 1674,970 1719,970 1764,970 1808,967 1853,967 1898,967 1943,967 1987,967 2032,964 2053,964"/>
                <TextEquiv>
                    <Unicode>požřemež ho • Ať ſu zahanbenia s ſtra¬</Unicode>
                </TextEquiv>
            </TextLine>
            <TextLine id="r_38_tl_11" custom="readingOrder {index:10;}">
                <Coords points="1179,1045 2014,1047 2052,1032 2053,984 1180,976"/>
                <Baseline points="1185,1023 1229,1029 1274,1029 1319,1026 1364,1032 1408,1029 1453,1029 1498,1032 1543,1032 1587,1032 1632,1032 1677,1029 1722,1029 1767,1029 1811,1029 1856,1026 1901,1026 1946,1029 1990,1029 2035,1026 2053,1023"/>
                <TextEquiv>
                    <Unicode>ſſeni ſpolkem : kterziž ſe radugi zlemu</Unicode>
                </TextEquiv>
            </TextLine>
            <TextLine id="r_38_tl_12" custom="readingOrder {index:11;} abbrev {offset:26; length:9;expansion:pohanienim;}">
                <Coords points="1160,1102 2053,1107 2046,1032 1160,1058"/>
                <Baseline points="1167,1089 1205,1092 1250,1092 1295,1089 1340,1089 1384,1092 1429,1095 1474,1092 1519,1092 1564,1095 1608,1095 1653,1092 1698,1095 1743,1092 1787,1092 1832,1089 1877,1089 1922,1089 1967,1089 2011,1089 2056,1086"/>
                <TextEquiv>
                    <Unicode>memu • Ať gſu z oblacženi pohanienī</Unicode>
                </TextEquiv>
            </TextLine>
            <TextLine id="r_38_tl_13" custom="readingOrder {index:12;}">
                <Coords points="1158,1164 2055,1158 2056,1113 1988,1102 1159,1120"/>
                <Baseline points="1164,1152 1208,1155 1253,1155 1298,1155 1343,1155 1387,1155 1432,1155 1477,1155 1522,1155 1567,1155 1611,1155 1656,1155 1701,1152 1746,1152 1790,1152 1835,1155 1880,1149 1925,1152 1970,1152 2014,1149 2059,1143"/>
                <TextEquiv>
                    <Unicode>a ſtudem : kterziž zlobiwe wieczy mlu-</Unicode>
                </TextEquiv>
            </TextLine>
            <TextLine id="r_38_tl_14" custom="readingOrder {index:13;}">
                <Coords points="1164,1225 2053,1230 2053,1159 1164,1176"/>
                <Baseline points="1170,1211 1214,1214 1259,1214 1304,1214 1349,1214 1393,1214 1438,1214 1483,1214 1528,1217 1573,1217 1617,1220 1662,1217 1707,1217 1752,1217 1796,1214 1841,1217 1886,1217 1931,1217 1976,1217 2020,1214 2056,1211"/>
                <TextEquiv>
                    <Unicode>wili na mie • Weſeſte ſe a teſſte kterziž</Unicode>
                </TextEquiv>
            </TextLine>
            <TextLine id="r_38_tl_15" custom="readingOrder {index:14;}">
                <Coords points="1167,1299 2060,1285 2060,1229 1167,1226"/>
                <Baseline points="1173,1277 1211,1277 1256,1277 1301,1274 1346,1280 1390,1280 1435,1277 1480,1277 1525,1280 1570,1280 1614,1277 1659,1280 1704,1280 1749,1277 1793,1277 1838,1277 1883,1277 1928,1274 1973,1274 2017,1274 2062,1271"/>
                <TextEquiv>
                    <Unicode>žadagi ſprawedlnoſti me • a ať rzieki gi</Unicode>
                </TextEquiv>
            </TextLine>
            <TextLine id="r_38_tl_16" custom="readingOrder {index:15;}">
                <Coords points="1167,1350 2056,1347 2056,1290 1997,1273 1954,1308 1752,1282 1167,1305"/>
                <Baseline points="1173,1337 1208,1337 1253,1337 1298,1337 1343,1337 1387,1340 1432,1340 1477,1340 1522,1343 1567,1343 1611,1340 1656,1340 1701,1340 1746,1337 1790,1337 1835,1337 1880,1340 1925,1340 1970,1337 2014,1337 2059,1334"/>
                <TextEquiv>
                    <Unicode>wždyczky zweleben buď hoſpodin • kte¬</Unicode>
                </TextEquiv>
            </TextLine>
            <TextLine id="r_38_tl_17" custom="readingOrder {index:16;}">
                <Coords points="1167,1412 2053,1424 2053,1348 1167,1369"/>
                <Baseline points="1173,1405 1205,1402 1250,1402 1295,1402 1340,1399 1384,1399 1429,1402 1474,1402 1519,1402 1564,1402 1608,1402 1653,1402 1698,1399 1743,1402 1787,1402 1832,1399 1877,1399 1922,1399 1967,1399 2011,1399 2056,1402"/>
                <TextEquiv>
                    <Unicode>rziž zadagi pokoge ſlužebnika geho • A</Unicode>
                </TextEquiv>
            </TextLine>
            <TextLine id="r_38_tl_18" custom="readingOrder {index:17;}">
                <Coords points="1170,1473 2051,1481 2051,1430 1975,1409 1536,1436 1170,1415"/>
                <Baseline points="1176,1462 1220,1462 1265,1462 1310,1462 1355,1465 1399,1465 1444,1465 1489,1465 1534,1465 1579,1465 1623,1465 1668,1465 1713,1465 1758,1465 1802,1465 1847,1462 1892,1462 1937,1462 1981,1462 2026,1465 2053,1462"/>
                <TextEquiv>
                    <Unicode>iazyk muoy rozgimati bude ſprawe¬</Unicode>
                </TextEquiv>
            </TextLine>
            <TextLine id="r_38_tl_19" custom="readingOrder {index:18;}">
                <Coords points="1170,1542 2054,1564 2054,1480 1170,1473"/>
                <Baseline points="1176,1525 1220,1525 1265,1525 1310,1525 1355,1525 1399,1525 1444,1528 1489,1528 1534,1528 1579,1528 1623,1528 1668,1528 1713,1528 1758,1528 1802,1525 1847,1525 1892,1528 1937,1528 1981,1528 2026,1528 2056,1528"/>
                <TextEquiv>
                    <Unicode>dlnoſt twu przes czely den chwalu twu</Unicode>
                </TextEquiv>
            </TextLine>
            <TextLine id="r_38_tl_20" custom="readingOrder {index:19;}">
                <Coords points="1164,1664 2051,1667 2051,1596 2008,1585 1733,1618 1164,1592"/>
                <Baseline points="1170,1644 1214,1650 1259,1650 1304,1650 1349,1650 1393,1650 1438,1650 1483,1650 1528,1653 1573,1650 1617,1653 1662,1653 1707,1650 1752,1653 1796,1650 1841,1650 1886,1650 1931,1650 1976,1650 2020,1650 2035,1652"/>
                <TextEquiv>
                    <Unicode>W żalmu třydczatem a patem oznamu¬</Unicode>
                </TextEquiv>
            </TextLine>
            <TextLine id="r_38_tl_21" custom="readingOrder {index:20;}">
                <Coords points="1167,1737 2053,1723 2036,1665 1167,1661"/>
                <Baseline points="1173,1713 1205,1713 1250,1713 1295,1713 1340,1713 1384,1713 1429,1716 1474,1713 1519,1713 1564,1713 1608,1716 1653,1716 1698,1716 1743,1713 1787,1713 1832,1716 1877,1713 1922,1713 1967,1710 2011,1710 2030,1710"/>
                <TextEquiv>
                    <Unicode>ge ſe ze wſſeczko zle nam przipſano by¬</Unicode>
                </TextEquiv>
            </TextLine>
            <TextLine id="r_38_tl_22" custom="readingOrder {index:21;}">
                <Coords points="1164,1798 2053,1795 2053,1735 1968,1726 1164,1736"/>
                <Baseline points="1170,1776 1205,1776 1250,1776 1295,1776 1340,1776 1384,1776 1429,1776 1474,1776 1519,1776 1564,1779 1608,1779 1653,1776 1698,1776 1743,1776 1787,1776 1832,1776 1877,1773 1922,1773 1967,1773 2011,1773 2056,1773"/>
                <TextEquiv>
                    <Unicode>ti ma a dobre wſſeczko panu bohu • dwo¬</Unicode>
                </TextEquiv>
            </TextLine>
            <TextLine id="r_38_tl_23" custom="readingOrder {index:22;}">
                <Coords points="1173,1863 2051,1845 2051,1803 1917,1776 1856,1807 1798,1781 1173,1800"/>
                <Baseline points="1179,1838 1202,1835 1247,1835 1292,1838 1337,1838 1382,1838 1426,1838 1471,1838 1516,1838 1561,1838 1605,1832 1650,1838 1695,1838 1740,1838 1784,1838 1829,1838 1874,1835 1919,1835 1964,1832 2008,1835 2011,1832"/>
                <TextEquiv>
                    <Unicode>gi pak hrzieſſniczy gedni kterziž wie¬</Unicode>
                </TextEquiv>
            </TextLine>
            <TextLine id="r_38_tl_24" custom="readingOrder {index:23;} abbrev {offset:37; length:3;expansion:toho;}">
                <Coords points="1173,1926 2040,1919 2040,1848 1173,1861"/>
                <Baseline points="1179,1901 1190,1901 1235,1901 1280,1901 1325,1901 1370,1901 1414,1901 1459,1901 1504,1901 1549,1901 1593,1898 1638,1898 1683,1898 1728,1898 1773,1898 1817,1898 1862,1895 1907,1898 1952,1898 1996,1898 2041,1898"/>
                <TextEquiv>
                    <Unicode>rzie zakonu a wſſak pre nemocz tiela to°</Unicode>
                </TextEquiv>
            </TextLine>
            <TextLine id="r_38_tl_25" custom="readingOrder {index:24;}">
                <Coords points="1173,1975 2056,1977 2043,1914 1173,1926"/>
                <Baseline points="1179,1961 1208,1964 1253,1961 1298,1964 1343,1964 1387,1964 1432,1961 1477,1961 1522,1964 1567,1964 1611,1961 1656,1961 1701,1961 1746,1961 1790,1961 1835,1961 1880,1961 1925,1958 1970,1958 2014,1958 2059,1958"/>
                <TextEquiv>
                    <Unicode>czoz zakon przikazuge neplnie • Druzy</Unicode>
                </TextEquiv>
            </TextLine>
            <TextLine id="r_38_tl_26" custom="readingOrder {index:25;}">
                <Coords points="1180,2043 2053,2034 2053,1992 1976,1966 1482,1992 1180,1970"/>
                <Baseline points="1187,2023 1205,2023 1250,2023 1295,2026 1340,2023 1384,2023 1429,2026 1474,2026 1519,2023 1564,2020 1608,2023 1653,2020 1698,2020 1743,2020 1787,2020 1832,2020 1877,2020 1922,2017 1967,2020 2011,2020 2056,2017"/>
                <TextEquiv>
                    <Unicode>ſu horſſy kterziž z vmyſſu beze wſſeho</Unicode>
                </TextEquiv>
            </TextLine>
            <TextLine id="r_38_tl_27" custom="readingOrder {index:26;}">
                <Coords points="1186,2110 2059,2115 2060,2040 2025,2032 1187,2038"/>
                <Baseline points="1193,2083 1211,2086 1256,2086 1301,2086 1346,2086 1390,2086 1435,2086 1480,2086 1525,2086 1570,2083 1614,2086 1659,2083 1704,2083 1749,2083 1793,2086 1838,2086 1883,2086 1928,2083 1973,2080 2017,2083 2062,2080"/>
                <TextEquiv>
                    <Unicode>ſtudu a bazni hřeſſie geſſto o tieci mlu¬</Unicode>
                </TextEquiv>
            </TextLine>
            <TextLine id="r_38_tl_28" custom="readingOrder {index:27;}">
                <Coords points="1179,2167 1200,2159 1221,2165 1244,2153 1291,2193 1304,2194 1340,2169 1346,2174 1369,2166 1370,2100 1341,2111 1278,2097 1252,2111 1225,2099 1180,2110"/>
                <Baseline points="1185,2146 1193,2149 1238,2146 1283,2146 1328,2146 1373,2143"/>
                <TextEquiv>
                    <Unicode>wie die •</Unicode>
                </TextEquiv>
            </TextLine>
            <TextLine id="r_38_tl_29" custom="readingOrder {index:28;} abbrev {offset:23; length:4;expansion:ſamem;}">
                <Coords points="1364,2213 1572,2238 1755,2214 1951,2232 2057,2215 2059,2154 1832,2139 1795,2164 1570,2150 1536,2174 1365,2146"/>
                <Baseline points="1370,2208 1387,2208 1432,2211 1477,2211 1522,2211 1567,2211 1611,2208 1656,2211 1701,2208 1746,2208 1790,2208 1835,2205 1880,2205 1925,2205 1970,2205 2014,2205 2059,2202"/>
                <TextEquiv>
                    <Unicode>Rrzekl neſprawedliwy w ſamē</Unicode>
                </TextEquiv>
            </TextLine>
            <TextLine id="r_38_tl_30" custom="readingOrder {index:29;}">
                <Coords points="1378,2295 2065,2293 2066,2230 2013,2213 1839,2240 1790,2215 1379,2240"/>
                <Baseline points="1384,2274 1396,2274 1441,2274 1486,2274 1531,2274 1576,2271 1620,2274 1665,2274 1710,2271 1755,2271 1799,2271 1844,2271 1889,2271 1934,2268 1978,2268 2023,2265 2068,2265"/>
                <TextEquiv>
                    <Unicode>ſobie aby hrzeſſyl : nenieť ba¬</Unicode>
                </TextEquiv>
            </TextLine>
            <TextLine id="r_38_tl_31" custom="readingOrder {index:30;}">
                <Coords points="1343,2350 1788,2360 1901,2330 1995,2351 2053,2332 2054,2296 1344,2293"/>
                <Baseline points="1349,2337 1384,2337 1429,2337 1474,2334 1519,2334 1564,2334 1608,2334 1653,2337 1698,2334 1743,2334 1787,2334 1832,2334 1877,2331 1922,2328 1967,2328 2011,2325 2056,2325"/>
                <TextEquiv>
                    <Unicode>zeň božie przed oczima geho •</Unicode>
                </TextEquiv>
            </TextLine>
            <TextLine id="r_38_tl_32" custom="readingOrder {index:31;} abbrev {offset:28; length:10;expansion:obliczecgem;}">
                <Coords points="1173,2415 2059,2408 2060,2334 1323,2368 1269,2333 1174,2362"/>
                <Baseline points="1179,2393 1211,2393 1256,2393 1301,2396 1346,2396 1390,2396 1435,2396 1480,2396 1525,2396 1570,2396 1614,2396 1659,2396 1704,2393 1749,2393 1793,2393 1838,2393 1883,2393 1928,2393 1973,2390 2017,2390 2062,2387"/>
                <TextEquiv>
                    <Unicode>Nebo lſtiwie puoſobil przed obliczecgē</Unicode>
                </TextEquiv>
            </TextLine>
            <TextLine id="r_38_tl_33" custom="readingOrder {index:32;}">
                <Coords points="1173,2484 2023,2479 2056,2463 2057,2404 1174,2414"/>
                <Baseline points="1179,2459 1208,2459 1253,2462 1298,2462 1343,2462 1387,2459 1432,2459 1477,2459 1522,2459 1567,2459 1611,2459 1656,2456 1701,2456 1746,2459 1790,2456 1835,2456 1880,2453 1925,2453 1970,2453 2014,2447 2059,2447"/>
                <TextEquiv>
                    <Unicode>geho : aby nalezena byla neprawoſt</Unicode>
                </TextEquiv>
            </TextLine>
            <TextLine id="r_38_tl_34" custom="readingOrder {index:33;}">
                <Coords points="1170,2548 2062,2538 2063,2474 1949,2465 1172,2485"/>
                <Baseline points="1176,2531 1214,2522 1259,2525 1304,2522 1349,2522 1393,2522 1438,2522 1483,2519 1528,2516 1573,2516 1617,2519 1662,2519 1707,2519 1752,2516 1796,2516 1841,2516 1886,2516 1931,2516 1976,2513 2020,2513 2065,2513"/>
                <TextEquiv>
                    <Unicode>geho k nenawiſti • Slowa vſt geho ne¬</Unicode>
                </TextEquiv>
            </TextLine>
            <TextLine id="r_38_tl_35" custom="readingOrder {index:34;}">
                <Coords points="1179,2607 1880,2606 2064,2582 2065,2537 1180,2551"/>
                <Baseline points="1185,2587 1217,2587 1262,2584 1307,2584 1352,2584 1396,2584 1441,2584 1486,2581 1531,2581 1576,2581 1620,2581 1665,2581 1710,2581 1755,2578 1799,2581 1844,2578 1889,2578 1934,2578 1978,2575 2023,2575 2068,2570"/>
                <TextEquiv>
                    <Unicode>prawoſt a leſt : nechtiel porozumieti a</Unicode>
                </TextEquiv>
            </TextLine>
            <TextLine id="r_38_tl_36" custom="readingOrder {index:35;}">
                <Coords points="1173,2662 2065,2648 2045,2577 1930,2606 1173,2604"/>
                <Baseline points="1179,2653 1217,2647 1262,2644 1307,2644 1352,2647 1396,2644 1441,2644 1486,2644 1531,2641 1576,2641 1620,2641 1665,2641 1710,2641 1755,2641 1799,2641 1844,2641 1889,2641 1934,2638 1978,2635 2023,2635 2068,2638"/>
                <TextEquiv>
                    <Unicode>by dobrze czinil • Neprawoſtge myſlil</Unicode>
                </TextEquiv>
            </TextLine>
            <TextLine id="r_38_tl_37" custom="readingOrder {index:36;}">
                <Coords points="1176,2720 2019,2726 2065,2717 2066,2653 1176,2669"/>
                <Baseline points="1182,2710 1217,2710 1262,2710 1307,2707 1352,2707 1396,2707 1441,2707 1486,2704 1531,2704 1576,2704 1620,2707 1665,2704 1710,2704 1755,2704 1799,2704 1844,2704 1889,2704 1934,2701 1978,2698 2023,2695 2068,2698"/>
                <TextEquiv>
                    <Unicode>na ložczy ſwem • poſtawil ſe ge na wſſe¬</Unicode>
                </TextEquiv>
            </TextLine>
            <TextLine id="r_38_tl_38" custom="readingOrder {index:37;}">
                <Coords points="1170,2798 2060,2773 2060,2723 1976,2709 1170,2725"/>
                <Baseline points="1176,2772 1211,2772 1256,2769 1301,2769 1346,2769 1390,2769 1435,2769 1480,2769 1525,2769 1570,2769 1614,2769 1659,2767 1704,2767 1749,2767 1793,2767 1838,2767 1883,2767 1928,2764 1973,2761 2017,2764 2062,2764"/>
                <TextEquiv>
                    <Unicode>like ceſtie nedobre : zloſti pak nemiel ge</Unicode>
                </TextEquiv>
            </TextLine>
            <TextLine id="r_38_tl_39" custom="readingOrder {index:38;}">
                <Coords points="1176,2849 2054,2847 2055,2775 1176,2801"/>
                <Baseline points="1182,2832 1205,2832 1250,2832 1295,2832 1340,2832 1384,2832 1429,2829 1474,2832 1519,2832 1564,2832 1608,2829 1653,2832 1698,2832 1743,2829 1787,2829 1832,2829 1877,2826 1922,2826 1967,2826 2011,2826 2056,2823"/>
                <TextEquiv>
                    <Unicode>w nenawiſti • Hoſpodine na nebi milo¬</Unicode>
                </TextEquiv>
            </TextLine>
            <TextLine id="r_38_tl_40" custom="readingOrder {index:39;} abbrev {offset:19; length:5;expansion:prawda;}">
                <Coords points="1184,2916 2032,2904 2062,2901 2063,2850 1185,2847"/>
                <Baseline points="1190,2898 1214,2898 1259,2895 1304,2892 1349,2892 1393,2892 1438,2892 1483,2895 1528,2898 1573,2895 1617,2892 1662,2892 1707,2892 1752,2892 1796,2892 1841,2892 1886,2889 1931,2889 1976,2889 2020,2889 2065,2889"/>
                <TextEquiv>
                    <Unicode>ſrdenſtwie twe : a p̄wda twa až k obla¬</Unicode>
                </TextEquiv>
            </TextLine>
            <TextLine id="r_38_tl_41" custom="readingOrder {index:40;}">
                <Coords points="1176,2975 2056,2972 2056,2911 2014,2900 1176,2920"/>
                <Baseline points="1182,2961 1208,2958 1253,2958 1298,2952 1343,2949 1387,2955 1432,2955 1477,2955 1522,2955 1567,2958 1611,2955 1656,2952 1701,2952 1746,2952 1790,2952 1835,2952 1880,2952 1925,2949 1970,2949 2014,2949 2059,2949"/>
                <TextEquiv>
                    <Unicode>kom • Sprawedlnoſt twa yakžto hory</Unicode>
                </TextEquiv>
            </TextLine>
            <TextLine id="r_38_tl_42" custom="readingOrder {index:41;}">
                <Coords points="1179,3031 2060,3033 2061,2971 1994,2959 1593,2988 1180,2971"/>
                <Baseline points="1185,3020 1211,3020 1256,3020 1301,3020 1346,3020 1390,3020 1435,3020 1480,3020 1525,3020 1570,3020 1614,3020 1659,3017 1704,3017 1749,3014 1793,3014 1838,3011 1883,3011 1928,3011 1973,3011 2017,3011 2062,3008"/>
                <TextEquiv>
                    <Unicode>božie : ſaudowe twogi propaſt mnoha</Unicode>
                </TextEquiv>
            </TextLine>
            <TextLine id="r_38_tl_43" custom="readingOrder {index:42;}">
                <Coords points="1180,3100 2009,3100 2062,3078 2063,3032 1180,3037"/>
                <Baseline points="1187,3083 1214,3083 1259,3083 1304,3083 1349,3080 1393,3080 1438,3080 1483,3083 1528,3083 1573,3080 1617,3083 1662,3083 1707,3080 1752,3077 1796,3074 1841,3074 1886,3071 1931,3074 1976,3071 2020,3071 2065,3074"/>
                <TextEquiv>
                    <Unicode>Lidi y howada ſpaſena včziniſs hoſpo¬</Unicode>
                </TextEquiv>
            </TextLine>
            <TextLine id="r_38_tl_44" custom="readingOrder {index:43;}">
                <Coords points="1173,3160 2062,3160 2063,3077 1625,3112 1174,3100"/>
                <Baseline points="1179,3143 1214,3146 1259,3149 1304,3146 1349,3146 1393,3143 1438,3140 1483,3143 1528,3143 1573,3146 1617,3146 1662,3143 1707,3143 1752,3140 1796,3140 1841,3137 1886,3137 1931,3137 1976,3131 2020,3131 2065,3131"/>
                <TextEquiv>
                    <Unicode>dine : kteraks rozmnožil miloſrdenſtwi</Unicode>
                </TextEquiv>
            </TextLine>
            <TextLine id="r_38_tl_45" custom="readingOrder {index:44;}">
                <Coords points="1189,3229 2060,3203 2061,3160 1828,3146 1687,3173 1191,3158"/>
                <Baseline points="1196,3208 1211,3208 1256,3208 1301,3208 1346,3208 1390,3205 1435,3199 1480,3202 1525,3205 1570,3205 1614,3205 1659,3205 1704,3205 1749,3202 1793,3202 1838,3199 1883,3196 1928,3196 1973,3196 2017,3196 2062,3193"/>
                <TextEquiv>
                    <Unicode>ſwe boze • Synowe pak lidſſtij w za¬</Unicode>
                </TextEquiv>
            </TextLine>
            <TextLine id="r_38_tl_46" custom="readingOrder {index:45;}">
                <Coords points="1188,3298 1818,3303 1907,3268 2055,3284 2056,3232 1189,3223"/>
                <Baseline points="1196,3265 1208,3271 1253,3274 1298,3274 1343,3274 1387,3274 1432,3271 1477,3271 1522,3274 1567,3274 1611,3271 1656,3271 1701,3268 1746,3268 1790,3262 1835,3262 1880,3262 1925,3262 1970,3259 2014,3256 2059,3253"/>
                <TextEquiv>
                    <Unicode>ſtrzeni krzydel twych : doufati budu •</Unicode>
                </TextEquiv>
            </TextLine>
            <TextEquiv>
                <Unicode>uſla ſwa  rziekali ſu haha haha vidie¬
liṫ ſu oczi naſſe.Widiel ſy hoſpodine
nemlcziz z hoſpodine ne odchazegz ode
mne.Powſtaniz a pohledlz s ſaudu me¬
mu boże muoy a pane muoy k przy nie
Suḋ mie podle ſprawedluoſti hoſpodi¬
ne boże muoy za aṫ ſe neradugi nade
mnu Nṫ nerzieklczi w ſrdciech ſwych
haha haha duſſi naſſi a aṫ nerziekagi¬
pozṙeniez ho.Nċ ſu zahanbenia s ſtra¬
ſſeni ſpolkem  kterziz ſe radugz zlemu
niemu Nṫ gſu z oblaczeni pohanienż
a ſrudem? kerziż zlobiwe wieczy mlu¬
wili na mie.Weſeſte ſe a teſſte kterziż
žadaczi ſprawedlnoſti me.a aṫ rzieky ci¬
wzdyczky zweleben buḋ hoſpodin ke¬
rziž zadaczi pokoge ſluzebnika geho.N
ſazyk muoy rozginiati bude ſprawe¬
dlnoſt twu przes czely den chwalu twu
W żalmij tRydczatim a patem o znamu.
ge ſe ze wſſeczko zle nam przipſano by¬
ti ma a dobre wſſeczko panu bohu dr o¬
gi pak hrzieſſniczy gedni kterziž wie¬
rzie zakonu a wſſak pre nemocz tiela to
czoz zakon przikizuge neplnie.Druzy
ſu horſſy kterziž zymyſſu ke ze wſſeho
ſtudu a bazni hṙeſſie geſſto o tieci mlu¬
wie die¬
Rrzekl neſprawedliwy w ſam 
ſobie aby hrzeſſyl nenieṫ ba¬
zen bożie przed oczima geho
Nebo tſriwie puo ſobil przed obliczecgē 
geho z as y nalezena byla neprawoſt
geho k nenawiſii Slowa vſt geho ne¬
prawoſt a leſt nechtiel porozumieti a
sy dobrze czinil. Neprawoſtge myſlil
na ložczy ſwem.poſtawil ſe ge na wſſe¬
like teſtie nedobre z zloſti pak nemiel ge
w nenawiſti. Koſpodine na nebi milo¬
ſrdenſtwie twea pwda twa az k obla¬
koni.Sprawrdlnoſt twa yakżto hory
bozie ſauddire twoczi propaſt mnoha
Bidi y howada ſpaſena vcziniſs hoſpo¬
dine kterabs rozmnozil miloſrdenſtwi
ſire boze.Synowe pak ſidſſti w za¬
ſirzeni krzydel twych odufati budu.</Unicode>
            </TextEquiv>
        </TextRegion>
    </Page>
</PcGts>
