<?xml version="1.0" encoding="UTF-8" standalone="yes"?>
<PcGts xmlns="http://schema.primaresearch.org/PAGE/gts/pagecontent/2013-07-15" xmlns:xsi="http://www.w3.org/2001/XMLSchema-instance" xsi:schemaLocation="http://schema.primaresearch.org/PAGE/gts/pagecontent/2013-07-15 http://schema.primaresearch.org/PAGE/gts/pagecontent/2013-07-15/pagecontent.xsd">
    <Metadata>
        <Creator>prov=READ-COOP:name=PyLaia@TranskribusPlatform:version=2.20.0:model_id=239049:lm=none:date=11_12_2024_13:24</Creator>
        <Created>2024-11-22T17:31:52.498+01:00</Created>
        <LastChange>2024-12-12T23:01:13.156+01:00</LastChange>
        <TranskribusMetadata docId="5363448" pageId="84625929" pageNr="503" tsid="212149981" status="GT" userId="100969" imgUrl="https://files.transkribus.eu/Get?id=OVDDFIDKYUFXXUFVRMUOAJSA&amp;fileType=view" xmlUrl="https://files.transkribus.eu/Get?id=HHFRVZKOVVKLDTYZRETQIQMB" imageId="69898029"/>
    </Metadata>
    <Page imageFilename="DTL_547662-0504.jpeg" imageWidth="2530" imageHeight="3955">
        <ReadingOrder>
            <OrderedGroup id="ro_1734605780014" caption="Regions reading order">
                <RegionRefIndexed index="0" regionRef="r"/>
                <RegionRefIndexed index="1" regionRef="r_2"/>
                <RegionRefIndexed index="2" regionRef="r_9"/>
            </OrderedGroup>
        </ReadingOrder>
        <TextRegion id="r" custom="readingOrder {index:0;}">
            <Coords points="1386,119 1611,119 1611,227 1386,227"/>
            <TextLine id="l" custom="readingOrder {index:0;}">
                <Coords points="1387,219 1424,206 1459,212 1476,203 1544,231 1569,215 1581,217 1579,125 1556,115 1535,127 1484,108 1463,120 1440,110 1407,119 1383,114"/>
                <Baseline points="1392,184 1583,191"/>
                <TextEquiv>
                    <Unicode>knihy</Unicode>
                </TextEquiv>
            </TextLine>
            <TextEquiv>
                <Unicode></Unicode>
            </TextEquiv>
        </TextRegion>
        <TextRegion id="r_2" custom="readingOrder {index:1;}">
            <Coords points="524,293 1481,293 1481,3256 524,3256"/>
            <TextLine id="l_31" custom="readingOrder {index:0;}">
                <Coords points="544,367 1442,370 1444,286 1203,313 784,257 546,314"/>
                <Baseline points="552,351 1447,349"/>
                <TextEquiv>
                    <Unicode>ty geſſto ſami w ſe dovfagi a chlubie ſe</Unicode>
                </TextEquiv>
            </TextLine>
            <TextLine id="l_38" custom="readingOrder {index:1;}">
                <Coords points="553,444 1454,439 1454,374 1426,369 553,376"/>
                <Baseline points="559,413 1457,413"/>
                <TextEquiv>
                    <Unicode>ſwu moczy · Tehdy dokonawſſe placż</Unicode>
                </TextEquiv>
            </TextLine>
            <TextLine id="l_45" custom="readingOrder {index:2;}">
                <Coords points="548,504 1451,499 1451,440 1390,431 548,450"/>
                <Baseline points="554,478 1454,475"/>
                <TextEquiv>
                    <Unicode>a modlitbu · kteruž ſu ſe czely den modli¬</Unicode>
                </TextEquiv>
            </TextLine>
            <TextLine id="l_52" custom="readingOrder {index:3;}">
                <Coords points="549,558 1456,552 1456,503 1304,486 549,507"/>
                <Baseline points="556,535 1457,537"/>
                <TextEquiv>
                    <Unicode>li · potieſſili ſu Achyora ṙkuce · Buoh</Unicode>
                </TextEquiv>
            </TextLine>
            <TextLine id="l_59" custom="readingOrder {index:4;}">
                <Coords points="541,618 1444,617 1442,560 542,554"/>
                <Baseline points="547,604 1447,599"/>
                <TextEquiv>
                    <Unicode>otczuow naſſich gehožs ty mocz wypra¬</Unicode>
                </TextEquiv>
            </TextLine>
            <TextLine id="l_66" custom="readingOrder {index:5;}">
                <Coords points="542,677 1456,680 1456,631 1303,616 542,635"/>
                <Baseline points="549,664 1459,659"/>
                <TextEquiv>
                    <Unicode>wowal · onṫ tobie da tuto odplatu že ty</Unicode>
                </TextEquiv>
            </TextLine>
            <TextLine id="l_73" custom="readingOrder {index:6;}">
                <Coords points="537,745 1461,751 1461,682 1433,677 537,705"/>
                <Baseline points="544,726 1464,724"/>
                <TextEquiv>
                    <Unicode>radiegi vzrziſs gich zahynntie A když</Unicode>
                </TextEquiv>
            </TextLine>
            <TextLine id="l_80" custom="readingOrder {index:7;}">
                <Coords points="546,816 1422,810 1451,747 763,734 547,762"/>
                <Baseline points="552,793 1452,781"/>
                <TextEquiv>
                    <Unicode>pan buoh naſs da tu ſwobodu ſlužebni¬</Unicode>
                </TextEquiv>
            </TextLine>
            <TextLine id="l_87" custom="readingOrder {index:8;}">
                <Coords points="549,865 1100,860 1172,886 1456,855 1456,820 1383,801 549,815"/>
                <Baseline points="556,845 1457,848"/>
                <TextEquiv>
                    <Unicode>kom ſwym · aṫ ge y s tebu pan buoh v¬</Unicode>
                </TextEquiv>
            </TextLine>
            <TextLine id="l_94" custom="readingOrder {index:9;}">
                <Coords points="554,932 1451,924 1451,866 1421,860 554,865"/>
                <Baseline points="561,907 1454,907"/>
                <TextEquiv>
                    <Unicode>proſtrzed nas · aby iakož ſe bude libiti</Unicode>
                </TextEquiv>
            </TextLine>
            <TextLine id="l_101" custom="readingOrder {index:10;}">
                <Coords points="546,977 1461,981 1461,923 546,924"/>
                <Baseline points="552,972 1464,972"/>
                <TextEquiv>
                    <Unicode>tobie ſe wſſemi twymi obcowal s nami</Unicode>
                </TextEquiv>
            </TextLine>
            <TextLine id="l_117" custom="readingOrder {index:11;}">
                <Coords points="529,1044 1471,1049 1471,1006 1415,987 529,987"/>
                <Baseline points="535,1027 1461,1039 1469,1041 1464,1032"/>
                <TextEquiv>
                    <Unicode>tehdy Ozyaſs kdyż ſe dokonala radda</Unicode>
                </TextEquiv>
            </TextLine>
            <TextLine id="l_124" custom="readingOrder {index:12;} abbrev {offset:14; length:3;expansion:domu;} textStyle {offset:16; length:1;superscript:true;}">
                <Coords points="542,1122 800,1097 1338,1121 1434,1112 1457,1065 543,1051"/>
                <Baseline points="549,1096 1459,1094"/>
                <TextEquiv>
                    <Unicode>prziyal ho do dov ſweho · a vcżinil we¬</Unicode>
                </TextEquiv>
            </TextLine>
            <TextLine id="l_131" custom="readingOrder {index:13;}">
                <Coords points="516,1176 1470,1168 1416,1114 1158,1102 1117,1130 800,1097 516,1130"/>
                <Baseline points="523,1151 1471,1153"/>
                <TextEquiv>
                    <Unicode>cżerzi weliku · a ſwolaw wſſeczkny k nie</Unicode>
                </TextEquiv>
            </TextLine>
            <TextLine id="l_138" custom="readingOrder {index:14;}">
                <Coords points="541,1229 1439,1231 1439,1185 1384,1171 541,1177"/>
                <Baseline points="547,1215 1442,1213"/>
                <TextEquiv>
                    <Unicode>ſpolu dokonawſſe puoſt · pogedli gſu ·</Unicode>
                </TextEquiv>
            </TextLine>
            <TextLine id="l_145" custom="readingOrder {index:15;}">
                <Coords points="535,1286 1450,1294 1450,1229 535,1247"/>
                <Baseline points="542,1278 1452,1280"/>
                <TextEquiv>
                    <Unicode>Potom pak ſwolan geſt weſſkeren lid</Unicode>
                </TextEquiv>
            </TextLine>
            <TextLine id="l_152" custom="readingOrder {index:16;}">
                <Coords points="537,1356 1451,1358 1451,1298 537,1299"/>
                <Baseline points="544,1337 1454,1342"/>
                <TextEquiv>
                    <Unicode>przes celu nocz modlili ſu ſe w chramie</Unicode>
                </TextEquiv>
            </TextLine>
            <TextLine id="l_159" custom="readingOrder {index:17;}">
                <Coords points="535,1409 903,1444 972,1409 1450,1432 1450,1372 1395,1358 692,1350 535,1381"/>
                <Baseline points="542,1404 1452,1402"/>
                <TextEquiv>
                    <Unicode>proſiecze pomoczy od pana boha Izra¬</Unicode>
                </TextEquiv>
            </TextLine>
            <TextLine id="l_166" custom="readingOrder {index:18;}">
                <Coords points="546,1482 690,1499 804,1459 1327,1488 1440,1464 1441,1426 979,1408 873,1448 703,1409 546,1444"/>
                <Baseline points="552,1459 1442,1454"/>
                <TextEquiv>
                    <Unicode>helſkeho · Capitola · VII ·</Unicode>
                </TextEquiv>
            </TextLine>
            <TextLine id="l_173" custom="readingOrder {index:19;}">
                <Coords points="701,1530 973,1559 1139,1535 1410,1549 1435,1541 1434,1493 1031,1497 923,1466 700,1490"/>
                <Baseline points="712,1534 878,1538 1441,1544"/>
                <TextEquiv>
                    <Unicode>ehdy Olofernes druheho dne</Unicode>
                </TextEquiv>
            </TextLine>
            <TextLine id="l_180" custom="readingOrder {index:20;}">
                <Coords points="707,1629 824,1594 1028,1620 1144,1597 1413,1617 1454,1593 1453,1552 1401,1543 706,1539"/>
                <Baseline points="712,1574 1457,1586"/>
                <TextEquiv>
                    <Unicode>przikazal woyſku ſwemu Aby</Unicode>
                </TextEquiv>
            </TextLine>
            <TextLine id="l_187" custom="readingOrder {index:21;}">
                <Coords points="707,1665 1350,1681 1450,1667 1450,1635 1330,1603 1027,1620 925,1592 883,1613 758,1599 706,1629"/>
                <Baseline points="714,1641 1452,1652"/>
                <TextEquiv>
                    <Unicode>oblehli Betulii : A bieſſe pie¬</Unicode>
                </TextEquiv>
            </TextLine>
            <TextLine id="l_194" custom="readingOrder {index:22;}">
                <Coords points="535,1719 1450,1730 1419,1660 737,1681 655,1639 534,1676"/>
                <Baseline points="542,1700 1452,1715"/>
                <TextEquiv>
                    <Unicode>ſſich bolownikuow ſto a dwatczeti tiſy¬</Unicode>
                </TextEquiv>
            </TextLine>
            <TextLine id="l_201" custom="readingOrder {index:23;}">
                <Coords points="542,1781 1466,1791 1466,1753 1399,1727 542,1739"/>
                <Baseline points="549,1769 1469,1777"/>
                <TextEquiv>
                    <Unicode>czuow · a gezdcuow dwamezcietma tiſy¬</Unicode>
                </TextEquiv>
            </TextLine>
            <TextLine id="l_208" custom="readingOrder {index:24;}">
                <Coords points="533,1845 1453,1854 1437,1786 534,1798"/>
                <Baseline points="540,1827 1457,1824"/>
                <TextEquiv>
                    <Unicode>cow krom mužuow tiech pṙiprawnych</Unicode>
                </TextEquiv>
            </TextLine>
            <TextLine id="l_215" custom="readingOrder {index:25;}">
                <Coords points="541,1902 1452,1913 1451,1866 1413,1854 540,1851"/>
                <Baseline points="547,1882 1454,1898"/>
                <TextEquiv>
                    <Unicode>ktereż byl zgimal · a prziwedl ze wſſech</Unicode>
                </TextEquiv>
            </TextLine>
            <TextLine id="l_222" custom="readingOrder {index:26;}">
                <Coords points="535,1950 906,1983 1450,1963 1393,1910 534,1921"/>
                <Baseline points="542,1949 1452,1961"/>
                <TextEquiv>
                    <Unicode>kragin a z Mieſt mladencze wſſeliyake</Unicode>
                </TextEquiv>
            </TextLine>
            <TextLine id="l_229" custom="readingOrder {index:27;}">
                <Coords points="537,2023 1470,2039 1469,1991 1393,1974 536,1974"/>
                <Baseline points="544,2006 1473,2025"/>
                <TextEquiv>
                    <Unicode>Wſſieczkni ti prziprawili ſe ſpolu k bogi</Unicode>
                </TextEquiv>
            </TextLine>
            <TextLine id="l_280" custom="readingOrder {index:28;}">
                <Coords points="553,2106 886,2084 1382,2117 1461,2087 1446,2037 1244,2033 1198,2063 1063,2028 553,2028"/>
                <Baseline points="559,2075 1464,2080"/>
                <TextEquiv>
                    <Unicode>proti ſynuom Yzrahelſkym · a tahli po</Unicode>
                </TextEquiv>
            </TextLine>
            <TextLine id="l_287" custom="readingOrder {index:29;}">
                <Coords points="543,2151 1461,2152 1460,2110 1355,2097 542,2098"/>
                <Baseline points="549,2130 1464,2144"/>
                <TextEquiv>
                    <Unicode>ſtrani hory · až k wrchu kteryž hledi na</Unicode>
                </TextEquiv>
            </TextLine>
            <TextLine id="l_298" custom="readingOrder {index:30;} unclear {offset:0; length:1;alternative:b;}">
                <Coords points="548,2203 1402,2229 1473,2196 1402,2157 548,2153"/>
                <Baseline points="554,2192 1469,2195 1466,2202"/>
                <TextEquiv>
                    <Unicode>dothaym · od mieſta kterež ſlowe bel¬</Unicode>
                </TextEquiv>
            </TextLine>
            <TextLine id="l_305" custom="readingOrder {index:31;}">
                <Coords points="549,2275 1063,2298 1456,2273 1456,2219 549,2223"/>
                <Baseline points="556,2261 1457,2266"/>
                <TextEquiv>
                    <Unicode>ma aż do czelmon genž geſt proti Eſdre¬</Unicode>
                </TextEquiv>
            </TextLine>
            <TextLine id="l_312" custom="readingOrder {index:32;}">
                <Coords points="555,2342 1444,2351 1426,2286 554,2280"/>
                <Baseline points="561,2314 1445,2331"/>
                <TextEquiv>
                    <Unicode>lon · Synowe pak Yzrahelſſti kdyz vz¬</Unicode>
                </TextEquiv>
            </TextLine>
            <TextLine id="l_328" custom="readingOrder {index:33;}">
                <Coords points="550,2396 1332,2401 1419,2435 1453,2424 1452,2351 549,2344"/>
                <Baseline points="556,2376 1450,2395 1450,2409 1447,2400"/>
                <TextEquiv>
                    <Unicode>rzeli množſtwie gich · padli na zemi ſy¬</Unicode>
                </TextEquiv>
            </TextLine>
            <TextLine id="l_335" custom="readingOrder {index:34;}">
                <Coords points="549,2473 1444,2465 1444,2426 1324,2403 549,2418"/>
                <Baseline points="556,2445 1445,2450"/>
                <TextEquiv>
                    <Unicode>picz prach na hlawy ſwe · gednoſtay¬</Unicode>
                </TextEquiv>
            </TextLine>
            <TextLine id="l_342" custom="readingOrder {index:35;}">
                <Coords points="553,2511 1451,2535 1444,2463 553,2471"/>
                <Baseline points="559,2500 1454,2505"/>
                <TextEquiv>
                    <Unicode>nie modlecze ſe aby pan buoh Izrahel¬</Unicode>
                </TextEquiv>
            </TextLine>
            <TextLine id="l_349" custom="readingOrder {index:36;}">
                <Coords points="554,2581 1327,2607 1448,2594 1448,2536 553,2515"/>
                <Baseline points="561,2560 1450,2567"/>
                <TextEquiv>
                    <Unicode>ſky okazal miloſrdenſtwie nad ſwym li¬</Unicode>
                </TextEquiv>
            </TextLine>
            <TextLine id="l_356" custom="readingOrder {index:37;}">
                <Coords points="553,2641 1454,2649 1454,2607 1358,2587 553,2580"/>
                <Baseline points="559,2620 1457,2629"/>
                <TextEquiv>
                    <Unicode>dem A w zemſſe naſe odienie ſwe boio¬</Unicode>
                </TextEquiv>
            </TextLine>
            <TextLine id="l_363" custom="readingOrder {index:38;}">
                <Coords points="561,2702 1419,2726 1473,2673 560,2650"/>
                <Baseline points="568,2686 1476,2694"/>
                <TextEquiv>
                    <Unicode>wne · woſadili mieſta vzka ſkrze kterež</Unicode>
                </TextEquiv>
            </TextLine>
            <TextLine id="l_370" custom="readingOrder {index:39;}">
                <Coords points="542,2757 1458,2777 1458,2718 542,2713"/>
                <Baseline points="549,2756 1461,2761"/>
                <TextEquiv>
                    <Unicode>to biechu czeſty mezy horami · a oſtrzie¬</Unicode>
                </TextEquiv>
            </TextLine>
            <TextLine id="l_377" custom="readingOrder {index:40;}">
                <Coords points="542,2826 1445,2851 1447,2781 639,2760 541,2785"/>
                <Baseline points="549,2808 1450,2825"/>
                <TextEquiv>
                    <Unicode>hali gich czely den y nocz : Tehdy Olo¬</Unicode>
                </TextEquiv>
            </TextLine>
            <TextLine id="l_384" custom="readingOrder {index:41;}">
                <Coords points="546,2886 1444,2912 1458,2851 544,2833"/>
                <Baseline points="552,2875 1461,2887"/>
                <TextEquiv>
                    <Unicode>fernes když woblehal okoſo Mieſta na¬</Unicode>
                </TextEquiv>
            </TextLine>
            <TextLine id="l_391" custom="readingOrder {index:42;}">
                <Coords points="549,2949 1444,2956 1419,2904 548,2899"/>
                <Baseline points="554,2932 1445,2947"/>
                <TextEquiv>
                    <Unicode>ſezl ano z ſtudnicze tekla woda po tru¬</Unicode>
                </TextEquiv>
            </TextLine>
            <TextLine id="l_398" custom="readingOrder {index:43;}">
                <Coords points="553,3012 1447,3021 1446,2963 1414,2953 1263,2976 552,2949"/>
                <Baseline points="559,2997 1450,3011"/>
                <TextEquiv>
                    <Unicode>bach do Mieſta z ſtrany polednie pṙed</Unicode>
                </TextEquiv>
            </TextLine>
            <TextLine id="l_414" custom="readingOrder {index:44;} abbrev {offset:0; length:6;expansion:Mieſtem;}">
                <Coords points="554,3078 1461,3085 1460,3044 1391,3020 553,3021"/>
                <Baseline points="559,3054 1464,3069 1459,3064 1457,3071"/>
                <TextEquiv>
                    <Unicode>Mieſtē · y przikazal ge zkazyti ty truby</Unicode>
                </TextEquiv>
            </TextLine>
            <TextLine id="l_421" custom="readingOrder {index:45;}">
                <Coords points="561,3148 1458,3138 1438,3082 561,3077"/>
                <Baseline points="568,3121 1461,3135"/>
                <TextEquiv>
                    <Unicode>po kterychžto tekla woda gim · wſſak</Unicode>
                </TextEquiv>
            </TextLine>
            <TextLine id="l_428" custom="readingOrder {index:46;}">
                <Coords points="548,3216 1450,3221 1447,3152 1324,3141 547,3151"/>
                <Baseline points="554,3181 1450,3198"/>
                <TextEquiv>
                    <Unicode>proto miegiechu ſtudnicze nedaleko od</Unicode>
                </TextEquiv>
            </TextLine>
            <TextEquiv>
                <Unicode></Unicode>
            </TextEquiv>
        </TextRegion>
        <TextRegion id="r_9" custom="readingOrder {index:2;}">
            <Coords points="1514,285 2410,285 2410,3264 1490,3265"/>
            <TextLine id="l_435" custom="readingOrder {index:0;}">
                <Coords points="1522,382 2399,383 2370,286 2326,316 2254,287 2173,310 2115,272 2014,319 1909,285 1521,295"/>
                <Baseline points="1528,358 2400,368"/>
                <TextEquiv>
                    <Unicode>zdii s kterychžto widani ſu ani kradmo</Unicode>
                </TextEquiv>
            </TextLine>
            <TextLine id="l_442" custom="readingOrder {index:1;}">
                <Coords points="1522,434 1995,423 2359,457 2405,453 2405,388 1898,362 1521,383"/>
                <Baseline points="1528,413 2407,425"/>
                <TextEquiv>
                    <Unicode>beru ſobie wodu · k ſwlazeni wiece nežli</Unicode>
                </TextEquiv>
            </TextLine>
            <TextLine id="l_449" custom="readingOrder {index:2;}">
                <Coords points="1524,504 2397,508 2397,459 2233,433 1524,438"/>
                <Baseline points="1531,480 2400,485"/>
                <TextEquiv>
                    <Unicode>kupiti Ale ſynowe Amanowi a moa¬</Unicode>
                </TextEquiv>
            </TextLine>
            <TextLine id="l_456" custom="readingOrder {index:3;}">
                <Coords points="1517,554 2399,560 2397,508 2348,499 1517,504"/>
                <Baseline points="1524,540 2402,552"/>
                <TextEquiv>
                    <Unicode>bowi prziſtupili ſu k Olofernowi rzku¬</Unicode>
                </TextEquiv>
            </TextLine>
            <TextLine id="l_463" custom="readingOrder {index:4;}">
                <Coords points="1517,619 2387,639 2386,578 2265,558 1517,561"/>
                <Baseline points="1524,604 2388,616"/>
                <TextEquiv>
                    <Unicode>cze · Synowe Yzrahelſſtij nedoufagi</Unicode>
                </TextEquiv>
            </TextLine>
            <TextLine id="l_470" custom="readingOrder {index:5;}">
                <Coords points="1512,669 1641,698 1744,674 2395,696 2395,642 2288,623 1512,618"/>
                <Baseline points="1519,669 2398,671"/>
                <TextEquiv>
                    <Unicode>w kopi · ani w ſtrzelbu · ale hory branie</Unicode>
                </TextEquiv>
            </TextLine>
            <TextLine id="l_477" custom="readingOrder {index:6;}">
                <Coords points="1520,750 2397,749 2397,695 2183,674 1644,701 1520,676"/>
                <Baseline points="1526,726 2400,728"/>
                <TextEquiv>
                    <Unicode>gich · a ohrazugi ge pahrbkowe wuo¬</Unicode>
                </TextEquiv>
            </TextLine>
            <TextLine id="l_484" custom="readingOrder {index:7;}">
                <Coords points="1509,811 1948,788 1989,822 2397,817 2388,746 1509,763"/>
                <Baseline points="1516,788 2400,790"/>
                <TextEquiv>
                    <Unicode>kol nich przikrzii · Protož aby bez bit¬</Unicode>
                </TextEquiv>
            </TextLine>
            <TextLine id="l_491" custom="readingOrder {index:8;}">
                <Coords points="1520,859 1620,886 1866,858 2399,874 2399,816 2275,804 1520,813"/>
                <Baseline points="1526,855 2402,857"/>
                <TextEquiv>
                    <Unicode>wy ſpoleċne mohl ge pṙemoczy · woſad</Unicode>
                </TextEquiv>
            </TextLine>
            <TextLine id="l_498" custom="readingOrder {index:9;}">
                <Coords points="1515,935 2397,934 2397,891 2339,873 1597,887 1515,861"/>
                <Baseline points="1521,912 2400,917"/>
                <TextEquiv>
                    <Unicode>ſtražnymi ſtudnicze aṫ newažie wody</Unicode>
                </TextEquiv>
            </TextLine>
            <TextLine id="l_505" custom="readingOrder {index:10;}">
                <Coords points="1512,998 2396,1005 2397,953 2332,929 1514,932"/>
                <Baseline points="1519,984 2400,981"/>
                <TextEquiv>
                    <Unicode>z nich · a bez mecże zmorziſs ge : neb za¬</Unicode>
                </TextEquiv>
            </TextLine>
            <TextLine id="l_512" custom="readingOrder {index:11;}">
                <Coords points="1509,1074 2391,1053 2391,1007 2336,993 1509,999"/>
                <Baseline points="1516,1034 2395,1044"/>
                <TextEquiv>
                    <Unicode>giſte zemdleni gſucz dadiet Mieſto ſwe</Unicode>
                </TextEquiv>
            </TextLine>
            <TextLine id="l_519" custom="readingOrder {index:12;}">
                <Coords points="1503,1113 2397,1108 2397,1056 2280,1051 1503,1075"/>
                <Baseline points="1509,1096 2400,1103"/>
                <TextEquiv>
                    <Unicode>kterehož mniegi že bychom nemohli do¬</Unicode>
                </TextEquiv>
            </TextLine>
            <TextLine id="l_526" custom="readingOrder {index:13;}">
                <Coords points="1505,1161 1580,1187 2402,1178 2393,1109 1505,1115"/>
                <Baseline points="1512,1161 2405,1163"/>
                <TextEquiv>
                    <Unicode>byti protože geſt na horach · Y ſlibila</Unicode>
                </TextEquiv>
            </TextLine>
            <TextLine id="l_533" custom="readingOrder {index:14;}">
                <Coords points="1514,1246 2158,1234 2299,1262 2391,1244 2390,1186 1512,1191"/>
                <Baseline points="1519,1218 2395,1235"/>
                <TextEquiv>
                    <Unicode>ſu ſe ſlowa tato pṙed Olofernem y pṙed</Unicode>
                </TextEquiv>
            </TextLine>
            <TextLine id="l_540" custom="readingOrder {index:15;} abbrev {offset:9; length:3;expansion:geho;} textStyle {offset:11; length:1;superscript:true;}">
                <Coords points="1508,1312 2390,1299 2355,1249 2177,1234 1508,1246"/>
                <Baseline points="1514,1287 2393,1282"/>
                <TextEquiv>
                    <Unicode>kniežaty geo · vſtanowil wſſudy wuo¬</Unicode>
                </TextEquiv>
            </TextLine>
            <TextLine id="l_547" custom="readingOrder {index:16;}">
                <Coords points="1512,1369 2397,1358 2375,1292 1512,1313"/>
                <Baseline points="1519,1354 2400,1349"/>
                <TextEquiv>
                    <Unicode>kol przi každe ſtudniczy poſtu • a když</Unicode>
                </TextEquiv>
            </TextLine>
            <TextLine id="l_554" custom="readingOrder {index:17;}">
                <Coords points="1512,1426 2390,1425 2390,1378 2242,1356 1512,1369"/>
                <Baseline points="1519,1409 2393,1407"/>
                <TextEquiv>
                    <Unicode>tak oſtrziehali dwatcet dni vplnie wyſe¬</Unicode>
                </TextEquiv>
            </TextLine>
            <TextLine id="l_561" custom="readingOrder {index:18;}">
                <Coords points="1517,1488 1956,1501 2113,1473 2397,1502 2386,1425 1517,1435"/>
                <Baseline points="1524,1466 2400,1471"/>
                <TextEquiv>
                    <Unicode>chly cżiſterny y lauže wod wſſem kteṙiž</Unicode>
                </TextEquiv>
            </TextLine>
            <TextLine id="l_568" custom="readingOrder {index:19;}">
                <Coords points="1515,1549 2403,1544 2403,1498 2269,1480 2191,1508 2010,1480 1515,1495"/>
                <Baseline points="1521,1531 2405,1538"/>
                <TextEquiv>
                    <Unicode>przebywali w betulii · tak že giž neby¬</Unicode>
                </TextEquiv>
            </TextLine>
            <TextLine id="l_575" custom="readingOrder {index:20;}">
                <Coords points="1520,1617 2399,1606 2399,1546 1520,1555"/>
                <Baseline points="1526,1590 2402,1593"/>
                <TextEquiv>
                    <Unicode>lo w Mieſtie wody · aby ſe napili do ſyto¬</Unicode>
                </TextEquiv>
            </TextLine>
            <TextLine id="l_582" custom="readingOrder {index:21;}">
                <Coords points="1522,1683 2393,1668 2393,1630 2272,1611 1522,1616"/>
                <Baseline points="1528,1655 2395,1660"/>
                <TextEquiv>
                    <Unicode>ſti ani s geden den : nebo vmieru dawa¬</Unicode>
                </TextEquiv>
            </TextLine>
            <TextLine id="l_589" custom="readingOrder {index:22;}">
                <Coords points="1518,1738 2399,1744 2387,1669 1517,1681"/>
                <Baseline points="1524,1722 2400,1724"/>
                <TextEquiv>
                    <Unicode>na bieſſe woda lidu na každy den : Teh¬</Unicode>
                </TextEquiv>
            </TextLine>
            <TextLine id="l_596" custom="readingOrder {index:23;}">
                <Coords points="1515,1803 2386,1802 2386,1747 2339,1733 1515,1743"/>
                <Baseline points="1521,1779 2388,1779"/>
                <TextEquiv>
                    <Unicode>dy ſebrawſſe ſe k Ozyaſſowi mladency</Unicode>
                </TextEquiv>
            </TextLine>
            <TextLine id="l_603" custom="readingOrder {index:24;}">
                <Coords points="1522,1861 2406,1858 2406,1803 2356,1795 1522,1808"/>
                <Baseline points="1528,1846 2409,1848"/>
                <TextEquiv>
                    <Unicode>y wſſiczkni mužie · y żeny y dieti male ·</Unicode>
                </TextEquiv>
            </TextLine>
            <TextLine id="l_610" custom="readingOrder {index:25;}">
                <Coords points="1527,1915 2391,1923 2369,1853 1527,1865"/>
                <Baseline points="1533,1906 2395,1906"/>
                <TextEquiv>
                    <Unicode>wſſiczkni ſpolu gedniem hlaſem rzekli</Unicode>
                </TextEquiv>
            </TextLine>
            <TextLine id="l_617" custom="readingOrder {index:26;}">
                <Coords points="1522,1985 2395,1985 2388,1921 1522,1915"/>
                <Baseline points="1528,1961 2398,1963"/>
                <TextEquiv>
                    <Unicode>ſu : Sudiž pan buoh mezy nami a tebu</Unicode>
                </TextEquiv>
            </TextLine>
            <TextLine id="l_624" custom="readingOrder {index:27;}">
                <Coords points="1508,2039 2397,2043 2397,1995 2319,1979 1508,1977"/>
                <Baseline points="1514,2030 2400,2030"/>
                <TextEquiv>
                    <Unicode>Nebo vcżinil ſy nad nami zle wieczy ne¬</Unicode>
                </TextEquiv>
            </TextLine>
            <TextLine id="l_631" custom="readingOrder {index:28;}">
                <Coords points="1505,2091 2155,2119 2391,2095 2391,2039 1505,2036"/>
                <Baseline points="1512,2089 2395,2085"/>
                <TextEquiv>
                    <Unicode>chtie mluwiti pokoynie s Aſyrſkymi ·</Unicode>
                </TextEquiv>
            </TextLine>
            <TextLine id="l_638" custom="readingOrder {index:29;}">
                <Coords points="1515,2155 2394,2179 2394,2115 2330,2100 1515,2112"/>
                <Baseline points="1521,2141 2397,2147"/>
                <TextEquiv>
                    <Unicode>A proto iako prodal nas buoh w rucze</Unicode>
                </TextEquiv>
            </TextLine>
            <TextLine id="l_647" custom="readingOrder {index:30;}">
                <Coords points="1509,2234 2330,2234 2393,2218 2394,2179 2038,2155 1510,2185"/>
                <Baseline points="1517,2209 2397,2202"/>
                <TextEquiv>
                    <Unicode>gich · a protož nenie kto by ſpomohl ·</Unicode>
                </TextEquiv>
            </TextLine>
            <TextLine id="l_656" custom="readingOrder {index:31;}">
                <Coords points="1510,2291 2396,2286 2396,2215 2323,2240 1510,2237"/>
                <Baseline points="1517,2274 2399,2272"/>
                <TextEquiv>
                    <Unicode>kdyz przed ocżima gich zhynem žiezni</Unicode>
                </TextEquiv>
            </TextLine>
            <TextLine id="l_665" custom="readingOrder {index:32;}">
                <Coords points="1515,2350 2399,2346 2399,2292 2325,2282 1515,2293"/>
                <Baseline points="1521,2331 2401,2331"/>
                <TextEquiv>
                    <Unicode>a w zadawu welikem Protož nynie ſwo¬</Unicode>
                </TextEquiv>
            </TextLine>
            <TextLine id="l_674" custom="readingOrder {index:33;}">
                <Coords points="1514,2407 2263,2424 2388,2412 2387,2352 1512,2350"/>
                <Baseline points="1519,2386 2390,2388"/>
                <TextEquiv>
                    <Unicode>layte wſſeczky kterziż gſu w Mieſtie a :</Unicode>
                </TextEquiv>
            </TextLine>
            <TextLine id="l_683" custom="readingOrder {index:34;}">
                <Coords points="1516,2469 2077,2495 2399,2472 2388,2406 2023,2434 1515,2407"/>
                <Baseline points="1521,2443 2401,2456"/>
                <TextEquiv>
                    <Unicode>bychom dobrowolnie wſſiczkni podda¬</Unicode>
                </TextEquiv>
            </TextLine>
            <TextLine id="l_692" custom="readingOrder {index:35;}">
                <Coords points="1511,2542 2386,2537 2387,2471 1512,2476"/>
                <Baseline points="1519,2517 2390,2506"/>
                <TextEquiv>
                    <Unicode>li ſe lidu Olofernowu · nebtie lepe nam</Unicode>
                </TextEquiv>
            </TextLine>
            <TextLine id="l_701" custom="readingOrder {index:36;}">
                <Coords points="1512,2593 2399,2588 2400,2540 2359,2526 2234,2556 1514,2545"/>
                <Baseline points="1519,2583 2401,2570"/>
                <TextEquiv>
                    <Unicode>abychom gſucze žiwi v wiezeni chwali¬</Unicode>
                </TextEquiv>
            </TextLine>
            <TextLine id="l_710" custom="readingOrder {index:37;}">
                <Coords points="1510,2650 2272,2669 2405,2649 2406,2618 2312,2591 1511,2596"/>
                <Baseline points="1517,2644 2406,2638"/>
                <TextEquiv>
                    <Unicode>li pana boha · nežli bychom zemrzeli · a</Unicode>
                </TextEquiv>
            </TextLine>
            <TextLine id="l_719" custom="readingOrder {index:38;}">
                <Coords points="1520,2711 2368,2726 2389,2654 1518,2664"/>
                <Baseline points="1526,2695 2393,2703"/>
                <TextEquiv>
                    <Unicode>byli w pohanieni wſſemu lidu · když</Unicode>
                </TextEquiv>
            </TextLine>
            <TextLine id="l_728" custom="readingOrder {index:39;}">
                <Coords points="1520,2790 2408,2789 2408,2732 2331,2707 2012,2739 1520,2717"/>
                <Baseline points="1526,2762 2410,2765"/>
                <TextEquiv>
                    <Unicode>bychom vzrzeli ano przed očima naſſy¬</Unicode>
                </TextEquiv>
            </TextLine>
            <TextLine id="l_737" custom="readingOrder {index:40;}">
                <Coords points="1520,2852 2399,2843 2399,2788 2308,2776 1520,2790"/>
                <Baseline points="1526,2835 2401,2826"/>
                <TextEquiv>
                    <Unicode>ma ženy naſſe y dieti mru · Przigima¬</Unicode>
                </TextEquiv>
            </TextLine>
            <TextLine id="l_746" custom="readingOrder {index:41;}">
                <Coords points="1516,2907 2390,2902 2391,2841 1517,2855"/>
                <Baseline points="1524,2889 2395,2885"/>
                <TextEquiv>
                    <Unicode>me dnes na ſwiedecztwie boha nebe y ze</Unicode>
                </TextEquiv>
            </TextLine>
            <TextLine id="l_755" custom="readingOrder {index:42;}">
                <Coords points="1522,2964 2394,2966 2380,2899 1945,2925 1522,2905"/>
                <Baseline points="1528,2955 2397,2951"/>
                <TextEquiv>
                    <Unicode>mie : a boha otczuow naſſich • kteryž</Unicode>
                </TextEquiv>
            </TextLine>
            <TextLine id="l_764" custom="readingOrder {index:43;}">
                <Coords points="1523,3037 2310,3042 2388,3031 2387,2964 1522,2975"/>
                <Baseline points="1528,3016 2399,3025"/>
                <TextEquiv>
                    <Unicode>mſti nad nami wedle hṙiechow naſſich</Unicode>
                </TextEquiv>
            </TextLine>
            <TextLine id="l_773" custom="readingOrder {index:44;}">
                <Coords points="1499,3093 2219,3104 2400,3075 2400,3034 2344,3025 2040,3057 1852,3020 1499,3045"/>
                <Baseline points="1506,3078 2401,3073"/>
                <TextEquiv>
                    <Unicode>abyſſte giž dali Mieſto w rucze woyſka¬</Unicode>
                </TextEquiv>
            </TextLine>
            <TextLine id="l_782" custom="readingOrder {index:45;}">
                <Coords points="1498,3146 1800,3144 1851,3174 2393,3152 2391,3088 2335,3082 2069,3115 1566,3084 1497,3107"/>
                <Baseline points="1504,3130 2395,3139"/>
                <TextEquiv>
                    <Unicode>olofernowa aṫ ge konec naṡ kratky ſkr¬</Unicode>
                </TextEquiv>
            </TextLine>
            <TextLine id="l_791" custom="readingOrder {index:46;}">
                <Coords points="1505,3241 1705,3215 1794,3243 1910,3217 2256,3238 2409,3214 2410,3173 1507,3147"/>
                <Baseline points="1513,3198 2055,3202 2414,3192"/>
                <TextEquiv>
                    <Unicode>ze mecż kteryž prodlewaſſe proto že wa¬</Unicode>
                </TextEquiv>
            </TextLine>
            <TextEquiv>
                <Unicode></Unicode>
            </TextEquiv>
        </TextRegion>
    </Page>
</PcGts>
