<?xml version="1.0" encoding="UTF-8" standalone="yes"?>
<PcGts xmlns="http://schema.primaresearch.org/PAGE/gts/pagecontent/2013-07-15" xmlns:xsi="http://www.w3.org/2001/XMLSchema-instance" xsi:schemaLocation="http://schema.primaresearch.org/PAGE/gts/pagecontent/2013-07-15 http://schema.primaresearch.org/PAGE/gts/pagecontent/2013-07-15/pagecontent.xsd">
    <Metadata>
        <Creator>prov=READ-COOP:name=PyLaia@TranskribusPlatform:version=2.20.0:model_id=244949:lm=provided:date=15_12_2024_14:00</Creator>
        <Created>2024-11-22T17:31:49.986+01:00</Created>
        <LastChange>2024-12-17T12:25:41.997+01:00</LastChange>
        <TranskribusMetadata docId="5363448" pageId="84624200" pageNr="218" tsid="213039630" status="GT" userId="100969" imgUrl="https://files.transkribus.eu/Get?id=ZGEEOLPORQHBPNGSFDFPFKSI&amp;fileType=view" xmlUrl="https://files.transkribus.eu/Get?id=VFLOQEGWSOLBVNHPWVSADOZO" imageId="69893662"/>
    </Metadata>
    <Page imageFilename="DTL_547662-0219.jpeg" imageWidth="2530" imageHeight="3955">
        <ReadingOrder>
            <OrderedGroup id="ro_1734605779646" caption="Regions reading order">
                <RegionRefIndexed index="0" regionRef="region_1734267176267_229"/>
                <RegionRefIndexed index="1" regionRef="region_1734267185183_232"/>
            </OrderedGroup>
        </ReadingOrder>
        <TextRegion type="paragraph" id="region_1734267176267_229" custom="readingOrder {index:0;} structure {type:paragraph;}">
            <Coords points="203,240 1114,240 1084,3297 173,3297"/>
            <TextLine id="region_1734267176267_229_tl_1" custom="readingOrder {index:0;}">
                <Coords points="223,336 1071,326 1084,247 1011,269 816,230 671,261 539,226 456,269 224,251"/>
                <Baseline points="229,328 235,325 280,322 325,319 370,316 414,313 459,310 504,310 549,310 593,310 638,310 683,310 728,313 773,313 817,310 862,310 907,310 952,310 996,310 1041,313 1086,310"/>
                <TextEquiv>
                    <Unicode>ky zmordowali · kterziż pak mohli vte¬</Unicode>
                </TextEquiv>
            </TextLine>
            <TextLine id="region_1734267176267_229_tl_2" custom="readingOrder {index:1;}">
                <Coords points="232,399 1085,382 1086,322 459,320 233,353"/>
                <Baseline points="238,388 283,382 328,382 373,379 417,376 462,376 507,376 552,373 596,373 641,373 686,373 731,376 776,376 820,373 865,373 910,373 955,376 999,376 1044,376 1089,376"/>
                <TextEquiv>
                    <Unicode>cy · weſſli ſu do Mieſt hrazenych przed</Unicode>
                </TextEquiv>
            </TextLine>
            <TextLine id="region_1734267176267_229_tl_3" custom="readingOrder {index:2;}">
                <Coords points="216,460 1079,452 1080,386 218,390"/>
                <Baseline points="223,450 229,450 274,447 319,444 364,441 408,441 453,438 498,438 543,435 588,435 632,435 677,435 722,438 767,435 811,435 856,438 901,438 946,438 990,438 1035,441 1080,441"/>
                <TextEquiv>
                    <Unicode>lidem Izrahelſkym · Nawratil ſe pak</Unicode>
                </TextEquiv>
            </TextLine>
            <TextLine id="region_1734267176267_229_tl_4" custom="readingOrder {index:3;}">
                <Coords points="222,528 792,506 1088,530 1080,451 223,466"/>
                <Baseline points="229,513 241,513 286,510 331,507 376,504 420,504 465,501 510,498 555,498 599,495 644,498 689,498 734,498 779,498 823,501 868,501 913,501 958,501 1002,501 1047,501 1092,504"/>
                <TextEquiv>
                    <Unicode>weſſkeren lid k Iozue do maceda kdeż</Unicode>
                </TextEquiv>
            </TextLine>
            <TextLine id="region_1734267176267_229_tl_5" custom="readingOrder {index:4;}">
                <Coords points="216,591 1086,573 1086,531 956,510 216,525"/>
                <Baseline points="223,576 238,573 283,573 328,570 373,567 417,567 462,564 507,564 552,561 596,561 641,561 686,561 731,561 776,561 820,561 865,561 910,564 955,564 999,564 1044,564 1089,561"/>
                <TextEquiv>
                    <Unicode>tehda byli ſtanowe zdrawi a w celem po¬</Unicode>
                </TextEquiv>
            </TextLine>
            <TextLine id="region_1734267176267_229_tl_6" custom="readingOrder {index:5;} abbrev {offset:29; length:4;expansion:ſynom;}">
                <Coords points="214,658 1080,628 1080,586 951,571 215,600"/>
                <Baseline points="220,635 232,638 277,635 322,632 367,629 411,629 456,626 501,626 546,623 591,623 635,623 680,623 725,623 770,623 814,623 859,623 904,626 949,623 993,626 1038,626 1083,620"/>
                <TextEquiv>
                    <Unicode>cżtu · a żadny neſmiel proti ſynō Izra¬</Unicode>
                </TextEquiv>
            </TextLine>
            <TextLine id="region_1734267176267_229_tl_7" custom="readingOrder {index:6;}">
                <Coords points="216,725 1085,704 1086,626 218,655"/>
                <Baseline points="223,704 238,701 283,698 328,695 373,695 417,692 462,692 507,689 552,689 596,686 641,683 686,683 731,686 776,686 820,686 865,686 910,686 955,692 999,689 1044,689 1089,686"/>
                <TextEquiv>
                    <Unicode>helſkym ani wrknuti · Tehdy pṙikazal</Unicode>
                </TextEquiv>
            </TextLine>
            <TextLine id="region_1734267176267_229_tl_8" custom="readingOrder {index:7;}">
                <Coords points="216,783 708,756 1084,776 1062,702 218,725"/>
                <Baseline points="223,758 235,758 280,758 325,755 370,755 414,755 459,755 504,749 549,749 593,749 638,749 683,749 728,749 773,752 817,752 862,752 907,752 952,752 996,752 1041,752 1086,752"/>
                <TextEquiv>
                    <Unicode>geſt Iozue: rzka · Odwalteż kamenie od</Unicode>
                </TextEquiv>
            </TextLine>
            <TextLine id="region_1734267176267_229_tl_9" custom="readingOrder {index:8;}">
                <Coords points="211,835 1080,827 1058,767 211,786"/>
                <Baseline points="217,820 232,823 277,820 322,817 367,817 411,817 456,817 501,814 546,814 591,811 635,808 680,811 725,811 770,811 814,811 859,811 904,814 949,814 993,814 1038,814 1083,811"/>
                <TextEquiv>
                    <Unicode>diery geſkynie · a wywedte ke mnie piet</Unicode>
                </TextEquiv>
            </TextLine>
            <TextLine id="region_1734267176267_229_tl_10" custom="readingOrder {index:9;}">
                <Coords points="207,906 1078,888 1078,835 1046,824 207,839"/>
                <Baseline points="214,886 229,886 274,886 319,883 364,880 408,877 453,880 498,880 543,871 588,874 632,874 677,874 722,874 767,874 811,874 856,874 901,871 946,871 990,877 1035,877 1080,871"/>
                <TextEquiv>
                    <Unicode>kraluow · kterziż w nij ſkryli ſe · Y vcżi¬</Unicode>
                </TextEquiv>
            </TextLine>
            <TextLine id="region_1734267176267_229_tl_11" custom="readingOrder {index:10;}">
                <Coords points="211,965 1079,949 1079,910 1001,889 211,908"/>
                <Baseline points="217,949 229,946 274,946 319,946 364,946 408,943 453,943 498,940 543,940 588,940 632,940 677,937 722,937 767,940 811,940 856,940 901,940 946,940 990,940 1035,940 1080,937"/>
                <TextEquiv>
                    <Unicode>nili ſu ſlužebniczy iakoż gim bylo rozka¬</Unicode>
                </TextEquiv>
            </TextLine>
            <TextLine id="region_1734267176267_229_tl_12" custom="readingOrder {index:11;}">
                <Coords points="207,1036 323,1010 378,1036 1081,1012 1081,965 965,952 207,965"/>
                <Baseline points="214,1005 232,1008 277,1008 322,1005 367,1005 411,1005 456,1005 501,1002 546,1002 591,1002 635,1002 680,1002 725,1002 770,1002 814,1002 859,1002 904,1002 949,1002 993,1002 1038,1002 1083,1002"/>
                <TextEquiv>
                    <Unicode>zano · a pṙiwedli ſu k niemu piet kralow</Unicode>
                </TextEquiv>
            </TextLine>
            <TextLine id="region_1734267176267_229_tl_13" custom="readingOrder {index:12;}">
                <Coords points="207,1091 1078,1075 1051,1014 207,1036"/>
                <Baseline points="214,1065 259,1068 304,1068 349,1071 394,1068 438,1065 483,1065 528,1065 573,1065 617,1065 662,1065 707,1065 752,1065 796,1065 841,1065 886,1065 931,1065 976,1065 1020,1065 1065,1065 1080,1065"/>
                <TextEquiv>
                    <Unicode>z geſkynie · krale Ieruzalemſkeho · kra¬</Unicode>
                </TextEquiv>
            </TextLine>
            <TextLine id="region_1734267176267_229_tl_14" custom="readingOrder {index:13;}">
                <Coords points="211,1160 548,1128 1074,1138 1061,1078 211,1090"/>
                <Baseline points="217,1131 226,1131 271,1131 316,1131 361,1131 405,1128 450,1131 495,1128 540,1128 585,1125 629,1128 674,1128 719,1128 764,1125 808,1128 853,1131 898,1131 943,1131 988,1128 1032,1128 1077,1128"/>
                <TextEquiv>
                    <Unicode>le Ebron · krale gerymot · krale lachys</Unicode>
                </TextEquiv>
            </TextLine>
            <TextLine id="region_1734267176267_229_tl_15" custom="readingOrder {index:14;}">
                <Coords points="206,1210 1081,1204 1066,1140 207,1162"/>
                <Baseline points="214,1196 232,1196 277,1196 322,1196 367,1193 411,1193 456,1190 501,1190 546,1187 591,1187 635,1187 680,1187 725,1187 770,1185 814,1187 859,1190 904,1190 949,1190 993,1190 1038,1187 1083,1193"/>
                <TextEquiv>
                    <Unicode>a krale Eglon · A když wywedeni byli</Unicode>
                </TextEquiv>
            </TextLine>
            <TextLine id="region_1734267176267_229_tl_16" custom="readingOrder {index:15;}">
                <Coords points="207,1269 1081,1278 1070,1204 207,1210"/>
                <Baseline points="214,1256 259,1259 304,1259 349,1256 394,1253 438,1253 483,1253 528,1253 573,1253 617,1253 662,1256 707,1253 752,1253 796,1253 841,1253 886,1253 931,1253 976,1256 1020,1256 1065,1256 1083,1256"/>
                <TextEquiv>
                    <Unicode>k niemu · ſwolal wſſeczky muże Izrahel¬</Unicode>
                </TextEquiv>
            </TextLine>
            <TextLine id="region_1734267176267_229_tl_17" custom="readingOrder {index:16;} abbrev {offset:14; length:8;expansion:knieżatom;}">
                <Coords points="223,1332 1071,1328 1053,1263 940,1287 843,1258 620,1286 223,1273"/>
                <Baseline points="229,1319 268,1319 313,1319 358,1319 402,1319 447,1316 492,1316 537,1316 582,1316 626,1316 671,1316 716,1313 761,1319 805,1316 850,1316 895,1316 940,1316 985,1316 1029,1316 1074,1316"/>
                <TextEquiv>
                    <Unicode>ſke · a rzekl knieżatō woyſka · kteṙiż ſ nim</Unicode>
                </TextEquiv>
            </TextLine>
            <TextLine id="region_1734267176267_229_tl_18" custom="readingOrder {index:17;}">
                <Coords points="207,1395 1093,1393 1070,1325 944,1351 820,1325 207,1339"/>
                <Baseline points="214,1379 259,1379 304,1379 349,1379 394,1379 438,1379 483,1379 528,1379 573,1382 617,1379 662,1379 707,1379 752,1382 796,1379 841,1379 886,1382 931,1382 976,1379 1020,1379 1065,1379 1079,1381"/>
                <TextEquiv>
                    <Unicode>byli · Gdiete · a ſſlapayte nohama waſſi¬</Unicode>
                </TextEquiv>
            </TextLine>
            <TextLine id="region_1734267176267_229_tl_19" custom="readingOrder {index:18;}">
                <Coords points="211,1458 1080,1459 1082,1400 995,1388 212,1397"/>
                <Baseline points="217,1441 244,1444 289,1444 334,1444 379,1444 423,1444 468,1444 513,1441 558,1444 602,1444 647,1444 692,1441 737,1441 782,1441 826,1441 871,1441 916,1441 961,1441 1005,1441 1075,1446"/>
                <TextEquiv>
                    <Unicode>ma · na hrdla tiech kralow · kteṙiżto kdyż</Unicode>
                </TextEquiv>
            </TextLine>
            <TextLine id="region_1734267176267_229_tl_20" custom="readingOrder {index:19;}">
                <Coords points="225,1529 1062,1529 1062,1465 1019,1455 225,1459"/>
                <Baseline points="232,1507 259,1507 304,1510 349,1507 394,1507 438,1507 483,1507 528,1507 573,1504 617,1507 662,1507 707,1507 752,1507 796,1507 841,1504 886,1504 931,1504 976,1504 1020,1507 1065,1504"/>
                <TextEquiv>
                    <Unicode>ſſli · a nohama ſſlapali na hrdla gich ·</Unicode>
                </TextEquiv>
            </TextLine>
            <TextLine id="region_1734267176267_229_tl_21" custom="readingOrder {index:20;}">
                <Coords points="214,1582 1074,1587 1074,1526 998,1516 214,1537"/>
                <Baseline points="220,1567 265,1570 310,1570 355,1570 399,1567 444,1567 489,1567 534,1570 579,1567 623,1567 668,1567 713,1567 758,1567 802,1567 847,1567 892,1570 937,1570 982,1570 1026,1570 1071,1570 1077,1567"/>
                <TextEquiv>
                    <Unicode>Opiet rzekl k nim Neboyte ſe ani ſe ſtra¬</Unicode>
                </TextEquiv>
            </TextLine>
            <TextLine id="region_1734267176267_229_tl_22" custom="readingOrder {index:21;}">
                <Coords points="214,1644 1083,1640 1083,1601 974,1576 938,1585 214,1590"/>
                <Baseline points="220,1635 235,1635 280,1632 325,1632 370,1629 414,1632 459,1632 504,1632 549,1632 593,1632 638,1632 683,1632 728,1632 773,1629 817,1632 862,1632 907,1632 952,1632 996,1632 1041,1632 1086,1629"/>
                <TextEquiv>
                    <Unicode>chugte · poſylṅte ſe · a budte zmużili · ne¬</Unicode>
                </TextEquiv>
            </TextLine>
            <TextLine id="region_1734267176267_229_tl_23" custom="readingOrder {index:22;}">
                <Coords points="207,1701 1081,1711 1048,1648 207,1657"/>
                <Baseline points="214,1695 259,1698 304,1698 349,1695 394,1695 438,1695 483,1695 528,1698 573,1695 617,1695 662,1695 707,1692 752,1692 796,1692 841,1695 886,1692 931,1695 976,1695 1020,1695 1065,1695 1083,1695"/>
                <TextEquiv>
                    <Unicode>bo takṫ vcżini pan buoh wſſem neprzate¬</Unicode>
                </TextEquiv>
            </TextLine>
            <TextLine id="region_1734267176267_229_tl_24" custom="readingOrder {index:23;} abbrev {offset:13; length:3;expansion:proti;}">
                <Coords points="207,1768 1075,1768 1058,1705 207,1716"/>
                <Baseline points="214,1758 226,1758 271,1758 316,1755 361,1755 405,1755 450,1758 495,1755 540,1758 585,1761 629,1758 674,1758 719,1758 764,1755 808,1755 853,1755 898,1758 943,1761 988,1761 1032,1758 1077,1755"/>
                <TextEquiv>
                    <Unicode>lom waſſim · ꝓti kterymż boyowati bu¬</Unicode>
                </TextEquiv>
            </TextLine>
            <TextLine id="region_1734267176267_229_tl_25" custom="readingOrder {index:24;} abbrev {offset:19; length:2;expansion:geſt;}">
                <Coords points="211,1830 360,1855 398,1828 1084,1830 1084,1768 211,1769"/>
                <Baseline points="217,1817 262,1817 307,1814 352,1814 396,1820 441,1817 486,1817 531,1817 576,1820 620,1817 665,1817 710,1817 755,1820 799,1820 844,1820 889,1820 934,1820 979,1820 1023,1820 1068,1820 1086,1820"/>
                <TextEquiv>
                    <Unicode>dete · Y zmordowal ḡt Iozue tiech piet</Unicode>
                </TextEquiv>
            </TextLine>
            <TextLine id="region_1734267176267_229_tl_26" custom="readingOrder {index:25;}">
                <Coords points="202,1896 720,1912 1070,1885 1033,1830 460,1830 378,1858 202,1835"/>
                <Baseline points="208,1883 220,1883 265,1880 310,1877 355,1877 399,1880 444,1880 489,1883 534,1883 579,1883 623,1883 668,1883 713,1883 758,1883 802,1883 847,1886 892,1886 937,1883 982,1883 1026,1883 1071,1877"/>
                <TextEquiv>
                    <Unicode>kralow · a powieſyl na pieti raſochach ·</Unicode>
                </TextEquiv>
            </TextLine>
            <TextLine id="region_1734267176267_229_tl_27" custom="readingOrder {index:26;}">
                <Coords points="198,1953 1074,1952 1064,1892 436,1916 318,1888 198,1922"/>
                <Baseline points="205,1943 250,1946 295,1943 340,1943 385,1943 429,1943 474,1946 519,1946 564,1946 608,1946 653,1946 698,1946 743,1946 788,1946 832,1943 877,1943 922,1946 967,1946 1011,1946 1056,1946 1077,1946"/>
                <TextEquiv>
                    <Unicode>a wiſali ſu aż dowecżera · a kdyż zapadlo</Unicode>
                </TextEquiv>
            </TextLine>
            <TextLine id="region_1734267176267_229_tl_28" custom="readingOrder {index:27;}">
                <Coords points="214,2023 1074,2023 1074,1961 1042,1951 214,1955"/>
                <Baseline points="220,2005 265,2008 310,2005 355,2005 399,2005 444,2005 489,2005 534,2005 579,2008 623,2008 668,2008 713,2008 758,2008 802,2008 847,2008 892,2002 937,2008 982,2008 1026,2008 1071,2008 1077,2008"/>
                <TextEquiv>
                    <Unicode>ſluncze · kazal towarziſſom · aby ge ſlożi¬</Unicode>
                </TextEquiv>
            </TextLine>
            <TextLine id="region_1734267176267_229_tl_29" custom="readingOrder {index:28;}">
                <Coords points="202,2089 1078,2084 1055,2017 977,2041 201,2025"/>
                <Baseline points="208,2068 253,2068 298,2065 343,2068 388,2068 432,2068 477,2071 522,2071 567,2071 611,2071 656,2068 701,2068 746,2068 791,2068 835,2068 880,2071 925,2071 970,2074 1014,2074 1059,2074 1080,2071"/>
                <TextEquiv>
                    <Unicode>li s ſſibenicz · ktereżto ſlożiwſſe · wmetali</Unicode>
                </TextEquiv>
            </TextLine>
            <TextLine id="region_1734267176267_229_tl_30" custom="readingOrder {index:29;}">
                <Coords points="207,2152 1070,2151 1061,2083 207,2086"/>
                <Baseline points="214,2131 259,2131 304,2131 349,2134 394,2131 438,2134 483,2131 528,2134 573,2134 617,2134 662,2134 707,2134 752,2134 796,2134 841,2134 886,2134 931,2134 976,2134 1020,2134 1065,2131 1071,2131"/>
                <TextEquiv>
                    <Unicode>ſu ge do geſkynie w ktereżto byli ſe ſkry¬</Unicode>
                </TextEquiv>
            </TextLine>
            <TextLine id="region_1734267176267_229_tl_31" custom="readingOrder {index:30;}">
                <Coords points="205,2200 359,2226 1071,2217 1071,2158 1030,2151 205,2155"/>
                <Baseline points="211,2193 256,2193 301,2193 346,2193 391,2193 435,2193 480,2196 525,2196 570,2196 614,2199 659,2196 704,2199 749,2199 793,2199 838,2199 883,2199 928,2199 973,2196 1017,2196 1062,2199 1074,2196"/>
                <TextEquiv>
                    <Unicode>li a wlożili ſu na dieru gegie kamenie we¬</Unicode>
                </TextEquiv>
            </TextLine>
            <TextLine id="region_1734267176267_229_tl_32" custom="readingOrder {index:31;}">
                <Coords points="202,2268 1078,2271 1078,2223 1001,2210 681,2232 583,2202 202,2208"/>
                <Baseline points="208,2253 253,2253 298,2256 343,2256 388,2259 432,2259 477,2259 522,2259 567,2259 611,2259 656,2262 701,2265 746,2265 791,2262 835,2262 880,2262 925,2259 970,2259 1014,2262 1059,2259 1080,2262"/>
                <TextEquiv>
                    <Unicode>like · ktereż ſu tu aż y po dnes · tehoż dne</Unicode>
                </TextEquiv>
            </TextLine>
            <TextLine id="region_1734267176267_229_tl_33" custom="readingOrder {index:32;} abbrev {offset:6; length:2;expansion:geſt;}">
                <Coords points="202,2331 1078,2343 1064,2267 660,2291 202,2267"/>
                <Baseline points="208,2316 253,2319 298,2319 343,2316 388,2319 432,2316 477,2319 522,2322 567,2322 611,2325 656,2328 701,2325 746,2325 791,2325 835,2325 880,2325 925,2322 970,2322 1014,2322 1059,2322 1080,2325"/>
                <TextEquiv>
                    <Unicode>dobyl ḡt Iozue maczedy a zmordowal</Unicode>
                </TextEquiv>
            </TextLine>
            <TextLine id="region_1734267176267_229_tl_34" custom="readingOrder {index:33;} abbrev {offset:2; length:3;expansion:niem;}">
                <Coords points="205,2396 1069,2404 1069,2339 205,2333"/>
                <Baseline points="211,2378 256,2378 301,2381 346,2384 391,2381 435,2384 480,2381 525,2381 570,2384 614,2387 659,2384 704,2387 749,2387 793,2384 838,2384 883,2384 928,2381 973,2384 1017,2384 1062,2381 1071,2381"/>
                <TextEquiv>
                    <Unicode>w niē mecżem wſſeczko · krale · y obywa¬</Unicode>
                </TextEquiv>
            </TextLine>
            <TextLine id="region_1734267176267_229_tl_35" custom="readingOrder {index:34;}">
                <Coords points="202,2449 1070,2468 1070,2403 202,2401"/>
                <Baseline points="208,2441 253,2441 298,2441 343,2444 388,2444 432,2447 477,2447 522,2447 567,2447 611,2447 656,2450 701,2450 746,2450 791,2450 835,2450 880,2450 925,2447 970,2450 1014,2447 1059,2447 1071,2447"/>
                <TextEquiv>
                    <Unicode>tele geho · nenechal w niem ani naymen¬</Unicode>
                </TextEquiv>
            </TextLine>
            <TextLine id="region_1734267176267_229_tl_36" custom="readingOrder {index:35;}">
                <Coords points="205,2527 1052,2531 1065,2475 204,2450"/>
                <Baseline points="211,2510 217,2507 262,2507 307,2507 352,2504 396,2507 441,2507 486,2507 531,2507 576,2507 620,2510 665,2513 710,2513 755,2510 799,2510 844,2513 889,2513 934,2510 979,2510 1023,2510 1068,2507"/>
                <TextEquiv>
                    <Unicode>ſſijch oſtatkow · Y vcżinil geſt krali ma¬</Unicode>
                </TextEquiv>
            </TextLine>
            <TextLine id="region_1734267176267_229_tl_37" custom="readingOrder {index:36;}">
                <Coords points="205,2583 1060,2595 1060,2532 1011,2521 205,2527"/>
                <Baseline points="211,2570 256,2567 301,2567 346,2570 391,2570 435,2570 480,2570 525,2572 570,2572 614,2572 659,2572 704,2575 749,2575 793,2575 838,2575 883,2575 928,2570 973,2570 1017,2570 1062,2567"/>
                <TextEquiv>
                    <Unicode>czeda · iako byl vcżinil krali ierycho · Od¬</Unicode>
                </TextEquiv>
            </TextLine>
            <TextLine id="region_1734267176267_229_tl_38" custom="readingOrder {index:37;}">
                <Coords points="202,2635 613,2666 1062,2645 1062,2593 968,2578 638,2608 202,2584"/>
                <Baseline points="208,2626 253,2629 298,2629 343,2632 388,2632 432,2632 477,2635 522,2635 567,2635 611,2635 656,2638 701,2638 746,2638 791,2638 835,2638 880,2635 925,2635 970,2635 1014,2635 1059,2635 1065,2635"/>
                <TextEquiv>
                    <Unicode>tud z maczeda tahl geſt Iozue ſe wſſijm</Unicode>
                </TextEquiv>
            </TextLine>
            <TextLine id="region_1734267176267_229_tl_39" custom="readingOrder {index:38;}">
                <Coords points="202,2703 543,2729 1065,2708 1054,2646 580,2670 201,2636"/>
                <Baseline points="208,2692 253,2692 298,2692 343,2692 388,2695 432,2695 477,2698 522,2701 567,2701 611,2701 656,2701 701,2701 746,2701 791,2698 835,2701 880,2701 925,2698 970,2695 1014,2698 1059,2698 1068,2698"/>
                <TextEquiv>
                    <Unicode>lidem Izrahelſkym k lebna · a dobywal</Unicode>
                </TextEquiv>
            </TextLine>
            <TextLine id="region_1734267176267_229_tl_40" custom="readingOrder {index:39;} abbrev {offset:29; length:3;expansion:geho;} textStyle {offset:31; length:1;superscript:true;}">
                <Coords points="202,2773 1056,2774 1055,2708 654,2730 201,2704"/>
                <Baseline points="208,2755 253,2755 298,2758 343,2755 388,2755 432,2758 477,2761 522,2761 567,2764 611,2764 656,2761 701,2764 746,2764 791,2764 835,2764 880,2761 925,2761 970,2761 1014,2761 1059,2761"/>
                <TextEquiv>
                    <Unicode>ho · ktereż dal Buoh w rucze geo y krale¬</Unicode>
                </TextEquiv>
            </TextLine>
            <TextLine id="region_1734267176267_229_tl_41" custom="readingOrder {index:40;}">
                <Coords points="202,2849 322,2821 363,2845 1062,2846 1061,2784 1017,2768 965,2792 878,2763 755,2792 201,2774"/>
                <Baseline points="208,2811 250,2817 295,2817 340,2817 385,2820 429,2820 474,2823 519,2823 564,2826 608,2826 653,2826 698,2826 743,2826 788,2826 832,2826 877,2826 922,2826 967,2826 1011,2823 1056,2817 1065,2817"/>
                <TextEquiv>
                    <Unicode>geho · y zmordowali ſu wſſeczkny oby¬</Unicode>
                </TextEquiv>
            </TextLine>
            <TextLine id="region_1734267176267_229_tl_42" custom="readingOrder {index:41;} abbrev {offset:7; length:5;expansion:mecżem;} abbrev {offset:32; length:3;expansion:niem;}">
                <Coords points="205,2889 1065,2895 1064,2848 995,2835 205,2848"/>
                <Baseline points="211,2880 256,2883 301,2883 346,2880 391,2880 435,2883 480,2886 525,2889 570,2889 614,2889 659,2889 704,2889 749,2889 793,2889 838,2889 883,2889 928,2889 973,2889 1017,2889 1062,2889 1068,2889"/>
                <TextEquiv>
                    <Unicode>watele mecżē · a nezuoſtawili w niē nicże¬</Unicode>
                </TextEquiv>
            </TextLine>
            <TextLine id="region_1734267176267_229_tl_43" custom="readingOrder {index:42;}">
                <Coords points="203,2969 1071,2966 1047,2898 343,2911 202,2886"/>
                <Baseline points="208,2943 253,2943 298,2940 343,2940 388,2943 432,2946 477,2949 522,2952 567,2952 611,2952 656,2952 701,2952 746,2952 791,2952 835,2952 880,2952 925,2952 970,2949 1014,2949 1059,2952 1071,2952"/>
                <TextEquiv>
                    <Unicode>hehoż · y vcżinili ſu krali lebna · iako vcżi¬</Unicode>
                </TextEquiv>
            </TextLine>
            <TextLine id="region_1734267176267_229_tl_44" custom="readingOrder {index:43;}">
                <Coords points="202,3018 1061,3032 1060,2966 996,2957 599,2986 387,2950 202,2969"/>
                <Baseline points="208,3002 253,3008 298,3008 343,3005 388,3005 432,3005 477,3011 522,3011 567,3011 611,3011 656,3011 701,3014 746,3014 791,3017 835,3014 880,3014 925,3014 970,3014 1014,3014 1059,3014 1062,3014"/>
                <TextEquiv>
                    <Unicode>nili krali Ierycho · Z lebna pak tahl k</Unicode>
                </TextEquiv>
            </TextLine>
            <TextLine id="region_1734267176267_229_tl_45" custom="readingOrder {index:44;}">
                <Coords points="205,3076 925,3100 1060,3088 1060,3032 204,3017"/>
                <Baseline points="211,3068 256,3068 301,3068 346,3068 391,3071 435,3071 480,3074 525,3077 570,3077 614,3074 659,3077 704,3077 749,3077 793,3077 838,3077 883,3077 928,3077 973,3077 1017,3074 1062,3074"/>
                <TextEquiv>
                    <Unicode>lachys ſe wſſijm lidem Izrahelſkym · a</Unicode>
                </TextEquiv>
            </TextLine>
            <TextLine id="region_1734267176267_229_tl_46" custom="readingOrder {index:45;} abbrev {offset:34; length:2;expansion:geſt;}">
                <Coords points="202,3143 595,3168 799,3137 992,3165 1053,3156 1052,3089 201,3085"/>
                <Baseline points="208,3128 253,3128 298,3128 343,3131 388,3134 432,3137 477,3137 522,3140 567,3137 611,3137 656,3140 701,3140 746,3140 791,3137 835,3137 880,3137 925,3140 970,3137 1014,3140 1056,3137"/>
                <TextEquiv>
                    <Unicode>woblehſſe ge dobywali ſu ·· Y dal ḡt</Unicode>
                </TextEquiv>
            </TextLine>
            <TextLine id="region_1734267176267_229_tl_47" custom="readingOrder {index:46;}">
                <Coords points="202,3209 1038,3230 1047,3173 955,3146 841,3169 801,3140 593,3171 201,3143"/>
                <Baseline points="208,3193 253,3193 298,3196 343,3196 388,3193 432,3199 477,3202 522,3199 567,3202 611,3202 656,3202 701,3202 746,3202 791,3202 835,3202 880,3202 925,3199 970,3205 1014,3202 1050,3199"/>
                <TextEquiv>
                    <Unicode>pan buoh lachys w rucze ſynow Izra¬</Unicode>
                </TextEquiv>
            </TextLine>
            <TextLine id="region_1734267176267_229_tl_48" custom="readingOrder {index:47;}">
                <Coords points="202,3283 1012,3300 1056,3290 1056,3231 201,3209"/>
                <Baseline points="208,3256 253,3259 298,3259 343,3262 388,3262 432,3262 477,3265 522,3268 567,3268 611,3265 656,3268 701,3268 746,3268 791,3271 835,3268 880,3268 925,3271 970,3268 1014,3265 1059,3265"/>
                <TextEquiv>
                    <Unicode>helſkych · y dobyl geho druhy den · a</Unicode>
                </TextEquiv>
            </TextLine>
            <TextEquiv>
                <Unicode>ky zmordowali · kterziż pak mohli vte¬
cy · weſſli ſu do Mieſt hrazenych przed
lidem Izrahelſkym · Nawratil ſe pak
weſſkeren lid k Iozue do maceda kdeż
tehda byli ſtanowe zdrawi a w celem po¬
cżtu · a żadny neſmiel proti ſynō Izra¬
helſkym ani wrknuti · Tehdy pṙikazal
geſt Iozue: rzka · Odwalteż kamenie od
diery geſkynie · a wywedte ke mnie piet
kraluow · kterziż w nij ſkryli ſe · Y vcżi¬
nili ſu ſlužebniczy iakoż gim bylo rozka¬
zano · a pṙiwedli ſu k niemu piet kralow
z geſkynie · krale Ieruzalemſkeho · kra¬
le Ebron · krale gerymot · krale lachys
a krale Eglon · A když wywedeni byli
k niemu · ſwolal wſſeczky muże Izrahel¬
ſke · a rzekl knieżatō woyſka · kteṙiż ſ nim
byli · Gdiete · a ſſlapayte nohama waſſi¬
ma · na hrdla tiech kralow · kteṙiżto kdyż
ſſli · a nohama ſſlapali na hrdla gich ·
Opiet rzekl k nim Neboyte ſe ani ſe ſtra¬
chugte · poſylṅte ſe · a budte zmużili · ne¬
bo takṫ vcżini pan buoh wſſem neprzate¬
lom waſſim · ꝓti kterymż boyowati bu¬
dete · Y zmordowal ḡt Iozue tiech piet
kralow · a powieſyl na pieti raſochach ·
a wiſali ſu aż dowecżera · a kdyż zapadlo
ſluncze · kazal towarziſſom · aby ge ſlożi¬
li s ſſibenicz · ktereżto ſlożiwſſe · wmetali
ſu ge do geſkynie w ktereżto byli ſe ſkry¬
li a wlożili ſu na dieru gegie kamenie we¬
like · ktereż ſu tu aż y po dnes · tehoż dne
dobyl ḡt Iozue maczedy a zmordowal
w niē mecżem wſſeczko · krale · y obywa¬
tele geho · nenechal w niem ani naymen¬
ſſijch oſtatkow · Y vcżinil geſt krali ma¬
czeda · iako byl vcżinil krali ierycho · Od¬
tud z maczeda tahl geſt Iozue ſe wſſijm
lidem Izrahelſkym k lebna · a dobywal
ho · ktereż dal Buoh w rucze geo y krale¬
geho · y zmordowali ſu wſſeczkny oby¬
watele mecżē · a nezuoſtawili w niē nicże¬
hehoż · y vcżinili ſu krali lebna · iako vcżi¬
nili krali Ierycho · Z lebna pak tahl k
lachys ſe wſſijm lidem Izrahelſkym · a
woblehſſe ge dobywali ſu ·· Y dal ḡt
pan buoh lachys w rucze ſynow Izra¬
helſkych · y dobyl geho druhy den · a</Unicode>
            </TextEquiv>
        </TextRegion>
        <TextRegion type="paragraph" id="region_1734267185183_232" custom="readingOrder {index:1;} structure {type:paragraph;}">
            <Coords points="1129,3298 2064,3298 2102,240 1167,240"/>
            <TextLine id="region_1734267185183_232_tl_1" custom="readingOrder {index:0;}">
                <Coords points="1184,334 2072,368 2082,280 1607,243 1436,274 1182,259"/>
                <Baseline points="1190,310 1235,316 1280,319 1325,319 1370,322 1414,322 1459,322 1504,322 1549,325 1593,325 1638,325 1683,325 1728,328 1773,331 1817,331 1862,331 1907,334 1952,334 1996,337 2041,340 2086,337"/>
                <TextEquiv>
                    <Unicode>zmordowal mecżem wſſeliky żiwocżich</Unicode>
                </TextEquiv>
            </TextLine>
            <TextLine id="region_1734267185183_232_tl_2" custom="readingOrder {index:1;}">
                <Coords points="1196,392 2072,420 2070,363 1967,343 1893,367 1798,337 1195,333"/>
                <Baseline points="1202,370 1247,379 1292,379 1337,382 1382,382 1426,385 1471,388 1516,388 1561,388 1605,391 1650,391 1695,394 1740,394 1784,396 1829,396 1874,399 1919,399 1964,399 2008,402 2053,402 2074,402"/>
                <TextEquiv>
                    <Unicode>Iakoż byl vcżinil Mieſtu lebna Toho</Unicode>
                </TextEquiv>
            </TextLine>
            <TextLine id="region_1734267185183_232_tl_3" custom="readingOrder {index:2;}">
                <Coords points="1184,461 2075,482 2074,424 2019,411 1983,435 1542,388 1183,397"/>
                <Baseline points="1190,441 1235,444 1280,444 1325,444 1370,447 1414,450 1459,450 1504,450 1549,450 1593,453 1638,456 1683,456 1728,456 1773,459 1817,456 1862,459 1907,459 1952,459 1996,462 2041,462 2077,465"/>
                <TextEquiv>
                    <Unicode>cżaſu · przitahl Y ram · kral gazer · aby</Unicode>
                </TextEquiv>
            </TextLine>
            <TextLine id="region_1734267185183_232_tl_4" custom="readingOrder {index:3;}">
                <Coords points="1182,519 2079,547 2077,481 1180,459"/>
                <Baseline points="1187,504 1232,507 1277,507 1322,510 1367,510 1411,513 1456,513 1501,513 1546,516 1590,516 1635,519 1680,519 1725,522 1770,522 1814,522 1859,522 1904,522 1949,522 1993,525 2038,528 2080,528"/>
                <TextEquiv>
                    <Unicode>retowal lachys · kterehoż porazyl Iozue</Unicode>
                </TextEquiv>
            </TextLine>
            <TextLine id="region_1734267185183_232_tl_5" custom="readingOrder {index:4;}">
                <Coords points="1187,592 2068,620 2065,542 2032,536 1764,554 1185,518"/>
                <Baseline points="1193,564 1238,567 1283,570 1328,573 1373,576 1417,576 1462,579 1507,579 1552,579 1596,582 1641,582 1686,582 1731,582 1776,585 1820,585 1865,588 1910,588 1955,588 1999,591 2044,593 2068,591"/>
                <TextEquiv>
                    <Unicode>ſe wſſijm lidem geho aż do zhynuti: A</Unicode>
                </TextEquiv>
            </TextLine>
            <TextLine id="region_1734267185183_232_tl_6" custom="readingOrder {index:5;}">
                <Coords points="1178,634 1820,678 2050,674 2064,619 1177,590"/>
                <Baseline points="1185,629 1229,632 1274,632 1319,632 1364,635 1408,638 1453,641 1498,644 1543,641 1587,644 1632,641 1677,644 1722,647 1767,647 1811,647 1856,647 1901,650 1946,650 1990,653 2035,653 2068,650"/>
                <TextEquiv>
                    <Unicode>odtud z lachis tahl geſt do Eglon · a wo¬</Unicode>
                </TextEquiv>
            </TextLine>
            <TextLine id="region_1734267185183_232_tl_7" custom="readingOrder {index:6;}">
                <Coords points="1176,706 2069,725 2060,664 1359,667 1175,632"/>
                <Baseline points="1182,692 1226,695 1271,695 1316,698 1361,698 1405,701 1450,704 1495,704 1540,707 1584,707 1629,707 1674,707 1719,707 1764,710 1808,710 1853,713 1898,713 1943,713 1987,713 2032,716 2071,716"/>
                <TextEquiv>
                    <Unicode>behnaw Mieſto dobyl ho a zmordowal</Unicode>
                </TextEquiv>
            </TextLine>
            <TextLine id="region_1734267185183_232_tl_8" custom="readingOrder {index:7;}">
                <Coords points="1181,780 2066,792 2065,745 2014,720 1180,721"/>
                <Baseline points="1187,752 1232,755 1277,758 1322,758 1367,761 1411,764 1456,767 1501,770 1546,770 1590,770 1635,770 1680,770 1725,770 1770,770 1814,773 1859,773 1904,776 1949,776 1993,779 2038,779 2068,779"/>
                <TextEquiv>
                    <Unicode>w ten den wſſeczkny lidi · y howada · kte¬</Unicode>
                </TextEquiv>
            </TextLine>
            <TextLine id="region_1734267185183_232_tl_9" custom="readingOrder {index:8;} abbrev {offset:11; length:3;expansion:niem;}">
                <Coords points="1173,827 2036,867 2059,794 1172,786"/>
                <Baseline points="1179,814 1223,820 1268,820 1313,823 1358,826 1402,826 1447,829 1492,829 1537,832 1582,832 1626,832 1671,832 1716,832 1761,832 1805,832 1850,835 1895,835 1940,838 1984,841 2029,841 2062,841"/>
                <TextEquiv>
                    <Unicode>raż byla w niē · wedle toho wſſeho iakoż</Unicode>
                </TextEquiv>
            </TextLine>
            <TextLine id="region_1734267185183_232_tl_10" custom="readingOrder {index:9;}">
                <Coords points="1176,896 1853,928 1959,903 2054,937 2059,854 1175,834"/>
                <Baseline points="1182,880 1226,883 1271,883 1316,886 1361,886 1405,889 1450,892 1495,892 1540,895 1584,898 1629,898 1674,898 1719,898 1764,898 1808,901 1853,898 1898,901 1943,901 1987,901 2032,904 2062,901"/>
                <TextEquiv>
                    <Unicode>vcżinil lachys · A odtud z Eglon tahl</Unicode>
                </TextEquiv>
            </TextLine>
            <TextLine id="region_1734267185183_232_tl_11" custom="readingOrder {index:10;} abbrev {offset:0; length:2;expansion:geſt;}">
                <Coords points="1178,965 2060,982 2059,935 1954,903 1852,930 1177,895"/>
                <Baseline points="1185,949 1229,946 1274,946 1319,949 1364,946 1408,952 1453,955 1498,958 1543,958 1587,958 1632,958 1677,961 1722,961 1767,958 1811,958 1856,961 1901,964 1946,964 1990,964 2035,964 2062,961"/>
                <TextEquiv>
                    <Unicode>ḡt ſe wſſijm lidem Izrahelſkym do E¬</Unicode>
                </TextEquiv>
            </TextLine>
            <TextLine id="region_1734267185183_232_tl_12" custom="readingOrder {index:11;}">
                <Coords points="1180,1024 2043,1047 2052,995 1177,963"/>
                <Baseline points="1185,1011 1229,1011 1274,1008 1319,1011 1364,1011 1408,1014 1453,1017 1498,1017 1543,1020 1587,1017 1632,1017 1677,1020 1722,1023 1767,1023 1811,1023 1856,1020 1901,1023 1946,1023 1990,1026 2035,1026 2056,1026"/>
                <TextEquiv>
                    <Unicode>bron · a dobyl geho · a zmordowal me¬</Unicode>
                </TextEquiv>
            </TextLine>
            <TextLine id="region_1734267185183_232_tl_13" custom="readingOrder {index:12;}">
                <Coords points="1176,1085 2054,1109 2053,1043 1175,1018"/>
                <Baseline points="1182,1071 1226,1071 1271,1071 1316,1074 1361,1074 1405,1077 1450,1077 1495,1080 1540,1083 1584,1080 1629,1080 1674,1083 1719,1083 1764,1086 1808,1086 1853,1086 1898,1086 1943,1086 1987,1089 2032,1086 2056,1083"/>
                <TextEquiv>
                    <Unicode>cżem wſſeczky lidi · y howada w niem ·</Unicode>
                </TextEquiv>
            </TextLine>
            <TextLine id="region_1734267185183_232_tl_14" custom="readingOrder {index:13;}">
                <Coords points="1169,1141 1982,1160 2032,1186 2055,1108 1168,1085"/>
                <Baseline points="1176,1134 1220,1134 1265,1137 1310,1137 1355,1137 1399,1140 1444,1143 1489,1146 1534,1146 1579,1146 1623,1146 1668,1143 1713,1143 1758,1146 1802,1149 1847,1149 1892,1149 1937,1149 1981,1149 2026,1149 2059,1149"/>
                <TextEquiv>
                    <Unicode>nezoſtawil w niem żadnych oſtatkow y</Unicode>
                </TextEquiv>
            </TextLine>
            <TextLine id="region_1734267185183_232_tl_15" custom="readingOrder {index:14;}">
                <Coords points="1176,1203 1944,1243 2057,1228 2056,1175 1175,1158"/>
                <Baseline points="1182,1193 1226,1196 1271,1199 1316,1199 1361,1202 1405,1202 1450,1205 1495,1208 1540,1208 1584,1208 1629,1208 1674,1208 1719,1208 1764,1211 1808,1208 1853,1211 1898,1211 1943,1214 1987,1211 2032,1217 2059,1214"/>
                <TextEquiv>
                    <Unicode>we wſſech mieſtecżkach · kraginy te kra¬</Unicode>
                </TextEquiv>
            </TextLine>
            <TextLine id="region_1734267185183_232_tl_16" custom="readingOrder {index:15;}">
                <Coords points="1176,1267 2062,1301 2053,1228 1175,1211"/>
                <Baseline points="1182,1256 1226,1259 1271,1262 1316,1262 1361,1262 1405,1265 1450,1268 1495,1271 1540,1271 1584,1271 1629,1271 1674,1271 1719,1271 1764,1271 1808,1271 1853,1274 1898,1274 1943,1274 1987,1277 2032,1280 2062,1277"/>
                <TextEquiv>
                    <Unicode>le take gich zamordowal · yakož vcżinil</Unicode>
                </TextEquiv>
            </TextLine>
            <TextLine id="region_1734267185183_232_tl_17" custom="readingOrder {index:16;}">
                <Coords points="1169,1340 2057,1368 2056,1304 1929,1279 1827,1307 1168,1271"/>
                <Baseline points="1176,1322 1220,1325 1265,1325 1310,1325 1355,1328 1399,1328 1444,1328 1489,1334 1534,1334 1579,1334 1623,1334 1668,1337 1713,1337 1758,1337 1802,1334 1847,1334 1892,1334 1937,1337 1981,1340 2026,1340 2059,1337"/>
                <TextEquiv>
                    <Unicode>Mieſtu Eglon · tak y Ebron · wſſeckno¬</Unicode>
                </TextEquiv>
            </TextLine>
            <TextLine id="region_1734267185183_232_tl_18" custom="readingOrder {index:17;}">
                <Coords points="1167,1405 1745,1404 1787,1430 1959,1402 2053,1428 2052,1367 2006,1346 1166,1340"/>
                <Baseline points="1173,1387 1217,1387 1262,1387 1307,1387 1352,1387 1396,1393 1441,1393 1486,1396 1531,1393 1576,1393 1620,1396 1665,1396 1710,1399 1755,1399 1799,1396 1844,1399 1889,1399 1934,1396 1978,1399 2023,1399 2056,1396"/>
                <TextEquiv>
                    <Unicode>czoż w niem nalezl · mecżem zhubil · Od¬</Unicode>
                </TextEquiv>
            </TextLine>
            <TextLine id="region_1734267185183_232_tl_19" custom="readingOrder {index:18;}">
                <Coords points="1173,1462 2050,1473 2049,1426 1961,1413 1173,1406"/>
                <Baseline points="1179,1450 1223,1450 1268,1450 1313,1450 1358,1453 1402,1453 1447,1456 1492,1459 1537,1456 1582,1459 1626,1459 1671,1459 1716,1459 1761,1459 1805,1459 1850,1462 1895,1462 1940,1465 1984,1462 2029,1465 2053,1462"/>
                <TextEquiv>
                    <Unicode>tud nawratiw ſe do dabir · dobyl ho a</Unicode>
                </TextEquiv>
            </TextLine>
            <TextLine id="region_1734267185183_232_tl_20" custom="readingOrder {index:19;}">
                <Coords points="1173,1532 2005,1554 2044,1526 2020,1473 1828,1498 1790,1468 1617,1489 1173,1462"/>
                <Baseline points="1179,1504 1223,1513 1268,1513 1313,1516 1358,1516 1402,1516 1447,1516 1492,1519 1537,1519 1582,1519 1626,1522 1671,1522 1716,1522 1761,1525 1805,1522 1850,1522 1895,1525 1940,1522 1984,1522 2029,1516 2047,1516"/>
                <TextEquiv>
                    <Unicode>zkazyl · a zamordowal krale geho · Y</Unicode>
                </TextEquiv>
            </TextLine>
            <TextLine id="region_1734267185183_232_tl_21" custom="readingOrder {index:20;}">
                <Coords points="1169,1592 1955,1613 2049,1599 2049,1548 1168,1527"/>
                <Baseline points="1176,1573 1220,1576 1265,1576 1310,1576 1355,1579 1399,1576 1444,1582 1489,1579 1534,1582 1579,1584 1623,1584 1668,1584 1713,1587 1758,1584 1802,1587 1847,1587 1892,1590 1937,1590 1981,1587 2026,1590 2050,1590"/>
                <TextEquiv>
                    <Unicode>wſſeczkny lidi w mieſtecżkach geho w o¬</Unicode>
                </TextEquiv>
            </TextLine>
            <TextLine id="region_1734267185183_232_tl_22" custom="readingOrder {index:21;}">
                <Coords points="1169,1654 2051,1680 2050,1600 1168,1592"/>
                <Baseline points="1176,1638 1220,1638 1265,1641 1310,1641 1355,1641 1399,1641 1444,1644 1489,1644 1534,1644 1579,1644 1623,1644 1668,1647 1713,1644 1758,1644 1802,1647 1847,1650 1892,1650 1937,1650 1981,1650 2026,1653 2053,1647"/>
                <TextEquiv>
                    <Unicode>koli mecżem zmordowal · nezuoſtawil</Unicode>
                </TextEquiv>
            </TextLine>
            <TextLine id="region_1734267185183_232_tl_23" custom="readingOrder {index:22;} abbrev {offset:2; length:3;expansion:niem;}">
                <Coords points="1169,1718 2044,1714 2010,1667 1883,1653 1818,1676 1168,1654"/>
                <Baseline points="1176,1698 1220,1701 1265,1701 1310,1704 1355,1701 1399,1704 1444,1704 1489,1704 1534,1704 1579,1707 1623,1710 1668,1707 1713,1710 1758,1710 1802,1710 1847,1710 1892,1713 1937,1713 1981,1713 2026,1710 2047,1710"/>
                <TextEquiv>
                    <Unicode>w niē nicżehehoż · yakoż vcżinil Ebron ·</Unicode>
                </TextEquiv>
            </TextLine>
            <TextLine id="region_1734267185183_232_tl_24" custom="readingOrder {index:23;}">
                <Coords points="1167,1779 2050,1787 2049,1741 1963,1722 1166,1716"/>
                <Baseline points="1173,1764 1217,1764 1262,1764 1307,1764 1352,1764 1396,1764 1441,1767 1486,1770 1531,1770 1576,1770 1620,1770 1665,1770 1710,1773 1755,1773 1799,1773 1844,1776 1889,1776 1934,1776 1978,1779 2023,1776 2053,1776"/>
                <TextEquiv>
                    <Unicode>a lebna · y kralom gich · tak vcżinil Mie¬</Unicode>
                </TextEquiv>
            </TextLine>
            <TextLine id="region_1734267185183_232_tl_25" custom="readingOrder {index:24;}">
                <Coords points="1182,1850 2044,1847 2035,1791 1181,1769"/>
                <Baseline points="1187,1826 1232,1826 1277,1826 1322,1826 1367,1826 1411,1829 1456,1829 1501,1832 1546,1829 1590,1829 1635,1835 1680,1832 1725,1835 1770,1835 1814,1838 1859,1835 1904,1835 1949,1835 1993,1835 2038,1835 2047,1838"/>
                <TextEquiv>
                    <Unicode>ſtu dabir · y krali geho · A tak zdoby¬</Unicode>
                </TextEquiv>
            </TextLine>
            <TextLine id="region_1734267185183_232_tl_26" custom="readingOrder {index:25;} abbrev {offset:4; length:2;expansion:geſt;}">
                <Coords points="1169,1905 2050,1932 2047,1843 1954,1871 1168,1848"/>
                <Baseline points="1176,1886 1220,1889 1265,1886 1310,1889 1355,1889 1399,1892 1444,1892 1489,1892 1534,1892 1579,1895 1623,1895 1668,1898 1713,1898 1758,1898 1802,1898 1847,1901 1892,1901 1937,1898 1981,1901 2026,1904 2050,1904"/>
                <TextEquiv>
                    <Unicode>wal ḡt Iozue · wſſeczku zemi na horach</Unicode>
                </TextEquiv>
            </TextLine>
            <TextLine id="region_1734267185183_232_tl_27" custom="readingOrder {index:26;}">
                <Coords points="1181,1975 2040,1975 2017,1915 1181,1909"/>
                <Baseline points="1187,1949 1232,1952 1277,1952 1322,1955 1367,1955 1411,1955 1456,1955 1501,1958 1546,1958 1590,1958 1635,1958 1680,1961 1725,1961 1770,1961 1814,1961 1859,1958 1904,1958 1949,1964 1993,1964 2038,1961 2041,1961"/>
                <TextEquiv>
                    <Unicode>y ku poledni · a na rowninach · y Aſe¬</Unicode>
                </TextEquiv>
            </TextLine>
            <TextLine id="region_1734267185183_232_tl_28" custom="readingOrder {index:27;}">
                <Coords points="1173,2022 2005,2050 2044,2046 2043,1981 1172,1973"/>
                <Baseline points="1179,2014 1223,2014 1268,2014 1313,2014 1358,2017 1402,2017 1447,2017 1492,2020 1537,2020 1582,2020 1626,2020 1671,2020 1716,2020 1761,2020 1805,2020 1850,2020 1895,2023 1940,2026 1984,2026 2029,2023 2047,2023"/>
                <TextEquiv>
                    <Unicode>dech s krali gich · nenechal w nich nicże¬</Unicode>
                </TextEquiv>
            </TextLine>
            <TextLine id="region_1734267185183_232_tl_29" custom="readingOrder {index:28;}">
                <Coords points="1152,2094 1988,2116 2038,2090 2038,2043 1976,2036 1152,2026"/>
                <Baseline points="1158,2074 1202,2077 1247,2077 1292,2077 1337,2080 1382,2080 1426,2080 1471,2080 1516,2083 1561,2083 1605,2083 1650,2080 1695,2083 1740,2083 1784,2083 1829,2083 1874,2086 1919,2083 1964,2086 2008,2089 2041,2086"/>
                <TextEquiv>
                    <Unicode>hehoż · ale wſſeczkno czoż mohlo dycha¬</Unicode>
                </TextEquiv>
            </TextLine>
            <TextLine id="region_1734267185183_232_tl_30" custom="readingOrder {index:29;}">
                <Coords points="1162,2148 1932,2181 2044,2170 2043,2103 1982,2126 1936,2098 1160,2096"/>
                <Baseline points="1167,2137 1211,2137 1256,2140 1301,2140 1346,2140 1390,2140 1435,2143 1480,2143 1525,2146 1570,2146 1614,2143 1659,2146 1704,2146 1749,2146 1793,2146 1838,2146 1883,2149 1928,2149 1973,2149 2017,2152 2047,2152"/>
                <TextEquiv>
                    <Unicode>ti zmordowal · iakoż mu przykazal pan</Unicode>
                </TextEquiv>
            </TextLine>
            <TextLine id="region_1734267185183_232_tl_31" custom="readingOrder {index:30;}">
                <Coords points="1158,2211 1811,2213 1975,2248 2050,2225 2049,2167 2013,2161 1978,2185 1626,2154 1565,2181 1508,2145 1158,2151"/>
                <Baseline points="1164,2202 1208,2202 1253,2202 1298,2202 1343,2202 1387,2205 1432,2205 1477,2205 1522,2205 1567,2208 1611,2208 1656,2208 1701,2208 1746,2208 1790,2208 1835,2211 1880,2208 1925,2211 1970,2211 2014,2214 2050,2214"/>
                <TextEquiv>
                    <Unicode>buoh Izrahelſky · od kades barne · aż do</Unicode>
                </TextEquiv>
            </TextLine>
            <TextLine id="region_1734267185183_232_tl_32" custom="readingOrder {index:31;}">
                <Coords points="1164,2291 1907,2277 2038,2303 2027,2223 1955,2249 1811,2213 1164,2222"/>
                <Baseline points="1170,2268 1214,2265 1259,2265 1304,2265 1349,2265 1393,2265 1438,2265 1483,2265 1528,2268 1573,2268 1617,2268 1662,2268 1707,2271 1752,2268 1796,2268 1841,2271 1886,2271 1931,2271 1976,2274 2020,2274 2041,2274"/>
                <TextEquiv>
                    <Unicode>gazan · a wſſeczknu zemi geſſen · aż do</Unicode>
                </TextEquiv>
            </TextLine>
            <TextLine id="region_1734267185183_232_tl_33" custom="readingOrder {index:32;}">
                <Coords points="1164,2358 1236,2334 1486,2362 2038,2340 2038,2303 1987,2284 1164,2291"/>
                <Baseline points="1170,2331 1214,2328 1259,2328 1304,2328 1349,2328 1393,2328 1438,2331 1483,2331 1528,2334 1573,2331 1617,2334 1662,2334 1707,2334 1752,2334 1796,2334 1841,2334 1886,2334 1931,2334 1976,2337 2020,2337 2041,2337"/>
                <TextEquiv>
                    <Unicode>gabaon wſſeczkny krale y zemie gich ·</Unicode>
                </TextEquiv>
            </TextLine>
            <TextLine id="region_1734267185183_232_tl_34" custom="readingOrder {index:33;}">
                <Coords points="1167,2414 2044,2411 2034,2345 1167,2354"/>
                <Baseline points="1173,2390 1217,2390 1262,2390 1307,2390 1352,2390 1396,2390 1441,2393 1486,2390 1531,2393 1576,2393 1620,2393 1665,2390 1710,2390 1755,2393 1799,2393 1844,2396 1889,2396 1934,2399 1978,2399 2023,2393 2047,2399"/>
                <TextEquiv>
                    <Unicode>gednim wytażenim zdobywal · a zkazyl</Unicode>
                </TextEquiv>
            </TextLine>
            <TextLine id="region_1734267185183_232_tl_35" custom="readingOrder {index:34;}">
                <Coords points="1164,2480 1305,2454 1480,2484 1578,2459 2050,2481 2050,2406 2001,2431 1300,2396 1164,2424"/>
                <Baseline points="1170,2453 1214,2456 1259,2453 1304,2450 1349,2450 1393,2450 1438,2453 1483,2453 1528,2456 1573,2453 1617,2453 1662,2456 1707,2456 1752,2456 1796,2456 1841,2456 1886,2459 1931,2459 1976,2462 2020,2462 2053,2465"/>
                <TextEquiv>
                    <Unicode>pan buoh zagiſte Yzrahelſky boyowal</Unicode>
                </TextEquiv>
            </TextLine>
            <TextLine id="region_1734267185183_232_tl_36" custom="readingOrder {index:35;}">
                <Coords points="1164,2535 2049,2541 2049,2481 1982,2468 1905,2494 1852,2463 1825,2487 1406,2458 1164,2480"/>
                <Baseline points="1170,2516 1214,2516 1259,2513 1304,2513 1349,2510 1393,2513 1438,2513 1483,2516 1528,2516 1573,2519 1617,2519 1662,2516 1707,2519 1752,2519 1796,2516 1841,2519 1886,2522 1931,2519 1976,2525 2020,2528 2050,2522"/>
                <TextEquiv>
                    <Unicode>za nieho · Y nawratil ſe zaſe ſe wſſijm</Unicode>
                </TextEquiv>
            </TextLine>
            <TextLine id="region_1734267185183_232_tl_37" custom="readingOrder {index:36;}">
                <Coords points="1158,2586 2049,2601 2036,2537 1157,2528"/>
                <Baseline points="1164,2578 1208,2578 1253,2578 1298,2578 1343,2575 1387,2578 1432,2581 1477,2578 1522,2578 1567,2581 1611,2578 1656,2578 1701,2578 1746,2581 1790,2581 1835,2581 1880,2584 1925,2584 1970,2587 2014,2587 2050,2590"/>
                <TextEquiv>
                    <Unicode>lidem Izrahelſkym · do ſtanow na mie¬</Unicode>
                </TextEquiv>
            </TextLine>
            <TextLine id="region_1734267185183_232_tl_38" custom="readingOrder {index:37;}">
                <Coords points="1169,2660 1241,2641 1275,2652 1361,2643 1386,2660 1412,2655 1426,2665 1462,2645 1477,2650 1477,2615 1418,2587 1368,2604 1306,2582 1260,2581 1243,2597 1169,2588"/>
                <Baseline points="1176,2644 1211,2638 1256,2641 1301,2641 1346,2638 1390,2641 1435,2641 1480,2638"/>
                <TextEquiv>
                    <Unicode>ſto Galgala ·</Unicode>
                </TextEquiv>
            </TextLine>
            <TextLine id="region_1734267185183_232_tl_39" custom="readingOrder {index:38;}">
                <Coords points="1620,2657 1675,2647 1718,2669 1848,2643 1934,2666 1990,2654 1989,2616 1966,2604 1894,2598 1875,2613 1754,2592 1708,2611 1680,2592 1619,2588"/>
                <Baseline points="1626,2638 1671,2641 1716,2641 1761,2644 1805,2641 1850,2641 1895,2641 1940,2650 1984,2644 1993,2644"/>
                <TextEquiv>
                    <Unicode>Capitola · XI·</Unicode>
                </TextEquiv>
            </TextLine>
            <TextLine id="line_1734273417944_365" custom="readingOrder {index:39;} unclear {offset:0; length:2;}">
                <Coords points="1155,2718 1193,2717 1194,2767 1156,2768"/>
                <Baseline points="1156,2763 1194,2762"/>
                <TextEquiv>
                    <Unicode>k¬</Unicode>
                </TextEquiv>
            </TextLine>
            <TextLine id="region_1734267185183_232_tl_40" custom="readingOrder {index:40;}">
                <Coords points="1296,2703 1738,2736 1773,2712 1874,2735 1969,2709 1998,2735 2038,2722 2037,2643 1716,2670 1676,2648 1643,2671 1583,2637 1427,2665 1295,2646"/>
                <Baseline points="1301,2692 1346,2701 1390,2704 1435,2704 1480,2701 1525,2704 1570,2704 1614,2704 1659,2701 1704,2698 1749,2698 1793,2704 1838,2707 1883,2707 1928,2710 1973,2707 2017,2713 2041,2713"/>
                <TextEquiv>
                    <Unicode>Tereżto wiecy kdyż vſlyſſal Ia¬</Unicode>
                </TextEquiv>
            </TextLine>
            <TextLine id="region_1734267185183_232_tl_41" custom="readingOrder {index:41;}">
                <Coords points="1319,2774 2044,2796 2043,2726 2019,2720 1773,2711 1664,2736 1556,2706 1477,2731 1319,2713"/>
                <Baseline points="1325,2764 1370,2767 1414,2764 1459,2767 1504,2767 1549,2767 1593,2767 1638,2767 1683,2764 1728,2767 1773,2767 1817,2769 1862,2767 1907,2772 1952,2772 1996,2775 2041,2775 2047,2775"/>
                <TextEquiv>
                    <Unicode>bin · kral Azor · poſlal k Iobab</Unicode>
                </TextEquiv>
            </TextLine>
            <TextLine id="line_1734273494693_379" custom="readingOrder {index:42;}">
                <Coords points="1316,2776 1368,2794 1872,2776 2041,2795 2041,2850 1313,2836"/>
                <Baseline points="1313,2827 1334,2826 1379,2829 1423,2829 1468,2829 1513,2829 1558,2829 1602,2829 1647,2829 1692,2829 1737,2832 1781,2832 1826,2832 1871,2835 1916,2835 1961,2835 2005,2835 2044,2835"/>
                <TextEquiv>
                    <Unicode>krali madan · a k krali Semeron</Unicode>
                </TextEquiv>
            </TextLine>
            <TextLine id="region_1734267185183_232_tl_43" custom="readingOrder {index:43;}">
                <Coords points="1149,2904 2035,2922 2035,2858 1955,2845 1245,2833 1149,2864"/>
                <Baseline points="1155,2889 1199,2892 1244,2889 1289,2889 1334,2889 1379,2889 1423,2892 1468,2892 1513,2889 1558,2889 1602,2889 1647,2892 1692,2892 1737,2892 1781,2895 1826,2895 1871,2898 1916,2898 1961,2895 2005,2895 2038,2892"/>
                <TextEquiv>
                    <Unicode>a k krali Aczaf · y k kralom kterziż byd¬</Unicode>
                </TextEquiv>
            </TextLine>
            <TextLine id="region_1734267185183_232_tl_44" custom="readingOrder {index:44;}">
                <Coords points="1155,2969 2032,2979 2032,2922 1953,2913 1155,2905"/>
                <Baseline points="1161,2952 1205,2952 1250,2955 1295,2955 1340,2952 1384,2955 1429,2952 1474,2955 1519,2952 1564,2955 1608,2955 1653,2955 1698,2955 1743,2958 1787,2958 1832,2958 1877,2958 1922,2961 1967,2958 2011,2955 2035,2952"/>
                <TextEquiv>
                    <Unicode>leli na horach k ſtranie puolnocżnie · y</Unicode>
                </TextEquiv>
            </TextLine>
            <TextLine id="region_1734267185183_232_tl_45" custom="readingOrder {index:45;}">
                <Coords points="1152,3033 1795,3025 1871,3050 2031,3033 2037,2979 1150,2969"/>
                <Baseline points="1158,3014 1202,3014 1247,3014 1292,3011 1337,3014 1382,3014 1426,3017 1471,3017 1516,3017 1561,3017 1605,3017 1650,3014 1695,3014 1740,3014 1784,3020 1829,3023 1874,3020 1919,3023 1964,3020 2008,3020 2041,3017"/>
                <TextEquiv>
                    <Unicode>na rowninach Leneroth · proti poledni</Unicode>
                </TextEquiv>
            </TextLine>
            <TextLine id="region_1734267185183_232_tl_46" custom="readingOrder {index:46;}">
                <Coords points="1155,3088 2040,3096 2040,3033 2014,3031 1155,3040"/>
                <Baseline points="1161,3077 1205,3074 1250,3074 1295,3077 1340,3077 1384,3077 1429,3077 1474,3077 1519,3080 1564,3080 1608,3080 1653,3077 1698,3080 1743,3080 1787,3083 1832,3083 1877,3083 1922,3083 1967,3083 2011,3086 2041,3086"/>
                <TextEquiv>
                    <Unicode>w polijch take y w kraginach dor podle</Unicode>
                </TextEquiv>
            </TextLine>
            <TextLine id="region_1734267185183_232_tl_47" custom="readingOrder {index:47;}">
                <Coords points="1146,3155 2026,3164 2025,3102 1145,3098"/>
                <Baseline points="1152,3137 1196,3140 1241,3140 1286,3137 1331,3137 1376,3143 1420,3143 1465,3143 1510,3143 1555,3140 1599,3140 1644,3143 1689,3143 1734,3143 1779,3143 1823,3143 1868,3143 1913,3146 1958,3143 2002,3146 2029,3143"/>
                <TextEquiv>
                    <Unicode>morze y k kananeyſkemu ot wychodu</Unicode>
                </TextEquiv>
            </TextLine>
            <TextLine id="region_1734267185183_232_tl_48" custom="readingOrder {index:48;}">
                <Coords points="1155,3222 2035,3233 2035,3163 1155,3152"/>
                <Baseline points="1161,3202 1205,3202 1250,3202 1295,3202 1340,3202 1384,3202 1429,3202 1474,3205 1519,3202 1564,3202 1608,3202 1653,3202 1698,3202 1743,3202 1787,3205 1832,3202 1877,3205 1922,3205 1967,3205 2011,3205 2038,3205"/>
                <TextEquiv>
                    <Unicode>ſluncze y zapadu · y k Amoreyſkemu y</Unicode>
                </TextEquiv>
            </TextLine>
            <TextLine id="region_1734267185183_232_tl_49" custom="readingOrder {index:49;}">
                <Coords points="1146,3294 2023,3303 2032,3231 1145,3227"/>
                <Baseline points="1152,3265 1196,3265 1241,3265 1286,3262 1331,3268 1376,3268 1420,3268 1465,3268 1510,3268 1555,3268 1599,3268 1644,3268 1689,3268 1734,3268 1779,3268 1823,3268 1868,3268 1913,3271 1958,3271 2002,3271 2035,3265"/>
                <TextEquiv>
                    <Unicode>Eteyſkemu y Ferezeyſkemu y Gebu¬</Unicode>
                </TextEquiv>
            </TextLine>
            <TextEquiv>
                <Unicode>zmordowal mecżem wſſeliky żiwocżich
Iakoż byl vcżinil Mieſtu lebna Toho
cżaſu · przitahl Y ram · kral gazer · aby
retowal lachys · kterehoż porazyl Iozue
ſe wſſijm lidem geho aż do zhynuti: A
odtud z lachis tahl geſt do Eglon · a wo¬
behnaw Mieſto dobyl ho a zmordowal
w ten den wſſeczkny lidi · y howada · kte¬
raż byla w niē · wedle toho wſſeho iakoż
vcżinil lachys · A odtud z Eglon tahl
ḡt ſe wſſijm lidem Izrahelſkym do E¬
bron · a dobyl geho · a zmordowal me¬
cżem wſſeczky lidi · y howada w niem ·
nezoſtawil w niem żadnych oſtatkow y
we wſſech mieſtecżkach · kraginy te kra¬
le take gich zamordowal · yakož vcżinil
Mieſtu Eglon · tak y Ebron · wſſeckno¬
czoż w niem nalezl · mecżem zhubil · Od¬
tud nawratiw ſe do dabir · dobyl ho a
zkazyl · a zamordowal krale geho · Y
wſſeczkny lidi w mieſtecżkach geho w o¬
koli mecżem zmordowal · nezuoſtawil
w niē nicżehehoż · yakoż vcżinil Ebron ·
a lebna · y kralom gich · tak vcżinil Mie¬
ſtu dabir · y krali geho · A tak zdoby¬
wal ḡt Iozue · wſſeczku zemi na horach
y ku poledni · a na rowninach · y Aſe¬
dech s krali gich · nenechal w nich nicże¬
hehoż · ale wſſeczkno czoż mohlo dycha¬
ti zmordowal · iakoż mu przykazal pan
buoh Izrahelſky · od kades barne · aż do
gazan · a wſſeczknu zemi geſſen · aż do
gabaon wſſeczkny krale y zemie gich ·
gednim wytażenim zdobywal · a zkazyl
pan buoh zagiſte Yzrahelſky boyowal
za nieho · Y nawratil ſe zaſe ſe wſſijm
lidem Izrahelſkym · do ſtanow na mie¬
ſto Galgala ·
Capitola · XI·
k¬
Tereżto wiecy kdyż vſlyſſal Ia¬
bin · kral Azor · poſlal k Iobab
krali madan · a k krali Semeron
a k krali Aczaf · y k kralom kterziż byd¬
leli na horach k ſtranie puolnocżnie · y
na rowninach Leneroth · proti poledni
w polijch take y w kraginach dor podle
morze y k kananeyſkemu ot wychodu
ſluncze y zapadu · y k Amoreyſkemu y
Eteyſkemu y Ferezeyſkemu y Gebu¬</Unicode>
            </TextEquiv>
        </TextRegion>
    </Page>
</PcGts>
